village_id,component,z_value
3401010001,industri_mikro,-0.8803323444948032
3401010001,kelompok_pertokoan,-0.271913469439383
3401010001,minimarket,0.1410519702989919
3401010001,pasar_permanen,-0.7314875991867019
3401010001,pasar_semi_permanen,1.021321461378604
3401010001,restoran,-0.4864043268051572
3401010001,sentra_industri,-0.7105928641998783
3401010001,toko_kelontong,-0.7944431982677479
3401010001,warung_makan,-0.0292545428641519
3401010002,industri_mikro,-0.9004408472203856
3401010002,kelompok_pertokoan,-0.271913469439383
3401010002,minimarket,0.1410519702989919
3401010002,pasar_permanen,-0.7314875991867019
3401010002,pasar_semi_permanen,-0.6354889093022426
3401010002,restoran,-0.4864043268051572
3401010002,sentra_industri,-0.7105928641998783
3401010002,toko_kelontong,-0.902528842998973
3401010002,warung_makan,-0.26812119645001
3401010003,industri_mikro,-0.8401153390436384
3401010003,kelompok_pertokoan,-0.8182350273038316
3401010003,minimarket,-0.6826915362471208
3401010003,pasar_permanen,-0.7314875991867019
3401010003,pasar_semi_permanen,-0.6354889093022426
3401010003,restoran,-0.1491208705546086
3401010003,sentra_industri,-0.7105928641998783
3401010003,toko_kelontong,-0.7824336821865007
3401010003,warung_makan,-0.4046164270705004
3401010004,industri_mikro,-1.011037612211089
3401010004,kelompok_pertokoan,-0.271913469439383
3401010004,minimarket,-0.1335291985497123
3401010004,pasar_permanen,0.8704702430321755
3401010004,pasar_semi_permanen,1.021321461378604
3401010004,restoran,-0.4864043268051572
3401010004,sentra_industri,-0.7105928641998783
3401010004,toko_kelontong,-0.854490778673984
3401010004,warung_makan,1.130954917410016
3401010005,industri_mikro,-0.9909291094855064
3401010005,kelompok_pertokoan,-0.271913469439383
3401010005,minimarket,-0.957272705095825
3401010005,pasar_permanen,-0.7314875991867019
3401010005,pasar_semi_permanen,-0.6354889093022426
3401010005,restoran,-0.4864043268051572
3401010005,sentra_industri,-0.7105928641998783
3401010005,toko_kelontong,-0.902528842998973
3401010005,warung_makan,-0.79704021510441
3401010006,industri_mikro,-0.8401153390436384
3401010006,kelompok_pertokoan,-0.8182350273038316
3401010006,minimarket,-0.957272705095825
3401010006,pasar_permanen,-0.7314875991867019
3401010006,pasar_semi_permanen,-0.6354889093022426
3401010006,restoran,-0.6550460549304316
3401010006,sentra_industri,-0.7105928641998783
3401010006,toko_kelontong,-0.7704241661052534
3401010006,warung_makan,-0.7629164074492875
3401010007,industri_mikro,-0.9406578526715504
3401010007,kelompok_pertokoan,-0.8182350273038316
3401010007,minimarket,-0.4081103673984165
3401010007,pasar_permanen,-0.7314875991867019
3401010007,pasar_semi_permanen,-0.6354889093022426
3401010007,restoran,-0.4864043268051572
3401010007,sentra_industri,-0.7105928641998783
3401010007,toko_kelontong,-0.9865954555677036
3401010007,warung_makan,-0.7629164074492875
3401010008,industri_mikro,-1.011037612211089
3401010008,kelompok_pertokoan,-0.8182350273038316
3401010008,minimarket,-0.957272705095825
3401010008,pasar_permanen,-0.7314875991867019
3401010008,pasar_semi_permanen,-0.6354889093022426
3401010008,restoran,-0.6550460549304316
3401010008,sentra_industri,-0.7105928641998783
3401010008,toko_kelontong,-0.902528842998973
3401010008,warung_makan,-0.7629164074492875
3401010009,industri_mikro,-0.9306036013087592
3401010009,kelompok_pertokoan,0.2744080884250655
3401010009,minimarket,-0.6826915362471208
3401010009,pasar_permanen,-0.7314875991867019
3401010009,pasar_semi_permanen,1.021321461378604
3401010009,restoran,-0.6550460549304316
3401010009,sentra_industri,-0.7105928641998783
3401010009,toko_kelontong,-0.6743480374552755
3401010009,warung_makan,-0.6093592730012358
3401010010,industri_mikro,-0.970820606759924
3401010010,kelompok_pertokoan,-0.271913469439383
3401010010,minimarket,-0.957272705095825
3401010010,pasar_permanen,-0.7314875991867019
3401010010,pasar_semi_permanen,-0.6354889093022426
3401010010,restoran,-0.4864043268051572
3401010010,sentra_industri,-0.7105928641998783
3401010010,toko_kelontong,-0.854490778673984
3401010010,warung_makan,-0.6434830806563585
3401010011,industri_mikro,-0.9406578526715504
3401010011,kelompok_pertokoan,-0.8182350273038316
3401010011,minimarket,-0.6826915362471208
3401010011,pasar_permanen,-0.7314875991867019
3401010011,pasar_semi_permanen,-0.6354889093022426
3401010011,restoran,-0.4864043268051572
3401010011,sentra_industri,-0.7105928641998783
3401010011,toko_kelontong,-0.8665002947552313
3401010011,warung_makan,-0.7117306959666037
3401010012,industri_mikro,-0.9104950985831768
3401010012,kelompok_pertokoan,0.2744080884250655
3401010012,minimarket,-0.1335291985497123
3401010012,pasar_permanen,-0.7314875991867019
3401010012,pasar_semi_permanen,2.6781318320594507
3401010012,restoran,0.0195208575706656
3401010012,sentra_industri,-0.7105928641998783
3401010012,toko_kelontong,-0.7223861017802644
3401010012,warung_makan,0.0560549762736545
3401010013,industri_mikro,-0.8803323444948032
3401010013,kelompok_pertokoan,0.2744080884250655
3401010013,minimarket,-0.6826915362471208
3401010013,pasar_permanen,-0.7314875991867019
3401010013,pasar_semi_permanen,-0.6354889093022426
3401010013,restoran,-0.4864043268051572
3401010013,sentra_industri,-0.7105928641998783
3401010013,toko_kelontong,-0.7343956178615118
3401010013,warung_makan,-0.1145640620019584
3401010014,industri_mikro,-0.9607663553971328
3401010014,kelompok_pertokoan,-0.8182350273038316
3401010014,minimarket,0.1410519702989919
3401010014,pasar_permanen,-0.7314875991867019
3401010014,pasar_semi_permanen,-0.6354889093022426
3401010014,restoran,-0.6550460549304316
3401010014,sentra_industri,-0.7105928641998783
3401010014,toko_kelontong,-0.9745859394864564
3401010014,warung_makan,-0.7799783112768488
3401010015,industri_mikro,-1.1015258744762095
3401010015,kelompok_pertokoan,-0.8182350273038316
3401010015,minimarket,-0.6826915362471208
3401010015,pasar_permanen,-0.7314875991867019
3401010015,pasar_semi_permanen,-0.6354889093022426
3401010015,restoran,-0.6550460549304316
3401010015,sentra_industri,-0.7105928641998783
3401010015,toko_kelontong,-1.0226240038114454
3401010015,warung_makan,-0.8311640227595327
3401020001,industri_mikro,-0.7295185740529353
3401020001,kelompok_pertokoan,-0.8182350273038316
3401020001,minimarket,-0.957272705095825
3401020001,pasar_permanen,-0.7314875991867019
3401020001,pasar_semi_permanen,-0.6354889093022426
3401020001,restoran,-0.4864043268051572
3401020001,sentra_industri,-0.7105928641998783
3401020001,toko_kelontong,-0.69836706961777
3401020001,warung_makan,-0.5752354653461133
3401020002,industri_mikro,-0.9507121040343416
3401020002,kelompok_pertokoan,-0.8182350273038316
3401020002,minimarket,-0.1335291985497123
3401020002,pasar_permanen,-0.7314875991867019
3401020002,pasar_semi_permanen,-0.6354889093022426
3401020002,restoran,0.0195208575706656
3401020002,sentra_industri,-0.7105928641998783
3401020002,toko_kelontong,-0.7944431982677479
3401020002,warung_makan,-0.7629164074492875
3401020003,industri_mikro,-0.9104950985831768
3401020003,kelompok_pertokoan,-0.8182350273038316
3401020003,minimarket,-0.6826915362471208
3401020003,pasar_permanen,-0.7314875991867019
3401020003,pasar_semi_permanen,-0.6354889093022426
3401020003,restoran,-0.6550460549304316
3401020003,sentra_industri,-0.7105928641998783
3401020003,toko_kelontong,-0.7584146500240062
3401020003,warung_makan,-0.7629164074492875
3401020004,industri_mikro,-0.6490845631506057
3401020004,kelompok_pertokoan,-0.8182350273038316
3401020004,minimarket,-0.4081103673984165
3401020004,pasar_permanen,-0.7314875991867019
3401020004,pasar_semi_permanen,-0.6354889093022426
3401020004,restoran,-0.4864043268051572
3401020004,sentra_industri,-0.7105928641998783
3401020004,toko_kelontong,-0.7223861017802644
3401020004,warung_makan,-0.4558021385531842
3401020005,industri_mikro,-1.011037612211089
3401020005,kelompok_pertokoan,-0.8182350273038316
3401020005,minimarket,0.4156331391476961
3401020005,pasar_permanen,-0.7314875991867019
3401020005,pasar_semi_permanen,-0.6354889093022426
3401020005,restoran,0.0195208575706656
3401020005,sentra_industri,-0.7105928641998783
3401020005,toko_kelontong,0.1302895399882891
3401020005,warung_makan,-0.4558021385531842
3401020006,industri_mikro,-0.6189218090622322
3401020006,kelompok_pertokoan,1.3670512041539626
3401020006,minimarket,0.6902143079964004
3401020006,pasar_permanen,0.8704702430321755
3401020006,pasar_semi_permanen,1.021321461378604
3401020006,restoran,-0.317762598679883
3401020006,sentra_industri,1.3303230342889525
3401020006,toko_kelontong,0.9589461495943484
3401020006,warung_makan,-0.1657497734846423
3401020007,industri_mikro,-0.3374027709040786
3401020007,kelompok_pertokoan,-0.271913469439383
3401020007,minimarket,-0.1335291985497123
3401020007,pasar_permanen,-0.7314875991867019
3401020007,pasar_semi_permanen,-0.6354889093022426
3401020007,restoran,1.0313712263223114
3401020007,sentra_industri,-0.7105928641998783
3401020007,toko_kelontong,-0.0618627173116665
3401020007,warung_makan,-0.3534307155878165
3401020008,industri_mikro,0.3663948244913051
3401020008,kelompok_pertokoan,2.45969431988286
3401020008,minimarket,2.61228248993733
3401020008,pasar_permanen,0.8704702430321755
3401020008,pasar_semi_permanen,2.6781318320594507
3401020008,restoran,2.911726494919116
3401020008,sentra_industri,0.309865085044537
3401020008,toko_kelontong,2.813215432538921
3401020008,warung_makan,2.820083396338584
3401030001,industri_mikro,-0.6893015686017705
3401030001,kelompok_pertokoan,-0.8182350273038316
3401030001,minimarket,0.1410519702989919
3401030001,pasar_permanen,-0.7314875991867019
3401030001,pasar_semi_permanen,-0.6354889093022426
3401030001,restoran,-0.6550460549304316
3401030001,sentra_industri,-0.7105928641998783
3401030001,toko_kelontong,-0.8064527143489951
3401030001,warung_makan,-0.6434830806563585
3401030002,industri_mikro,-0.8099525849552649
3401030002,kelompok_pertokoan,-0.8182350273038316
3401030002,minimarket,0.1410519702989919
3401030002,pasar_permanen,-0.7314875991867019
3401030002,pasar_semi_permanen,1.021321461378604
3401030002,restoran,-0.6550460549304316
3401030002,sentra_industri,0.309865085044537
3401030002,toko_kelontong,-0.746405133942759
3401030002,warung_makan,-0.4728640423807455
3401030003,industri_mikro,-0.7496270767785177
3401030003,kelompok_pertokoan,-0.8182350273038316
3401030003,minimarket,-0.6826915362471208
3401030003,pasar_permanen,-0.7314875991867019
3401030003,pasar_semi_permanen,1.021321461378604
3401030003,restoran,-0.6550460549304316
3401030003,sentra_industri,0.309865085044537
3401030003,toko_kelontong,-0.7944431982677479
3401030003,warung_makan,-0.6776068883114811
3401030004,industri_mikro,-1.0009833608482976
3401030004,kelompok_pertokoan,-0.8182350273038316
3401030004,minimarket,-0.957272705095825
3401030004,pasar_permanen,-0.7314875991867019
3401030004,pasar_semi_permanen,-0.6354889093022426
3401030004,restoran,-0.6550460549304316
3401030004,sentra_industri,-0.7105928641998783
3401030004,toko_kelontong,-0.9745859394864564
3401030004,warung_makan,-0.8311640227595327
3401030005,industri_mikro,-0.4982707927087377
3401030005,kelompok_pertokoan,-0.8182350273038316
3401030005,minimarket,-0.1335291985497123
3401030005,pasar_permanen,-0.7314875991867019
3401030005,pasar_semi_permanen,-0.6354889093022426
3401030005,restoran,-0.6550460549304316
3401030005,sentra_industri,0.309865085044537
3401030005,toko_kelontong,-0.6623385213740283
3401030005,warung_makan,-0.6264211768287972
3401030006,industri_mikro,-0.357511273629661
3401030006,kelompok_pertokoan,-0.8182350273038316
3401030006,minimarket,-0.1335291985497123
3401030006,pasar_permanen,-0.7314875991867019
3401030006,pasar_semi_permanen,1.021321461378604
3401030006,restoran,-0.6550460549304316
3401030006,sentra_industri,-0.7105928641998783
3401030006,toko_kelontong,-0.5782719088052977
3401030006,warung_makan,-0.7287925997941649
3401030007,industri_mikro,-0.5988133063366498
3401030007,kelompok_pertokoan,-0.8182350273038316
3401030007,minimarket,-0.4081103673984165
3401030007,pasar_permanen,-0.7314875991867019
3401030007,pasar_semi_permanen,-0.6354889093022426
3401030007,restoran,-0.4864043268051572
3401030007,sentra_industri,-0.7105928641998783
3401030007,toko_kelontong,-0.8424812625927368
3401030007,warung_makan,-0.6093592730012358
3401030008,industri_mikro,-0.820006836318056
3401030008,kelompok_pertokoan,-0.8182350273038316
3401030008,minimarket,-0.957272705095825
3401030008,pasar_permanen,-0.7314875991867019
3401030008,pasar_semi_permanen,1.021321461378604
3401030008,restoran,-0.4864043268051572
3401030008,sentra_industri,-0.7105928641998783
3401030008,toko_kelontong,-0.8424812625927368
3401030008,warung_makan,-0.7458545036217262
3401030009,industri_mikro,-0.920549349945968
3401030009,kelompok_pertokoan,-0.8182350273038316
3401030009,minimarket,-0.4081103673984165
3401030009,pasar_permanen,-0.7314875991867019
3401030009,pasar_semi_permanen,1.021321461378604
3401030009,restoran,-0.6550460549304316
3401030009,sentra_industri,-0.7105928641998783
3401030009,toko_kelontong,-0.854490778673984
3401030009,warung_makan,-0.6605449844839197
3401030010,industri_mikro,-0.7094100713273529
3401030010,kelompok_pertokoan,-0.271913469439383
3401030010,minimarket,-0.957272705095825
3401030010,pasar_permanen,-0.7314875991867019
3401030010,pasar_semi_permanen,-0.6354889093022426
3401030010,restoran,-0.4864043268051572
3401030010,sentra_industri,-0.7105928641998783
3401030010,toko_kelontong,-0.7824336821865007
3401030010,warung_makan,-0.5752354653461133
3401030011,industri_mikro,-0.307240016815705
3401030011,kelompok_pertokoan,-0.8182350273038316
3401030011,minimarket,-0.1335291985497123
3401030011,pasar_permanen,-0.7314875991867019
3401030011,pasar_semi_permanen,1.021321461378604
3401030011,restoran,-0.4864043268051572
3401030011,sentra_industri,-0.7105928641998783
3401030011,toko_kelontong,-0.5662623927240504
3401030011,warung_makan,-0.558173561518552
3401040001,industri_mikro,-0.719464322690144
3401040001,kelompok_pertokoan,-0.8182350273038316
3401040001,minimarket,-0.6826915362471208
3401040001,pasar_permanen,-0.7314875991867019
3401040001,pasar_semi_permanen,-0.6354889093022426
3401040001,restoran,-0.4864043268051572
3401040001,sentra_industri,-0.7105928641998783
3401040001,toko_kelontong,-0.4581767479928253
3401040001,warung_makan,-0.5411116576909907
3401040002,industri_mikro,-0.4681080386203641
3401040002,kelompok_pertokoan,-0.8182350273038316
3401040002,minimarket,-0.957272705095825
3401040002,pasar_permanen,-0.7314875991867019
3401040002,pasar_semi_permanen,-0.6354889093022426
3401040002,restoran,-0.6550460549304316
3401040002,sentra_industri,-0.7105928641998783
3401040002,toko_kelontong,-0.5542528766428032
3401040002,warung_makan,-0.5752354653461133
3401040003,industri_mikro,-0.970820606759924
3401040003,kelompok_pertokoan,-0.271913469439383
3401040003,minimarket,-0.957272705095825
3401040003,pasar_permanen,-0.7314875991867019
3401040003,pasar_semi_permanen,1.021321461378604
3401040003,restoran,-0.317762598679883
3401040003,sentra_industri,-0.7105928641998783
3401040003,toko_kelontong,-0.5542528766428032
3401040003,warung_makan,-0.6093592730012358
3401040004,industri_mikro,-0.970820606759924
3401040004,kelompok_pertokoan,-0.8182350273038316
3401040004,minimarket,-0.957272705095825
3401040004,pasar_permanen,-0.7314875991867019
3401040004,pasar_semi_permanen,-0.6354889093022426
3401040004,restoran,-0.6550460549304316
3401040004,sentra_industri,-0.7105928641998783
3401040004,toko_kelontong,-0.7343956178615118
3401040004,warung_makan,-0.79704021510441
3401040005,industri_mikro,-0.4479995358947817
3401040005,kelompok_pertokoan,-0.271913469439383
3401040005,minimarket,1.239376645693809
3401040005,pasar_permanen,-0.7314875991867019
3401040005,pasar_semi_permanen,1.021321461378604
3401040005,restoran,0.0195208575706656
3401040005,sentra_industri,-0.7105928641998783
3401040005,toko_kelontong,-0.3500911032616002
3401040005,warung_makan,-0.4387402347256229
3401040006,industri_mikro,-1.02109186357388
3401040006,kelompok_pertokoan,-0.271913469439383
3401040006,minimarket,0.1410519702989919
3401040006,pasar_permanen,-0.7314875991867019
3401040006,pasar_semi_permanen,1.021321461378604
3401040006,restoran,-0.4864043268051572
3401040006,sentra_industri,-0.7105928641998783
3401040006,toko_kelontong,-0.854490778673984
3401040006,warung_makan,-0.6264211768287972
3401040007,industri_mikro,-0.7496270767785177
3401040007,kelompok_pertokoan,-0.271913469439383
3401040007,minimarket,-0.957272705095825
3401040007,pasar_permanen,-0.7314875991867019
3401040007,pasar_semi_permanen,-0.6354889093022426
3401040007,restoran,-0.6550460549304316
3401040007,sentra_industri,-0.7105928641998783
3401040007,toko_kelontong,-0.6863575535365227
3401040007,warung_makan,-0.26812119645001
3401050001,industri_mikro,-0.6189218090622322
3401050001,kelompok_pertokoan,-0.8182350273038316
3401050001,minimarket,-0.4081103673984165
3401050001,pasar_permanen,-0.7314875991867019
3401050001,pasar_semi_permanen,-0.6354889093022426
3401050001,restoran,-0.6550460549304316
3401050001,sentra_industri,-0.7105928641998783
3401050001,toko_kelontong,-0.7944431982677479
3401050001,warung_makan,-0.6605449844839197
3401050002,industri_mikro,-0.3374027709040786
3401050002,kelompok_pertokoan,-0.271913469439383
3401050002,minimarket,-0.4081103673984165
3401050002,pasar_permanen,-0.7314875991867019
3401050002,pasar_semi_permanen,2.6781318320594507
3401050002,restoran,-0.6550460549304316
3401050002,sentra_industri,0.309865085044537
3401050002,toko_kelontong,-0.0498532012304193
3401050002,warung_makan,0.0389930724460932
3401050003,industri_mikro,-0.5384877981599026
3401050003,kelompok_pertokoan,-0.8182350273038316
3401050003,minimarket,-0.4081103673984165
3401050003,pasar_permanen,-0.7314875991867019
3401050003,pasar_semi_permanen,-0.6354889093022426
3401050003,restoran,-0.4864043268051572
3401050003,sentra_industri,-0.7105928641998783
3401050003,toko_kelontong,-0.3380815871803529
3401050003,warung_makan,-0.3534307155878165
3401050004,industri_mikro,1.1204636767006448
3401050004,kelompok_pertokoan,-0.8182350273038316
3401050004,minimarket,-0.957272705095825
3401050004,pasar_permanen,-0.7314875991867019
3401050004,pasar_semi_permanen,-0.6354889093022426
3401050004,restoran,-0.4864043268051572
3401050004,sentra_industri,-0.7105928641998783
3401050004,toko_kelontong,-0.4461672319115781
3401050004,warung_makan,-0.4899259462083068
3401050005,industri_mikro,-0.156426246373837
3401050005,kelompok_pertokoan,-0.8182350273038316
3401050005,minimarket,-0.6826915362471208
3401050005,pasar_permanen,-0.7314875991867019
3401050005,pasar_semi_permanen,-0.6354889093022426
3401050005,restoran,-0.6550460549304316
3401050005,sentra_industri,0.309865085044537
3401050005,toko_kelontong,-0.650329005292781
3401050005,warung_makan,-0.4558021385531842
3401050006,industri_mikro,0.3764490758540963
3401050006,kelompok_pertokoan,-0.8182350273038316
3401050006,minimarket,-0.1335291985497123
3401050006,pasar_permanen,-0.7314875991867019
3401050006,pasar_semi_permanen,1.021321461378604
3401050006,restoran,-0.6550460549304316
3401050006,sentra_industri,0.309865085044537
3401050006,toko_kelontong,-0.3500911032616002
3401050006,warung_makan,-0.1828116773122035
3401060001,industri_mikro,-0.6792473172389792
3401060001,kelompok_pertokoan,-0.8182350273038316
3401060001,minimarket,-0.1335291985497123
3401060001,pasar_permanen,-0.7314875991867019
3401060001,pasar_semi_permanen,-0.6354889093022426
3401060001,restoran,-0.6550460549304316
3401060001,sentra_industri,-0.7105928641998783
3401060001,toko_kelontong,-0.9986049716489508
3401060001,warung_makan,-0.6264211768287972
3401060002,industri_mikro,-0.7998983335924736
3401060002,kelompok_pertokoan,-0.8182350273038316
3401060002,minimarket,-0.1335291985497123
3401060002,pasar_permanen,-0.7314875991867019
3401060002,pasar_semi_permanen,2.6781318320594507
3401060002,restoran,-0.6550460549304316
3401060002,sentra_industri,-0.7105928641998783
3401060002,toko_kelontong,-0.8905193269177257
3401060002,warung_makan,-0.5411116576909907
3401060003,industri_mikro,0.7384021249145795
3401060003,kelompok_pertokoan,-0.8182350273038316
3401060003,minimarket,-0.1335291985497123
3401060003,pasar_permanen,-0.7314875991867019
3401060003,pasar_semi_permanen,1.021321461378604
3401060003,restoran,-0.6550460549304316
3401060003,sentra_industri,0.309865085044537
3401060003,toko_kelontong,-0.7944431982677479
3401060003,warung_makan,-0.2169354849673261
3401060004,industri_mikro,-0.1262634922854634
3401060004,kelompok_pertokoan,-0.271913469439383
3401060004,minimarket,-0.1335291985497123
3401060004,pasar_permanen,0.8704702430321755
3401060004,pasar_semi_permanen,2.6781318320594507
3401060004,restoran,-0.6550460549304316
3401060004,sentra_industri,0.309865085044537
3401060004,toko_kelontong,-0.5662623927240504
3401060004,warung_makan,-0.0463164466917132
3401060005,industri_mikro,-0.7295185740529353
3401060005,kelompok_pertokoan,-0.8182350273038316
3401060005,minimarket,-0.1335291985497123
3401060005,pasar_permanen,-0.7314875991867019
3401060005,pasar_semi_permanen,-0.6354889093022426
3401060005,restoran,-0.317762598679883
3401060005,sentra_industri,0.309865085044537
3401060005,toko_kelontong,-0.3621006193428474
3401060005,warung_makan,-0.3875545232429391
3401060006,industri_mikro,-0.820006836318056
3401060006,kelompok_pertokoan,-0.271913469439383
3401060006,minimarket,-0.4081103673984165
3401060006,pasar_permanen,-0.7314875991867019
3401060006,pasar_semi_permanen,1.021321461378604
3401060006,restoran,-0.6550460549304316
3401060006,sentra_industri,-0.7105928641998783
3401060006,toko_kelontong,-0.6863575535365227
3401060006,warung_makan,-0.4899259462083068
3401060007,industri_mikro,-0.5183792954343202
3401060007,kelompok_pertokoan,-0.8182350273038316
3401060007,minimarket,1.239376645693809
3401060007,pasar_permanen,-0.7314875991867019
3401060007,pasar_semi_permanen,1.021321461378604
3401060007,restoran,-0.1491208705546086
3401060007,sentra_industri,-0.7105928641998783
3401060007,toko_kelontong,-0.1339198137991499
3401060007,warung_makan,-0.1145640620019584
3401060008,industri_mikro,-0.970820606759924
3401060008,kelompok_pertokoan,0.2744080884250655
3401060008,minimarket,-0.6826915362471208
3401060008,pasar_permanen,-0.7314875991867019
3401060008,pasar_semi_permanen,-0.6354889093022426
3401060008,restoran,-0.6550460549304316
3401060008,sentra_industri,0.309865085044537
3401060008,toko_kelontong,-0.7824336821865007
3401060008,warung_makan,-0.6264211768287972
3401070001,industri_mikro,-0.5183792954343202
3401070001,kelompok_pertokoan,-0.271913469439383
3401070001,minimarket,-0.1335291985497123
3401070001,pasar_permanen,-0.7314875991867019
3401070001,pasar_semi_permanen,1.021321461378604
3401070001,restoran,-0.317762598679883
3401070001,sentra_industri,0.309865085044537
3401070001,toko_kelontong,-0.3741101354240946
3401070001,warung_makan,-0.3363688117602552
3401070002,industri_mikro,0.5272628462959643
3401070002,kelompok_pertokoan,-0.8182350273038316
3401070002,minimarket,-0.4081103673984165
3401070002,pasar_permanen,-0.7314875991867019
3401070002,pasar_semi_permanen,-0.6354889093022426
3401070002,restoran,-0.317762598679883
3401070002,sentra_industri,1.3303230342889525
3401070002,toko_kelontong,0.0942609917445475
3401070002,warung_makan,-0.0463164466917132
3401070003,industri_mikro,-0.4781622899831553
3401070003,kelompok_pertokoan,-0.271913469439383
3401070003,minimarket,-0.4081103673984165
3401070003,pasar_permanen,-0.7314875991867019
3401070003,pasar_semi_permanen,1.021321461378604
3401070003,restoran,-0.317762598679883
3401070003,sentra_industri,-0.7105928641998783
3401070003,toko_kelontong,-0.6623385213740283
3401070003,warung_makan,-0.4558021385531842
3401070004,industri_mikro,-0.2670230113645402
3401070004,kelompok_pertokoan,0.8207296462895141
3401070004,minimarket,0.9647954768451046
3401070004,pasar_permanen,-0.7314875991867019
3401070004,pasar_semi_permanen,1.021321461378604
3401070004,restoran,0.1881625856959399
3401070004,sentra_industri,-0.7105928641998783
3401070004,toko_kelontong,-0.3140625550178585
3401070004,warung_makan,-0.1998735811397648
3401070005,industri_mikro,-0.156426246373837
3401070005,kelompok_pertokoan,1.3670512041539626
3401070005,minimarket,2.61228248993733
3401070005,pasar_permanen,-0.7314875991867019
3401070005,pasar_semi_permanen,1.021321461378604
3401070005,restoran,0.5254460419464885
3401070005,sentra_industri,-0.7105928641998783
3401070005,toko_kelontong,0.4185179259382228
3401070005,warung_makan,0.7555930332036674
3401070006,industri_mikro,1.1908434362401834
3401070006,kelompok_pertokoan,0.2744080884250655
3401070006,minimarket,0.1410519702989919
3401070006,pasar_permanen,-0.7314875991867019
3401070006,pasar_semi_permanen,2.6781318320594507
3401070006,restoran,-0.4864043268051572
3401070006,sentra_industri,1.3303230342889525
3401070006,toko_kelontong,-0.1579388459616444
3401070006,warung_makan,-0.0975021581743971
3401070007,industri_mikro,0.1753640485982724
3401070007,kelompok_pertokoan,-0.271913469439383
3401070007,minimarket,-0.4081103673984165
3401070007,pasar_permanen,-0.7314875991867019
3401070007,pasar_semi_permanen,-0.6354889093022426
3401070007,restoran,-0.6550460549304316
3401070007,sentra_industri,-0.7105928641998783
3401070007,toko_kelontong,-0.494205296236567
3401070007,warung_makan,-0.5411116576909907
3401080001,industri_mikro,1.9449122884495231
3401080001,kelompok_pertokoan,-0.271913469439383
3401080001,minimarket,-0.1335291985497123
3401080001,pasar_permanen,-0.7314875991867019
3401080001,pasar_semi_permanen,2.6781318320594507
3401080001,restoran,-0.4864043268051572
3401080001,sentra_industri,2.350780983533368
3401080001,toko_kelontong,-0.3741101354240946
3401080001,warung_makan,-0.3363688117602552
3401080002,industri_mikro,2.6215634051653702
3401080002,kelompok_pertokoan,-0.271913469439383
3401080002,minimarket,0.1410519702989919
3401080002,pasar_permanen,-0.7314875991867019
3401080002,pasar_semi_permanen,2.6781318320594507
3401080002,restoran,-0.6550460549304316
3401080002,sentra_industri,1.3303230342889525
3401080002,toko_kelontong,0.226365668638267
3401080002,warung_makan,-0.5922973691736746
3401080003,industri_mikro,2.6215634051653702
3401080003,kelompok_pertokoan,-0.8182350273038316
3401080003,minimarket,-0.4081103673984165
3401080003,pasar_permanen,-0.7314875991867019
3401080003,pasar_semi_permanen,1.021321461378604
3401080003,restoran,-0.4864043268051572
3401080003,sentra_industri,0.309865085044537
3401080003,toko_kelontong,0.070241959582053
3401080003,warung_makan,-0.3534307155878165
3401080004,industri_mikro,2.6215634051653702
3401080004,kelompok_pertokoan,-0.8182350273038316
3401080004,minimarket,-0.957272705095825
3401080004,pasar_permanen,-0.7314875991867019
3401080004,pasar_semi_permanen,1.021321461378604
3401080004,restoran,-0.6550460549304316
3401080004,sentra_industri,1.3303230342889525
3401080004,toko_kelontong,0.4545464741819645
3401080004,warung_makan,-0.7629164074492875
3401080005,industri_mikro,2.6215634051653702
3401080005,kelompok_pertokoan,-0.8182350273038316
3401080005,minimarket,-0.4081103673984165
3401080005,pasar_permanen,-0.7314875991867019
3401080005,pasar_semi_permanen,2.6781318320594507
3401080005,restoran,-0.6550460549304316
3401080005,sentra_industri,0.309865085044537
3401080005,toko_kelontong,-0.1819578781241389
3401080005,warung_makan,-0.6434830806563585
3401090001,industri_mikro,-0.5284335467971113
3401090001,kelompok_pertokoan,-0.8182350273038316
3401090001,minimarket,-0.4081103673984165
3401090001,pasar_permanen,-0.7314875991867019
3401090001,pasar_semi_permanen,2.6781318320594507
3401090001,restoran,-0.6550460549304316
3401090001,sentra_industri,-0.7105928641998783
3401090001,toko_kelontong,0.4065084098569756
3401090001,warung_makan,-0.6946687921390423
3401090002,industri_mikro,-0.4982707927087377
3401090002,kelompok_pertokoan,-0.8182350273038316
3401090002,minimarket,-0.6826915362471208
3401090002,pasar_permanen,-0.7314875991867019
3401090002,pasar_semi_permanen,1.021321461378604
3401090002,restoran,-0.317762598679883
3401090002,sentra_industri,-0.7105928641998783
3401090002,toko_kelontong,-0.290043522855364
3401090002,warung_makan,-0.5240497538634294
3401090003,industri_mikro,-0.0759922354715074
3401090003,kelompok_pertokoan,-0.8182350273038316
3401090003,minimarket,-0.6826915362471208
3401090003,pasar_permanen,-0.7314875991867019
3401090003,pasar_semi_permanen,-0.6354889093022426
3401090003,restoran,0.6940877700717627
3401090003,sentra_industri,-0.7105928641998783
3401090003,toko_kelontong,-0.7223861017802644
3401090003,warung_makan,-0.5922973691736746
3401090004,industri_mikro,-0.4580537872575729
3401090004,kelompok_pertokoan,-0.8182350273038316
3401090004,minimarket,-0.957272705095825
3401090004,pasar_permanen,-0.7314875991867019
3401090004,pasar_semi_permanen,-0.6354889093022426
3401090004,restoran,-0.6550460549304316
3401090004,sentra_industri,-0.7105928641998783
3401090004,toko_kelontong,-0.7704241661052534
3401090004,warung_makan,-0.6434830806563585
3401100001,industri_mikro,-0.3776197763552434
3401100001,kelompok_pertokoan,-0.8182350273038316
3401100001,minimarket,-0.4081103673984165
3401100001,pasar_permanen,-0.7314875991867019
3401100001,pasar_semi_permanen,1.021321461378604
3401100001,restoran,-0.6550460549304316
3401100001,sentra_industri,-0.7105928641998783
3401100001,toko_kelontong,-0.5662623927240504
3401100001,warung_makan,-0.6264211768287972
3401100002,industri_mikro,-0.0860464868342986
3401100002,kelompok_pertokoan,-0.8182350273038316
3401100002,minimarket,-0.4081103673984165
3401100002,pasar_permanen,-0.7314875991867019
3401100002,pasar_semi_permanen,2.6781318320594507
3401100002,restoran,-0.6550460549304316
3401100002,sentra_industri,1.3303230342889525
3401100002,toko_kelontong,-0.7343956178615118
3401100002,warung_makan,-0.4216783308980616
3401100003,industri_mikro,-0.156426246373837
3401100003,kelompok_pertokoan,-0.271913469439383
3401100003,minimarket,-0.1335291985497123
3401100003,pasar_permanen,-0.7314875991867019
3401100003,pasar_semi_permanen,1.021321461378604
3401100003,restoran,-0.317762598679883
3401100003,sentra_industri,-0.7105928641998783
3401100003,toko_kelontong,-0.854490778673984
3401100003,warung_makan,-0.6605449844839197
3401100004,industri_mikro,-0.3474570222668698
3401100004,kelompok_pertokoan,-0.8182350273038316
3401100004,minimarket,0.4156331391476961
3401100004,pasar_permanen,-0.7314875991867019
3401100004,pasar_semi_permanen,-0.6354889093022426
3401100004,restoran,0.0195208575706656
3401100004,sentra_industri,0.309865085044537
3401100004,toko_kelontong,-0.7103765856990172
3401100004,warung_makan,-0.4728640423807455
3401100005,industri_mikro,-0.0357752300203427
3401100005,kelompok_pertokoan,-0.271913469439383
3401100005,minimarket,0.1410519702989919
3401100005,pasar_permanen,-0.7314875991867019
3401100005,pasar_semi_permanen,1.021321461378604
3401100005,restoran,-0.317762598679883
3401100005,sentra_industri,-0.7105928641998783
3401100005,toko_kelontong,-0.0738722333929138
3401100005,warung_makan,-0.5922973691736746
3401100006,industri_mikro,-0.1162092409226722
3401100006,kelompok_pertokoan,-0.8182350273038316
3401100006,minimarket,-0.4081103673984165
3401100006,pasar_permanen,-0.7314875991867019
3401100006,pasar_semi_permanen,2.6781318320594507
3401100006,restoran,0.6940877700717627
3401100006,sentra_industri,0.309865085044537
3401100006,toko_kelontong,0.0101943791758168
3401100006,warung_makan,-0.2851831002775713
3401110001,industri_mikro,1.2913859498680953
3401110001,kelompok_pertokoan,0.8207296462895141
3401110001,minimarket,-0.1335291985497123
3401110001,pasar_permanen,-0.7314875991867019
3401110001,pasar_semi_permanen,2.6781318320594507
3401110001,restoran,0.6940877700717627
3401110001,sentra_industri,-0.7105928641998783
3401110001,toko_kelontong,1.3072221159505182
3401110001,warung_makan,1.8816786858227128
3401110002,industri_mikro,-0.4379452845319905
3401110002,kelompok_pertokoan,-0.271913469439383
3401110002,minimarket,-0.957272705095825
3401110002,pasar_permanen,-0.7314875991867019
3401110002,pasar_semi_permanen,2.6781318320594507
3401110002,restoran,-0.4864043268051572
3401110002,sentra_industri,-0.7105928641998783
3401110002,toko_kelontong,-0.2299959424491278
3401110002,warung_makan,-0.7629164074492875
3401110003,industri_mikro,0.3965575785796787
3401110003,kelompok_pertokoan,0.2744080884250655
3401110003,minimarket,-0.6826915362471208
3401110003,pasar_permanen,-0.7314875991867019
3401110003,pasar_semi_permanen,2.6781318320594507
3401110003,restoran,-0.1491208705546086
3401110003,sentra_industri,0.309865085044537
3401110003,toko_kelontong,-0.7704241661052534
3401110003,warung_makan,-0.5069878500358681
3401110004,industri_mikro,2.095726058891391
3401110004,kelompok_pertokoan,-0.271913469439383
3401110004,minimarket,0.1410519702989919
3401110004,pasar_permanen,0.8704702430321755
3401110004,pasar_semi_permanen,1.021321461378604
3401110004,restoran,0.1881625856959399
3401110004,sentra_industri,0.309865085044537
3401110004,toko_kelontong,0.070241959582053
3401110004,warung_makan,-0.4216783308980616
3401120001,industri_mikro,-0.870278093132012
3401120001,kelompok_pertokoan,-0.8182350273038316
3401120001,minimarket,-0.957272705095825
3401120001,pasar_permanen,-0.7314875991867019
3401120001,pasar_semi_permanen,-0.6354889093022426
3401120001,restoran,-0.6550460549304316
3401120001,sentra_industri,-0.7105928641998783
3401120001,toko_kelontong,-0.4821957801553198
3401120001,warung_makan,-0.8141021189319714
3401120002,industri_mikro,-0.0759922354715074
3401120002,kelompok_pertokoan,-0.8182350273038316
3401120002,minimarket,-0.4081103673984165
3401120002,pasar_permanen,-0.7314875991867019
3401120002,pasar_semi_permanen,2.6781318320594507
3401120002,restoran,-0.6550460549304316
3401120002,sentra_industri,-0.7105928641998783
3401120002,toko_kelontong,-0.650329005292781
3401120002,warung_makan,-0.7117306959666037
3401120003,industri_mikro,-0.820006836318056
3401120003,kelompok_pertokoan,-0.8182350273038316
3401120003,minimarket,-0.957272705095825
3401120003,pasar_permanen,-0.7314875991867019
3401120003,pasar_semi_permanen,-0.6354889093022426
3401120003,restoran,-0.4864043268051572
3401120003,sentra_industri,-0.7105928641998783
3401120003,toko_kelontong,-0.854490778673984
3401120003,warung_makan,-0.7458545036217262
3401120004,industri_mikro,-0.970820606759924
3401120004,kelompok_pertokoan,-0.8182350273038316
3401120004,minimarket,-0.957272705095825
3401120004,pasar_permanen,-0.7314875991867019
3401120004,pasar_semi_permanen,1.021321461378604
3401120004,restoran,-0.6550460549304316
3401120004,sentra_industri,-0.7105928641998783
3401120004,toko_kelontong,-0.8064527143489951
3401120004,warung_makan,-0.79704021510441
3401120005,industri_mikro,-0.7697355795041001
3401120005,kelompok_pertokoan,-0.271913469439383
3401120005,minimarket,0.1410519702989919
3401120005,pasar_permanen,-0.7314875991867019
3401120005,pasar_semi_permanen,1.021321461378604
3401120005,restoran,-0.6550460549304316
3401120005,sentra_industri,-0.7105928641998783
3401120005,toko_kelontong,-0.494205296236567
3401120005,warung_makan,-0.5922973691736746
3401120006,industri_mikro,0.104984289058734
3401120006,kelompok_pertokoan,-0.8182350273038316
3401120006,minimarket,-0.4081103673984165
3401120006,pasar_permanen,-0.7314875991867019
3401120006,pasar_semi_permanen,-0.6354889093022426
3401120006,restoran,-0.4864043268051572
3401120006,sentra_industri,-0.7105928641998783
3401120006,toko_kelontong,-0.5062148123178143
3401120006,warung_makan,-0.7117306959666037
3401120007,industri_mikro,0.2356895567750196
3401120007,kelompok_pertokoan,-0.8182350273038316
3401120007,minimarket,-0.6826915362471208
3401120007,pasar_permanen,-0.7314875991867019
3401120007,pasar_semi_permanen,1.021321461378604
3401120007,restoran,-0.4864043268051572
3401120007,sentra_industri,-0.7105928641998783
3401120007,toko_kelontong,-0.3741101354240946
3401120007,warung_makan,-0.5411116576909907
3402010001,industri_mikro,0.4870458408447995
3402010001,kelompok_pertokoan,-0.8182350273038316
3402010001,minimarket,-0.4081103673984165
3402010001,pasar_permanen,2.4724280852510527
3402010001,pasar_semi_permanen,-0.6354889093022426
3402010001,restoran,-0.6550460549304316
3402010001,sentra_industri,1.3303230342889525
3402010001,toko_kelontong,1.0670317943255736
3402010001,warung_makan,2.820083396338584
3402010002,industri_mikro,2.6215634051653702
3402010002,kelompok_pertokoan,-0.8182350273038316
3402010002,minimarket,1.513957814542513
3402010002,pasar_permanen,0.8704702430321755
3402010002,pasar_semi_permanen,-0.6354889093022426
3402010002,restoran,-0.6550460549304316
3402010002,sentra_industri,2.350780983533368
3402010002,toko_kelontong,-0.037843685149172
3402010002,warung_makan,2.820083396338584
3402020001,industri_mikro,-0.1966432518250018
3402020001,kelompok_pertokoan,-0.271913469439383
3402020001,minimarket,-0.4081103673984165
3402020001,pasar_permanen,0.8704702430321755
3402020001,pasar_semi_permanen,1.021321461378604
3402020001,restoran,0.1881625856959399
3402020001,sentra_industri,-0.7105928641998783
3402020001,toko_kelontong,-0.1939673942053861
3402020001,warung_makan,-0.6264211768287972
3402020002,industri_mikro,-0.719464322690144
3402020002,kelompok_pertokoan,0.2744080884250655
3402020002,minimarket,-0.957272705095825
3402020002,pasar_permanen,-0.7314875991867019
3402020002,pasar_semi_permanen,-0.6354889093022426
3402020002,restoran,-0.6550460549304316
3402020002,sentra_industri,-0.7105928641998783
3402020002,toko_kelontong,-0.854490778673984
3402020002,warung_makan,-0.4558021385531842
3402020003,industri_mikro,-0.5183792954343202
3402020003,kelompok_pertokoan,-0.271913469439383
3402020003,minimarket,-0.1335291985497123
3402020003,pasar_permanen,2.4724280852510527
3402020003,pasar_semi_permanen,1.021321461378604
3402020003,restoran,-0.1491208705546086
3402020003,sentra_industri,-0.7105928641998783
3402020003,toko_kelontong,-0.494205296236567
3402020003,warung_makan,-0.5240497538634294
3402020004,industri_mikro,-0.9004408472203856
3402020004,kelompok_pertokoan,1.3670512041539626
3402020004,minimarket,0.4156331391476961
3402020004,pasar_permanen,-0.7314875991867019
3402020004,pasar_semi_permanen,-0.6354889093022426
3402020004,restoran,0.3568043138212142
3402020004,sentra_industri,0.309865085044537
3402020004,toko_kelontong,-0.7343956178615118
3402020004,warung_makan,-0.7458545036217262
3402030001,industri_mikro,-0.9909291094855064
3402030001,kelompok_pertokoan,-0.8182350273038316
3402030001,minimarket,-0.957272705095825
3402030001,pasar_permanen,-0.7314875991867019
3402030001,pasar_semi_permanen,-0.6354889093022426
3402030001,restoran,-0.6550460549304316
3402030001,sentra_industri,-0.7105928641998783
3402030001,toko_kelontong,-0.7824336821865007
3402030001,warung_makan,-0.6946687921390423
3402030002,industri_mikro,0.5574256003843379
3402030002,kelompok_pertokoan,1.3670512041539626
3402030002,minimarket,0.6902143079964004
3402030002,pasar_permanen,0.8704702430321755
3402030002,pasar_semi_permanen,-0.6354889093022426
3402030002,restoran,-0.4864043268051572
3402030002,sentra_industri,-0.7105928641998783
3402030002,toko_kelontong,0.9709556656755955
3402030002,warung_makan,2.820083396338584
3402030003,industri_mikro,-0.9808748581227152
3402030003,kelompok_pertokoan,-0.271913469439383
3402030003,minimarket,-0.1335291985497123
3402030003,pasar_permanen,0.8704702430321755
3402030003,pasar_semi_permanen,1.021321461378604
3402030003,restoran,-0.4864043268051572
3402030003,sentra_industri,-0.7105928641998783
3402030003,toko_kelontong,1.511383889331721
3402030003,warung_makan,-0.5752354653461133
3402030004,industri_mikro,-0.9306036013087592
3402030004,kelompok_pertokoan,-0.271913469439383
3402030004,minimarket,-0.6826915362471208
3402030004,pasar_permanen,0.8704702430321755
3402030004,pasar_semi_permanen,-0.6354889093022426
3402030004,restoran,-0.4864043268051572
3402030004,sentra_industri,-0.7105928641998783
3402030004,toko_kelontong,-0.9265478751614674
3402030004,warung_makan,-0.6434830806563585
3402030005,industri_mikro,0.1452012945098988
3402030005,kelompok_pertokoan,-0.271913469439383
3402030005,minimarket,-0.6826915362471208
3402030005,pasar_permanen,-0.7314875991867019
3402030005,pasar_semi_permanen,-0.6354889093022426
3402030005,restoran,-0.4864043268051572
3402030005,sentra_industri,0.309865085044537
3402030005,toko_kelontong,-0.2299959424491278
3402030005,warung_makan,-0.5240497538634294
3402040001,industri_mikro,-0.5083250440715289
3402040001,kelompok_pertokoan,-0.8182350273038316
3402040001,minimarket,-0.4081103673984165
3402040001,pasar_permanen,-0.7314875991867019
3402040001,pasar_semi_permanen,-0.6354889093022426
3402040001,restoran,-0.6550460549304316
3402040001,sentra_industri,-0.7105928641998783
3402040001,toko_kelontong,-0.7103765856990172
3402040001,warung_makan,-0.6776068883114811
3402040002,industri_mikro,-1.0412003662994624
3402040002,kelompok_pertokoan,-0.8182350273038316
3402040002,minimarket,-0.4081103673984165
3402040002,pasar_permanen,-0.7314875991867019
3402040002,pasar_semi_permanen,-0.6354889093022426
3402040002,restoran,-0.317762598679883
3402040002,sentra_industri,0.309865085044537
3402040002,toko_kelontong,-0.037843685149172
3402040002,warung_makan,0.2096121107217061
3402040003,industri_mikro,-0.920549349945968
3402040003,kelompok_pertokoan,-0.8182350273038316
3402040003,minimarket,-0.1335291985497123
3402040003,pasar_permanen,0.8704702430321755
3402040003,pasar_semi_permanen,-0.6354889093022426
3402040003,restoran,-0.6550460549304316
3402040003,sentra_industri,0.309865085044537
3402040003,toko_kelontong,-0.7944431982677479
3402040003,warung_makan,-0.3704926194153778
3402050001,industri_mikro,-0.719464322690144
3402050001,kelompok_pertokoan,-0.271913469439383
3402050001,minimarket,-0.6826915362471208
3402050001,pasar_permanen,0.8704702430321755
3402050001,pasar_semi_permanen,1.021321461378604
3402050001,restoran,-0.4864043268051572
3402050001,sentra_industri,1.3303230342889525
3402050001,toko_kelontong,-0.3140625550178585
3402050001,warung_makan,0.0560549762736545
3402050002,industri_mikro,0.3563405731285139
3402050002,kelompok_pertokoan,-0.8182350273038316
3402050002,minimarket,-0.6826915362471208
3402050002,pasar_permanen,0.8704702430321755
3402050002,pasar_semi_permanen,-0.6354889093022426
3402050002,restoran,-0.4864043268051572
3402050002,sentra_industri,1.3303230342889525
3402050002,toko_kelontong,-0.1939673942053861
3402050002,warung_makan,-0.5411116576909907
3402050003,industri_mikro,-0.407782530443617
3402050003,kelompok_pertokoan,0.2744080884250655
3402050003,minimarket,0.1410519702989919
3402050003,pasar_permanen,0.8704702430321755
3402050003,pasar_semi_permanen,-0.6354889093022426
3402050003,restoran,-0.317762598679883
3402050003,sentra_industri,0.309865085044537
3402050003,toko_kelontong,0.2864132490445032
3402050003,warung_makan,-0.3363688117602552
3402060001,industri_mikro,-0.3977282790808258
3402060001,kelompok_pertokoan,-0.271913469439383
3402060001,minimarket,0.1410519702989919
3402060001,pasar_permanen,-0.7314875991867019
3402060001,pasar_semi_permanen,1.021321461378604
3402060001,restoran,-0.6550460549304316
3402060001,sentra_industri,-0.7105928641998783
3402060001,toko_kelontong,-0.5542528766428032
3402060001,warung_makan,-0.2339973887948874
3402060002,industri_mikro,0.1854182999610636
3402060002,kelompok_pertokoan,-0.8182350273038316
3402060002,minimarket,-0.1335291985497123
3402060002,pasar_permanen,-0.7314875991867019
3402060002,pasar_semi_permanen,-0.6354889093022426
3402060002,restoran,-0.6550460549304316
3402060002,sentra_industri,-0.7105928641998783
3402060002,toko_kelontong,-0.950566907323962
3402060002,warung_makan,-0.4046164270705004
3402060003,industri_mikro,-0.5083250440715289
3402060003,kelompok_pertokoan,-0.271913469439383
3402060003,minimarket,-0.6826915362471208
3402060003,pasar_permanen,0.8704702430321755
3402060003,pasar_semi_permanen,-0.6354889093022426
3402060003,restoran,1.2000129544475855
3402060003,sentra_industri,2.350780983533368
3402060003,toko_kelontong,-0.650329005292781
3402060003,warung_makan,-0.2339973887948874
3402060004,industri_mikro,-0.4178367818064081
3402060004,kelompok_pertokoan,0.8207296462895141
3402060004,minimarket,-0.4081103673984165
3402060004,pasar_permanen,0.8704702430321755
3402060004,pasar_semi_permanen,1.021321461378604
3402060004,restoran,-0.4864043268051572
3402060004,sentra_industri,0.309865085044537
3402060004,toko_kelontong,-0.2059769102866333
3402060004,warung_makan,-0.5752354653461133
3402070001,industri_mikro,-0.4379452845319905
3402070001,kelompok_pertokoan,-0.271913469439383
3402070001,minimarket,0.6902143079964004
3402070001,pasar_permanen,-0.7314875991867019
3402070001,pasar_semi_permanen,-0.6354889093022426
3402070001,restoran,-0.6550460549304316
3402070001,sentra_industri,2.350780983533368
3402070001,toko_kelontong,1.763583727037913
3402070001,warung_makan,0.5167263796178094
3402070002,industri_mikro,-0.6691930658761881
3402070002,kelompok_pertokoan,-0.8182350273038316
3402070002,minimarket,-0.4081103673984165
3402070002,pasar_permanen,-0.7314875991867019
3402070002,pasar_semi_permanen,-0.6354889093022426
3402070002,restoran,-0.4864043268051572
3402070002,sentra_industri,2.350780983533368
3402070002,toko_kelontong,-0.3861196515053419
3402070002,warung_makan,-0.3704926194153778
3402070003,industri_mikro,0.1250927917843164
3402070003,kelompok_pertokoan,2.45969431988286
3402070003,minimarket,1.788538983391217
3402070003,pasar_permanen,2.4724280852510527
3402070003,pasar_semi_permanen,-0.6354889093022426
3402070003,restoran,0.1881625856959399
3402070003,sentra_industri,-0.7105928641998783
3402070003,toko_kelontong,1.655498082306688
3402070003,warung_makan,-0.1828116773122035
3402070004,industri_mikro,1.371819960770425
3402070004,kelompok_pertokoan,1.3670512041539626
3402070004,minimarket,-0.4081103673984165
3402070004,pasar_permanen,-0.7314875991867019
3402070004,pasar_semi_permanen,-0.6354889093022426
3402070004,restoran,0.3568043138212142
3402070004,sentra_industri,1.3303230342889525
3402070004,toko_kelontong,0.0342134113383113
3402070004,warung_makan,0.1243025915838996
3402070005,industri_mikro,-0.1463719950110458
3402070005,kelompok_pertokoan,1.913372762018411
3402070005,minimarket,-0.4081103673984165
3402070005,pasar_permanen,-0.7314875991867019
3402070005,pasar_semi_permanen,-0.6354889093022426
3402070005,restoran,-0.1491208705546086
3402070005,sentra_industri,1.3303230342889525
3402070005,toko_kelontong,0.8508605048631233
3402070005,warung_makan,-0.0975021581743971
3402080001,industri_mikro,0.1753640485982724
3402080001,kelompok_pertokoan,-0.271913469439383
3402080001,minimarket,0.1410519702989919
3402080001,pasar_permanen,0.8704702430321755
3402080001,pasar_semi_permanen,1.021321461378604
3402080001,restoran,0.1881625856959399
3402080001,sentra_industri,1.3303230342889525
3402080001,toko_kelontong,0.4065084098569756
3402080001,warung_makan,0.4484787643075642
3402080002,industri_mikro,1.170734933514601
3402080002,kelompok_pertokoan,-0.271913469439383
3402080002,minimarket,-0.4081103673984165
3402080002,pasar_permanen,0.8704702430321755
3402080002,pasar_semi_permanen,-0.6354889093022426
3402080002,restoran,-0.1491208705546086
3402080002,sentra_industri,0.309865085044537
3402080002,toko_kelontong,0.7067463118881565
3402080002,warung_makan,-0.0975021581743971
3402080003,industri_mikro,0.7082393708262058
3402080003,kelompok_pertokoan,-0.271913469439383
3402080003,minimarket,-0.1335291985497123
3402080003,pasar_permanen,0.8704702430321755
3402080003,pasar_semi_permanen,-0.6354889093022426
3402080003,restoran,2.043221595073957
3402080003,sentra_industri,0.309865085044537
3402080003,toko_kelontong,0.5986606671569313
3402080003,warung_makan,0.2949216298595126
3402080004,industri_mikro,0.8087818844541178
3402080004,kelompok_pertokoan,0.2744080884250655
3402080004,minimarket,0.6902143079964004
3402080004,pasar_permanen,-0.7314875991867019
3402080004,pasar_semi_permanen,-0.6354889093022426
3402080004,restoran,0.3568043138212142
3402080004,sentra_industri,0.309865085044537
3402080004,toko_kelontong,1.967745500419116
3402080004,warung_makan,0.7555930332036674
3402090001,industri_mikro,2.6215634051653702
3402090001,kelompok_pertokoan,-0.8182350273038316
3402090001,minimarket,-0.4081103673984165
3402090001,pasar_permanen,0.8704702430321755
3402090001,pasar_semi_permanen,-0.6354889093022426
3402090001,restoran,-0.6550460549304316
3402090001,sentra_industri,0.309865085044537
3402090001,toko_kelontong,0.4305274420194701
3402090001,warung_makan,0.0731168801012158
3402090002,industri_mikro,0.5875883544727115
3402090002,kelompok_pertokoan,-0.8182350273038316
3402090002,minimarket,-0.6826915362471208
3402090002,pasar_permanen,-0.7314875991867019
3402090002,pasar_semi_permanen,-0.6354889093022426
3402090002,restoran,-0.6550460549304316
3402090002,sentra_industri,2.350780983533368
3402090002,toko_kelontong,-0.3741101354240946
3402090002,warung_makan,-0.148687869657081
3402090003,industri_mikro,-0.4178367818064081
3402090003,kelompok_pertokoan,-0.8182350273038316
3402090003,minimarket,-0.4081103673984165
3402090003,pasar_permanen,-0.7314875991867019
3402090003,pasar_semi_permanen,-0.6354889093022426
3402090003,restoran,-0.6550460549304316
3402090003,sentra_industri,-0.7105928641998783
3402090003,toko_kelontong,-0.9625764234052092
3402090003,warung_makan,-0.5411116576909907
3402090004,industri_mikro,0.8389446385424915
3402090004,kelompok_pertokoan,-0.8182350273038316
3402090004,minimarket,-0.957272705095825
3402090004,pasar_permanen,-0.7314875991867019
3402090004,pasar_semi_permanen,-0.6354889093022426
3402090004,restoran,-0.6550460549304316
3402090004,sentra_industri,-0.7105928641998783
3402090004,toko_kelontong,-0.7223861017802644
3402090004,warung_makan,-0.3534307155878165
3402090005,industri_mikro,0.0144960267936132
3402090005,kelompok_pertokoan,-0.8182350273038316
3402090005,minimarket,-0.957272705095825
3402090005,pasar_permanen,-0.7314875991867019
3402090005,pasar_semi_permanen,-0.6354889093022426
3402090005,restoran,-0.6550460549304316
3402090005,sentra_industri,0.309865085044537
3402090005,toko_kelontong,-0.6863575535365227
3402090005,warung_makan,-0.6264211768287972
3402090006,industri_mikro,-0.7496270767785177
3402090006,kelompok_pertokoan,0.2744080884250655
3402090006,minimarket,0.1410519702989919
3402090006,pasar_permanen,0.8704702430321755
3402090006,pasar_semi_permanen,-0.6354889093022426
3402090006,restoran,-0.6550460549304316
3402090006,sentra_industri,0.309865085044537
3402090006,toko_kelontong,0.1062705078257947
3402090006,warung_makan,0.4996644757902481
3402090007,industri_mikro,-0.0659379841087162
3402090007,kelompok_pertokoan,0.2744080884250655
3402090007,minimarket,-0.4081103673984165
3402090007,pasar_permanen,0.8704702430321755
3402090007,pasar_semi_permanen,-0.6354889093022426
3402090007,restoran,-0.4864043268051572
3402090007,sentra_industri,1.3303230342889525
3402090007,toko_kelontong,-0.4101386836678363
3402090007,warung_makan,-0.0292545428641519
3402090008,industri_mikro,2.6215634051653702
3402090008,kelompok_pertokoan,-0.271913469439383
3402090008,minimarket,0.6902143079964004
3402090008,pasar_permanen,0.8704702430321755
3402090008,pasar_semi_permanen,-0.6354889093022426
3402090008,restoran,-0.6550460549304316
3402090008,sentra_industri,2.350780983533368
3402090008,toko_kelontong,1.0670317943255736
3402090008,warung_makan,1.3015739556856287
3402100001,industri_mikro,1.934858037086732
3402100001,kelompok_pertokoan,-0.271913469439383
3402100001,minimarket,-0.6826915362471208
3402100001,pasar_permanen,-0.7314875991867019
3402100001,pasar_semi_permanen,1.021321461378604
3402100001,restoran,-0.317762598679883
3402100001,sentra_industri,2.350780983533368
3402100001,toko_kelontong,-0.5302338444803087
3402100001,warung_makan,0.3119835336870739
3402100002,industri_mikro,2.6215634051653702
3402100002,kelompok_pertokoan,-0.8182350273038316
3402100002,minimarket,-0.6826915362471208
3402100002,pasar_permanen,-0.7314875991867019
3402100002,pasar_semi_permanen,-0.6354889093022426
3402100002,restoran,-0.4864043268051572
3402100002,sentra_industri,0.309865085044537
3402100002,toko_kelontong,0.226365668638267
3402100002,warung_makan,0.0048692647909706
3402100003,industri_mikro,2.6215634051653702
3402100003,kelompok_pertokoan,-0.8182350273038316
3402100003,minimarket,-0.4081103673984165
3402100003,pasar_permanen,0.8704702430321755
3402100003,pasar_semi_permanen,-0.6354889093022426
3402100003,restoran,-0.6550460549304316
3402100003,sentra_industri,0.309865085044537
3402100003,toko_kelontong,-0.1699483620428916
3402100003,warung_makan,-0.5069878500358681
3402100004,industri_mikro,2.6215634051653702
3402100004,kelompok_pertokoan,-0.8182350273038316
3402100004,minimarket,0.6902143079964004
3402100004,pasar_permanen,-0.7314875991867019
3402100004,pasar_semi_permanen,-0.6354889093022426
3402100004,restoran,-0.6550460549304316
3402100004,sentra_industri,1.3303230342889525
3402100004,toko_kelontong,0.226365668638267
3402100004,warung_makan,-0.3022450041051326
3402100005,industri_mikro,2.6215634051653702
3402100005,kelompok_pertokoan,-0.271913469439383
3402100005,minimarket,-0.6826915362471208
3402100005,pasar_permanen,0.8704702430321755
3402100005,pasar_semi_permanen,-0.6354889093022426
3402100005,restoran,-0.6550460549304316
3402100005,sentra_industri,0.309865085044537
3402100005,toko_kelontong,-0.6143004570490394
3402100005,warung_makan,-0.4899259462083068
3402100006,industri_mikro,2.618547129756533
3402100006,kelompok_pertokoan,-0.271913469439383
3402100006,minimarket,-0.4081103673984165
3402100006,pasar_permanen,0.8704702430321755
3402100006,pasar_semi_permanen,-0.6354889093022426
3402100006,restoran,-0.6550460549304316
3402100006,sentra_industri,0.309865085044537
3402100006,toko_kelontong,-0.5302338444803087
3402100006,warung_makan,-0.2510592926224487
3402110001,industri_mikro,0.054713032244778
3402110001,kelompok_pertokoan,1.3670512041539626
3402110001,minimarket,0.1410519702989919
3402110001,pasar_permanen,2.4724280852510527
3402110001,pasar_semi_permanen,1.021321461378604
3402110001,restoran,-0.1491208705546086
3402110001,sentra_industri,-0.7105928641998783
3402110001,toko_kelontong,1.703536146631677
3402110001,warung_makan,-0.0804402543468358
3402110002,industri_mikro,1.4019827148587984
3402110002,kelompok_pertokoan,2.45969431988286
3402110002,minimarket,0.1410519702989919
3402110002,pasar_permanen,2.4724280852510527
3402110002,pasar_semi_permanen,2.6781318320594507
3402110002,restoran,0.0195208575706656
3402110002,sentra_industri,-0.7105928641998783
3402110002,toko_kelontong,1.403298244600496
3402110002,warung_makan,0.9944596867895256
3402110003,industri_mikro,-0.3776197763552434
3402110003,kelompok_pertokoan,0.2744080884250655
3402110003,minimarket,-0.6826915362471208
3402110003,pasar_permanen,-0.7314875991867019
3402110003,pasar_semi_permanen,-0.6354889093022426
3402110003,restoran,-0.317762598679883
3402110003,sentra_industri,-0.7105928641998783
3402110003,toko_kelontong,0.934927117431854
3402110003,warung_makan,-0.1316259658295197
3402110004,industri_mikro,0.2356895567750196
3402110004,kelompok_pertokoan,-0.8182350273038316
3402110004,minimarket,-0.1335291985497123
3402110004,pasar_permanen,-0.7314875991867019
3402110004,pasar_semi_permanen,-0.6354889093022426
3402110004,restoran,-0.317762598679883
3402110004,sentra_industri,2.350780983533368
3402110004,toko_kelontong,0.2023466364757726
3402110004,warung_makan,-0.5411116576909907
3402110005,industri_mikro,0.5473713490215467
3402110005,kelompok_pertokoan,-0.8182350273038316
3402110005,minimarket,-0.4081103673984165
3402110005,pasar_permanen,-0.7314875991867019
3402110005,pasar_semi_permanen,-0.6354889093022426
3402110005,restoran,-0.6550460549304316
3402110005,sentra_industri,2.350780983533368
3402110005,toko_kelontong,-0.4221481997490836
3402110005,warung_makan,-0.5069878500358681
3402120001,industri_mikro,2.33702809159838
3402120001,kelompok_pertokoan,2.45969431988286
3402120001,minimarket,1.788538983391217
3402120001,pasar_permanen,0.8704702430321755
3402120001,pasar_semi_permanen,-0.6354889093022426
3402120001,restoran,0.6940877700717627
3402120001,sentra_industri,0.309865085044537
3402120001,toko_kelontong,0.1302895399882891
3402120001,warung_makan,0.4826025719626868
3402120002,industri_mikro,0.205526802686646
3402120002,kelompok_pertokoan,-0.271913469439383
3402120002,minimarket,0.4156331391476961
3402120002,pasar_permanen,2.4724280852510527
3402120002,pasar_semi_permanen,-0.6354889093022426
3402120002,restoran,0.0195208575706656
3402120002,sentra_industri,-0.7105928641998783
3402120002,toko_kelontong,0.3584703455319866
3402120002,warung_makan,1.6769358398919771
3402120003,industri_mikro,-0.1765347490994194
3402120003,kelompok_pertokoan,1.3670512041539626
3402120003,minimarket,0.9647954768451046
3402120003,pasar_permanen,0.8704702430321755
3402120003,pasar_semi_permanen,-0.6354889093022426
3402120003,restoran,-0.1491208705546086
3402120003,sentra_industri,-0.7105928641998783
3402120003,toko_kelontong,-0.3500911032616002
3402120003,warung_makan,-0.0975021581743971
3402130001,industri_mikro,0.6076968571982939
3402130001,kelompok_pertokoan,0.2744080884250655
3402130001,minimarket,1.239376645693809
3402130001,pasar_permanen,-0.7314875991867019
3402130001,pasar_semi_permanen,1.021321461378604
3402130001,restoran,2.7177885075750545
3402130001,sentra_industri,0.309865085044537
3402130001,toko_kelontong,1.3192316320317654
3402130001,warung_makan,1.8646167819951516
3402130002,industri_mikro,0.6579681140122499
3402130002,kelompok_pertokoan,-0.8182350273038316
3402130002,minimarket,-0.6826915362471208
3402130002,pasar_permanen,-0.7314875991867019
3402130002,pasar_semi_permanen,-0.6354889093022426
3402130002,restoran,-0.4864043268051572
3402130002,sentra_industri,0.309865085044537
3402130002,toko_kelontong,-0.8064527143489951
3402130002,warung_makan,-0.6434830806563585
3402130003,industri_mikro,-0.5686505522482761
3402130003,kelompok_pertokoan,-0.8182350273038316
3402130003,minimarket,-0.4081103673984165
3402130003,pasar_permanen,0.8704702430321755
3402130003,pasar_semi_permanen,-0.6354889093022426
3402130003,restoran,-0.6550460549304316
3402130003,sentra_industri,0.309865085044537
3402130003,toko_kelontong,-0.7343956178615118
3402130003,warung_makan,0.1413644954114609
3402130004,industri_mikro,0.3865033272168875
3402130004,kelompok_pertokoan,1.913372762018411
3402130004,minimarket,1.239376645693809
3402130004,pasar_permanen,-0.7314875991867019
3402130004,pasar_semi_permanen,-0.6354889093022426
3402130004,restoran,0.3568043138212142
3402130004,sentra_industri,0.309865085044537
3402130004,toko_kelontong,2.813215432538921
3402130004,warung_makan,1.3356977633407514
3402130005,industri_mikro,0.3965575785796787
3402130005,kelompok_pertokoan,0.2744080884250655
3402130005,minimarket,0.1410519702989919
3402130005,pasar_permanen,-0.7314875991867019
3402130005,pasar_semi_permanen,1.021321461378604
3402130005,restoran,-0.4864043268051572
3402130005,sentra_industri,0.309865085044537
3402130005,toko_kelontong,0.1062705078257947
3402130005,warung_makan,-0.1145640620019584
3402130006,industri_mikro,0.8389446385424915
3402130006,kelompok_pertokoan,0.8207296462895141
3402130006,minimarket,0.6902143079964004
3402130006,pasar_permanen,0.8704702430321755
3402130006,pasar_semi_permanen,1.021321461378604
3402130006,restoran,0.5254460419464885
3402130006,sentra_industri,2.350780983533368
3402130006,toko_kelontong,0.8268414727006288
3402130006,warung_makan,1.6939977437195386
3402130007,industri_mikro,0.7585106276401619
3402130007,kelompok_pertokoan,2.45969431988286
3402130007,minimarket,2.337701321088625
3402130007,pasar_permanen,0.8704702430321755
3402130007,pasar_semi_permanen,-0.6354889093022426
3402130007,restoran,0.862729498197037
3402130007,sentra_industri,0.309865085044537
3402130007,toko_kelontong,1.2832030837880235
3402130007,warung_makan,2.359411992994429
3402130008,industri_mikro,2.6215634051653702
3402130008,kelompok_pertokoan,2.45969431988286
3402130008,minimarket,2.61228248993733
3402130008,pasar_permanen,0.8704702430321755
3402130008,pasar_semi_permanen,-0.6354889093022426
3402130008,restoran,2.911726494919116
3402130008,sentra_industri,0.309865085044537
3402130008,toko_kelontong,2.640278400968961
3402130008,warung_makan,2.820083396338584
3402140001,industri_mikro,-0.558596300885485
3402140001,kelompok_pertokoan,0.8207296462895141
3402140001,minimarket,2.61228248993733
3402140001,pasar_permanen,-0.7314875991867019
3402140001,pasar_semi_permanen,-0.6354889093022426
3402140001,restoran,2.043221595073957
3402140001,sentra_industri,2.350780983533368
3402140001,toko_kelontong,2.813215432538921
3402140001,warung_makan,0.2778597260319513
3402140002,industri_mikro,2.6215634051653702
3402140002,kelompok_pertokoan,1.3670512041539626
3402140002,minimarket,2.61228248993733
3402140002,pasar_permanen,2.4724280852510527
3402140002,pasar_semi_permanen,-0.6354889093022426
3402140002,restoran,2.911726494919116
3402140002,sentra_industri,-0.7105928641998783
3402140002,toko_kelontong,2.813215432538921
3402140002,warung_makan,2.1546691470636934
3402140003,industri_mikro,2.6215634051653702
3402140003,kelompok_pertokoan,2.45969431988286
3402140003,minimarket,2.61228248993733
3402140003,pasar_permanen,0.8704702430321755
3402140003,pasar_semi_permanen,-0.6354889093022426
3402140003,restoran,2.911726494919116
3402140003,sentra_industri,2.350780983533368
3402140003,toko_kelontong,2.813215432538921
3402140003,warung_makan,2.4105977044771127
3402140004,industri_mikro,2.6215634051653702
3402140004,kelompok_pertokoan,0.2744080884250655
3402140004,minimarket,2.61228248993733
3402140004,pasar_permanen,-0.7314875991867019
3402140004,pasar_semi_permanen,-0.6354889093022426
3402140004,restoran,2.911726494919116
3402140004,sentra_industri,0.309865085044537
3402140004,toko_kelontong,2.813215432538921
3402140004,warung_makan,1.369821570995874
3402150001,industri_mikro,2.6215634051653702
3402150001,kelompok_pertokoan,1.3670512041539626
3402150001,minimarket,2.61228248993733
3402150001,pasar_permanen,-0.7314875991867019
3402150001,pasar_semi_permanen,-0.6354889093022426
3402150001,restoran,0.3568043138212142
3402150001,sentra_industri,2.350780983533368
3402150001,toko_kelontong,-0.3500911032616002
3402150001,warung_makan,0.1413644954114609
3402150002,industri_mikro,0.7283478735517882
3402150002,kelompok_pertokoan,1.3670512041539626
3402150002,minimarket,1.513957814542513
3402150002,pasar_permanen,2.4724280852510527
3402150002,pasar_semi_permanen,-0.6354889093022426
3402150002,restoran,0.0195208575706656
3402150002,sentra_industri,1.3303230342889525
3402150002,toko_kelontong,0.0101943791758168
3402150002,warung_makan,1.6769358398919771
3402150003,industri_mikro,0.3161235676773491
3402150003,kelompok_pertokoan,2.45969431988286
3402150003,minimarket,2.61228248993733
3402150003,pasar_permanen,-0.7314875991867019
3402150003,pasar_semi_permanen,-0.6354889093022426
3402150003,restoran,-0.317762598679883
3402150003,sentra_industri,0.309865085044537
3402150003,toko_kelontong,1.0790413104068208
3402150003,warung_makan,2.7006500695456546
3402150004,industri_mikro,1.9046952829983583
3402150004,kelompok_pertokoan,2.45969431988286
3402150004,minimarket,2.61228248993733
3402150004,pasar_permanen,2.4724280852510527
3402150004,pasar_semi_permanen,-0.6354889093022426
3402150004,restoran,-0.317762598679883
3402150004,sentra_industri,0.309865085044537
3402150004,toko_kelontong,2.027793080825352
3402150004,warung_makan,2.820083396338584
3402160001,industri_mikro,-0.6993558199645616
3402160001,kelompok_pertokoan,-0.8182350273038316
3402160001,minimarket,-0.957272705095825
3402160001,pasar_permanen,0.8704702430321755
3402160001,pasar_semi_permanen,-0.6354889093022426
3402160001,restoran,-0.317762598679883
3402160001,sentra_industri,2.350780983533368
3402160001,toko_kelontong,-0.1339198137991499
3402160001,warung_makan,-0.3022450041051326
3402160002,industri_mikro,0.9495414035331946
3402160002,kelompok_pertokoan,-0.8182350273038316
3402160002,minimarket,-0.6826915362471208
3402160002,pasar_permanen,-0.7314875991867019
3402160002,pasar_semi_permanen,-0.6354889093022426
3402160002,restoran,-0.1491208705546086
3402160002,sentra_industri,0.309865085044537
3402160002,toko_kelontong,1.967745500419116
3402160002,warung_makan,0.5679120911004932
3402160003,industri_mikro,-0.5183792954343202
3402160003,kelompok_pertokoan,-0.271913469439383
3402160003,minimarket,-0.1335291985497123
3402160003,pasar_permanen,-0.7314875991867019
3402160003,pasar_semi_permanen,-0.6354889093022426
3402160003,restoran,1.5372964106981342
3402160003,sentra_industri,-0.7105928641998783
3402160003,toko_kelontong,0.1663180882320309
3402160003,warung_makan,0.9262120714792804
3402170001,industri_mikro,0.0346045295191956
3402170001,kelompok_pertokoan,-0.271913469439383
3402170001,minimarket,-0.957272705095825
3402170001,pasar_permanen,0.8704702430321755
3402170001,pasar_semi_permanen,-0.6354889093022426
3402170001,restoran,-0.317762598679883
3402170001,sentra_industri,-0.7105928641998783
3402170001,toko_kelontong,-0.494205296236567
3402170001,warung_makan,-0.1998735811397648
3402170002,industri_mikro,0.0346045295191956
3402170002,kelompok_pertokoan,0.8207296462895141
3402170002,minimarket,0.9647954768451046
3402170002,pasar_permanen,2.4724280852510527
3402170002,pasar_semi_permanen,-0.6354889093022426
3402170002,restoran,-0.1491208705546086
3402170002,sentra_industri,0.309865085044537
3402170002,toko_kelontong,-0.3020530389366112
3402170002,warung_makan,-0.4046164270705004
3402170003,industri_mikro,0.5875883544727115
3402170003,kelompok_pertokoan,1.3670512041539626
3402170003,minimarket,0.6902143079964004
3402170003,pasar_permanen,0.8704702430321755
3402170003,pasar_semi_permanen,-0.6354889093022426
3402170003,restoran,-0.4864043268051572
3402170003,sentra_industri,0.309865085044537
3402170003,toko_kelontong,-0.7103765856990172
3402170003,warung_makan,-0.3363688117602552
3402170004,industri_mikro,0.5373170976587555
3402170004,kelompok_pertokoan,0.2744080884250655
3402170004,minimarket,1.513957814542513
3402170004,pasar_permanen,0.8704702430321755
3402170004,pasar_semi_permanen,-0.6354889093022426
3402170004,restoran,-0.317762598679883
3402170004,sentra_industri,0.309865085044537
3402170004,toko_kelontong,0.2503847008007615
3402170004,warung_makan,0.7726549370312288
3403010006,industri_mikro,-0.3474570222668698
3403010006,kelompok_pertokoan,-0.271913469439383
3403010006,minimarket,-0.6826915362471208
3403010006,pasar_permanen,0.8704702430321755
3403010006,pasar_semi_permanen,-0.6354889093022426
3403010006,restoran,-0.6550460549304316
3403010006,sentra_industri,0.309865085044537
3403010006,toko_kelontong,-0.5542528766428032
3403010006,warung_makan,-0.6776068883114811
3403010007,industri_mikro,-0.8300610876808473
3403010007,kelompok_pertokoan,-0.8182350273038316
3403010007,minimarket,-0.957272705095825
3403010007,pasar_permanen,-0.7314875991867019
3403010007,pasar_semi_permanen,-0.6354889093022426
3403010007,restoran,-0.6550460549304316
3403010007,sentra_industri,0.309865085044537
3403010007,toko_kelontong,-0.7944431982677479
3403010007,warung_makan,-0.6776068883114811
3403010008,industri_mikro,-0.820006836318056
3403010008,kelompok_pertokoan,0.2744080884250655
3403010008,minimarket,-0.6826915362471208
3403010008,pasar_permanen,0.8704702430321755
3403010008,pasar_semi_permanen,-0.6354889093022426
3403010008,restoran,-0.1491208705546086
3403010008,sentra_industri,-0.7105928641998783
3403010008,toko_kelontong,-0.3140625550178585
3403010008,warung_makan,-0.5411116576909907
3403010009,industri_mikro,-0.0458294813831339
3403010009,kelompok_pertokoan,0.8207296462895141
3403010009,minimarket,-0.4081103673984165
3403010009,pasar_permanen,0.8704702430321755
3403010009,pasar_semi_permanen,-0.6354889093022426
3403010009,restoran,0.3568043138212142
3403010009,sentra_industri,-0.7105928641998783
3403010009,toko_kelontong,-0.6623385213740283
3403010009,warung_makan,-0.5240497538634294
3403010010,industri_mikro,-0.8300610876808473
3403010010,kelompok_pertokoan,-0.8182350273038316
3403010010,minimarket,-0.957272705095825
3403010010,pasar_permanen,0.8704702430321755
3403010010,pasar_semi_permanen,-0.6354889093022426
3403010010,restoran,-0.4864043268051572
3403010010,sentra_industri,-0.7105928641998783
3403010010,toko_kelontong,-0.0738722333929138
3403010010,warung_makan,-0.558173561518552
3403010011,industri_mikro,-0.6691930658761881
3403010011,kelompok_pertokoan,-0.8182350273038316
3403010011,minimarket,-0.6826915362471208
3403010011,pasar_permanen,0.8704702430321755
3403010011,pasar_semi_permanen,-0.6354889093022426
3403010011,restoran,-0.4864043268051572
3403010011,sentra_industri,0.309865085044537
3403010011,toko_kelontong,0.2503847008007615
3403010011,warung_makan,-0.79704021510441
3403011001,industri_mikro,-0.8602238417692208
3403011001,kelompok_pertokoan,-0.8182350273038316
3403011001,minimarket,-0.957272705095825
3403011001,pasar_permanen,-0.7314875991867019
3403011001,pasar_semi_permanen,-0.6354889093022426
3403011001,restoran,-0.4864043268051572
3403011001,sentra_industri,-0.7105928641998783
3403011001,toko_kelontong,-0.9145383590802202
3403011001,warung_makan,-0.7117306959666037
3403011002,industri_mikro,-0.6691930658761881
3403011002,kelompok_pertokoan,-0.271913469439383
3403011002,minimarket,-0.957272705095825
3403011002,pasar_permanen,-0.7314875991867019
3403011002,pasar_semi_permanen,-0.6354889093022426
3403011002,restoran,-0.6550460549304316
3403011002,sentra_industri,-0.7105928641998783
3403011002,toko_kelontong,-0.902528842998973
3403011002,warung_makan,-0.8311640227595327
3403011003,industri_mikro,-0.9104950985831768
3403011003,kelompok_pertokoan,-0.271913469439383
3403011003,minimarket,-0.957272705095825
3403011003,pasar_permanen,0.8704702430321755
3403011003,pasar_semi_permanen,-0.6354889093022426
3403011003,restoran,-0.6550460549304316
3403011003,sentra_industri,-0.7105928641998783
3403011003,toko_kelontong,-0.9865954555677036
3403011003,warung_makan,-0.7799783112768488
3403011004,industri_mikro,-0.7898440822296825
3403011004,kelompok_pertokoan,-0.8182350273038316
3403011004,minimarket,-0.957272705095825
3403011004,pasar_permanen,0.8704702430321755
3403011004,pasar_semi_permanen,-0.6354889093022426
3403011004,restoran,-0.6550460549304316
3403011004,sentra_industri,-0.7105928641998783
3403011004,toko_kelontong,-0.8184622304302424
3403011004,warung_makan,-0.7287925997941649
3403011005,industri_mikro,-0.106154989559881
3403011005,kelompok_pertokoan,0.2744080884250655
3403011005,minimarket,-0.4081103673984165
3403011005,pasar_permanen,0.8704702430321755
3403011005,pasar_semi_permanen,-0.6354889093022426
3403011005,restoran,-0.4864043268051572
3403011005,sentra_industri,-0.7105928641998783
3403011005,toko_kelontong,-0.5542528766428032
3403011005,warung_makan,-0.7287925997941649
3403020001,industri_mikro,-0.8501695904064296
3403020001,kelompok_pertokoan,-0.271913469439383
3403020001,minimarket,0.1410519702989919
3403020001,pasar_permanen,0.8704702430321755
3403020001,pasar_semi_permanen,-0.6354889093022426
3403020001,restoran,-0.6550460549304316
3403020001,sentra_industri,-0.7105928641998783
3403020001,toko_kelontong,-0.2540149746116223
3403020001,warung_makan,-0.4899259462083068
3403020002,industri_mikro,-0.1162092409226722
3403020002,kelompok_pertokoan,-0.271913469439383
3403020002,minimarket,-0.6826915362471208
3403020002,pasar_permanen,0.8704702430321755
3403020002,pasar_semi_permanen,1.021321461378604
3403020002,restoran,-0.6550460549304316
3403020002,sentra_industri,-0.7105928641998783
3403020002,toko_kelontong,0.2143561525570198
3403020002,warung_makan,-0.7117306959666037
3403020003,industri_mikro,-0.6893015686017705
3403020003,kelompok_pertokoan,-0.271913469439383
3403020003,minimarket,-0.4081103673984165
3403020003,pasar_permanen,0.8704702430321755
3403020003,pasar_semi_permanen,-0.6354889093022426
3403020003,restoran,-0.6550460549304316
3403020003,sentra_industri,-0.7105928641998783
3403020003,toko_kelontong,-0.6743480374552755
3403020003,warung_makan,-0.7629164074492875
3403020004,industri_mikro,-0.4178367818064081
3403020004,kelompok_pertokoan,-0.8182350273038316
3403020004,minimarket,-0.957272705095825
3403020004,pasar_permanen,-0.7314875991867019
3403020004,pasar_semi_permanen,1.021321461378604
3403020004,restoran,-0.6550460549304316
3403020004,sentra_industri,-0.7105928641998783
3403020004,toko_kelontong,-0.6743480374552755
3403020004,warung_makan,-0.6776068883114811
3403020005,industri_mikro,0.4870458408447995
3403020005,kelompok_pertokoan,-0.8182350273038316
3403020005,minimarket,-0.6826915362471208
3403020005,pasar_permanen,0.8704702430321755
3403020005,pasar_semi_permanen,-0.6354889093022426
3403020005,restoran,-0.6550460549304316
3403020005,sentra_industri,2.350780983533368
3403020005,toko_kelontong,-0.7343956178615118
3403020005,warung_makan,-0.7799783112768488
3403020006,industri_mikro,-0.8401153390436384
3403020006,kelompok_pertokoan,-0.8182350273038316
3403020006,minimarket,-0.957272705095825
3403020006,pasar_permanen,-0.7314875991867019
3403020006,pasar_semi_permanen,1.021321461378604
3403020006,restoran,-0.4864043268051572
3403020006,sentra_industri,-0.7105928641998783
3403020006,toko_kelontong,-0.8905193269177257
3403020006,warung_makan,-0.6946687921390423
3403020007,industri_mikro,-0.870278093132012
3403020007,kelompok_pertokoan,-0.8182350273038316
3403020007,minimarket,-0.4081103673984165
3403020007,pasar_permanen,-0.7314875991867019
3403020007,pasar_semi_permanen,1.021321461378604
3403020007,restoran,-0.6550460549304316
3403020007,sentra_industri,-0.7105928641998783
3403020007,toko_kelontong,-0.7223861017802644
3403020007,warung_makan,-0.7799783112768488
3403030001,industri_mikro,-0.7797898308668912
3403030001,kelompok_pertokoan,-0.8182350273038316
3403030001,minimarket,-0.957272705095825
3403030001,pasar_permanen,-0.7314875991867019
3403030001,pasar_semi_permanen,2.6781318320594507
3403030001,restoran,-0.6550460549304316
3403030001,sentra_industri,-0.7105928641998783
3403030001,toko_kelontong,-0.4461672319115781
3403030001,warung_makan,-0.5922973691736746
3403030002,industri_mikro,-0.7697355795041001
3403030002,kelompok_pertokoan,-0.8182350273038316
3403030002,minimarket,-0.6826915362471208
3403030002,pasar_permanen,-0.7314875991867019
3403030002,pasar_semi_permanen,1.021321461378604
3403030002,restoran,2.911726494919116
3403030002,sentra_industri,-0.7105928641998783
3403030002,toko_kelontong,-0.0498532012304193
3403030002,warung_makan,0.5679120911004932
3403030003,industri_mikro,0.9294329008076122
3403030003,kelompok_pertokoan,-0.8182350273038316
3403030003,minimarket,-0.957272705095825
3403030003,pasar_permanen,-0.7314875991867019
3403030003,pasar_semi_permanen,-0.6354889093022426
3403030003,restoran,-0.6550460549304316
3403030003,sentra_industri,1.3303230342889525
3403030003,toko_kelontong,-0.2540149746116223
3403030003,warung_makan,-0.6264211768287972
3403030004,industri_mikro,-0.7295185740529353
3403030004,kelompok_pertokoan,-0.8182350273038316
3403030004,minimarket,-0.957272705095825
3403030004,pasar_permanen,-0.7314875991867019
3403030004,pasar_semi_permanen,-0.6354889093022426
3403030004,restoran,-0.6550460549304316
3403030004,sentra_industri,-0.7105928641998783
3403030004,toko_kelontong,-0.6143004570490394
3403030004,warung_makan,-0.7117306959666037
3403030005,industri_mikro,-0.9104950985831768
3403030005,kelompok_pertokoan,-0.8182350273038316
3403030005,minimarket,-0.6826915362471208
3403030005,pasar_permanen,-0.7314875991867019
3403030005,pasar_semi_permanen,-0.6354889093022426
3403030005,restoran,-0.6550460549304316
3403030005,sentra_industri,-0.7105928641998783
3403030005,toko_kelontong,-0.746405133942759
3403030005,warung_makan,-0.6776068883114811
3403030006,industri_mikro,-0.7797898308668912
3403030006,kelompok_pertokoan,-0.8182350273038316
3403030006,minimarket,-0.957272705095825
3403030006,pasar_permanen,-0.7314875991867019
3403030006,pasar_semi_permanen,1.021321461378604
3403030006,restoran,-0.6550460549304316
3403030006,sentra_industri,-0.7105928641998783
3403030006,toko_kelontong,-0.7944431982677479
3403030006,warung_makan,-0.7799783112768488
3403030007,industri_mikro,-0.9004408472203856
3403030007,kelompok_pertokoan,-0.271913469439383
3403030007,minimarket,-0.1335291985497123
3403030007,pasar_permanen,-0.7314875991867019
3403030007,pasar_semi_permanen,1.021321461378604
3403030007,restoran,-0.1491208705546086
3403030007,sentra_industri,-0.7105928641998783
3403030007,toko_kelontong,-0.7343956178615118
3403030007,warung_makan,-0.6264211768287972
3403040005,industri_mikro,0.2256353054122284
3403040005,kelompok_pertokoan,0.2744080884250655
3403040005,minimarket,-0.4081103673984165
3403040005,pasar_permanen,0.8704702430321755
3403040005,pasar_semi_permanen,-0.6354889093022426
3403040005,restoran,2.911726494919116
3403040005,sentra_industri,1.3303230342889525
3403040005,toko_kelontong,0.934927117431854
3403040005,warung_makan,2.820083396338584
3403040006,industri_mikro,-0.9909291094855064
3403040006,kelompok_pertokoan,-0.8182350273038316
3403040006,minimarket,-0.6826915362471208
3403040006,pasar_permanen,0.8704702430321755
3403040006,pasar_semi_permanen,-0.6354889093022426
3403040006,restoran,-0.4864043268051572
3403040006,sentra_industri,1.3303230342889525
3403040006,toko_kelontong,-0.3741101354240946
3403040006,warung_makan,-0.3704926194153778
3403040007,industri_mikro,-0.7295185740529353
3403040007,kelompok_pertokoan,-0.271913469439383
3403040007,minimarket,-0.957272705095825
3403040007,pasar_permanen,0.8704702430321755
3403040007,pasar_semi_permanen,-0.6354889093022426
3403040007,restoran,-0.6550460549304316
3403040007,sentra_industri,-0.7105928641998783
3403040007,toko_kelontong,-0.0618627173116665
3403040007,warung_makan,-0.3534307155878165
3403040008,industri_mikro,-0.3172942681784962
3403040008,kelompok_pertokoan,-0.8182350273038316
3403040008,minimarket,-0.957272705095825
3403040008,pasar_permanen,-0.7314875991867019
3403040008,pasar_semi_permanen,1.021321461378604
3403040008,restoran,-0.6550460549304316
3403040008,sentra_industri,-0.7105928641998783
3403040008,toko_kelontong,-0.4221481997490836
3403040008,warung_makan,-0.7287925997941649
3403040009,industri_mikro,-0.6088675576994409
3403040009,kelompok_pertokoan,-0.8182350273038316
3403040009,minimarket,-0.957272705095825
3403040009,pasar_permanen,-0.7314875991867019
3403040009,pasar_semi_permanen,-0.6354889093022426
3403040009,restoran,-0.6550460549304316
3403040009,sentra_industri,0.309865085044537
3403040009,toko_kelontong,-0.7944431982677479
3403040009,warung_makan,-0.7117306959666037
3403041001,industri_mikro,-0.3675655249924522
3403041001,kelompok_pertokoan,-0.8182350273038316
3403041001,minimarket,-0.4081103673984165
3403041001,pasar_permanen,-0.7314875991867019
3403041001,pasar_semi_permanen,1.021321461378604
3403041001,restoran,-0.6550460549304316
3403041001,sentra_industri,1.3303230342889525
3403041001,toko_kelontong,1.8716693717691384
3403041001,warung_makan,2.820083396338584
3403041002,industri_mikro,0.4267203326680523
3403041002,kelompok_pertokoan,-0.271913469439383
3403041002,minimarket,-0.6826915362471208
3403041002,pasar_permanen,-0.7314875991867019
3403041002,pasar_semi_permanen,2.6781318320594507
3403041002,restoran,-0.6550460549304316
3403041002,sentra_industri,-0.7105928641998783
3403041002,toko_kelontong,-0.5542528766428032
3403041002,warung_makan,-0.6093592730012358
3403041003,industri_mikro,-0.9104950985831768
3403041003,kelompok_pertokoan,-0.8182350273038316
3403041003,minimarket,-0.957272705095825
3403041003,pasar_permanen,-0.7314875991867019
3403041003,pasar_semi_permanen,1.021321461378604
3403041003,restoran,-0.6550460549304316
3403041003,sentra_industri,-0.7105928641998783
3403041003,toko_kelontong,-0.1339198137991499
3403041003,warung_makan,0.4484787643075642
3403041004,industri_mikro,-0.2971857654529138
3403041004,kelompok_pertokoan,-0.8182350273038316
3403041004,minimarket,-0.4081103673984165
3403041004,pasar_permanen,-0.7314875991867019
3403041004,pasar_semi_permanen,2.6781318320594507
3403041004,restoran,-0.6550460549304316
3403041004,sentra_industri,0.309865085044537
3403041004,toko_kelontong,-0.5782719088052977
3403041004,warung_makan,-0.3363688117602552
3403041005,industri_mikro,-0.8602238417692208
3403041005,kelompok_pertokoan,-0.8182350273038316
3403041005,minimarket,-0.957272705095825
3403041005,pasar_permanen,0.8704702430321755
3403041005,pasar_semi_permanen,1.021321461378604
3403041005,restoran,-0.6550460549304316
3403041005,sentra_industri,0.309865085044537
3403041005,toko_kelontong,-0.0258341690679248
3403041005,warung_makan,-0.7629164074492875
3403050007,industri_mikro,-0.1162092409226722
3403050007,kelompok_pertokoan,-0.8182350273038316
3403050007,minimarket,-0.957272705095825
3403050007,pasar_permanen,-0.7314875991867019
3403050007,pasar_semi_permanen,-0.6354889093022426
3403050007,restoran,-0.6550460549304316
3403050007,sentra_industri,0.309865085044537
3403050007,toko_kelontong,-0.5782719088052977
3403050007,warung_makan,-0.848225926587094
3403050010,industri_mikro,-0.9808748581227152
3403050010,kelompok_pertokoan,-0.8182350273038316
3403050010,minimarket,-0.957272705095825
3403050010,pasar_permanen,-0.7314875991867019
3403050010,pasar_semi_permanen,-0.6354889093022426
3403050010,restoran,-0.6550460549304316
3403050010,sentra_industri,2.350780983533368
3403050010,toko_kelontong,-0.9385573912427146
3403050010,warung_makan,-0.848225926587094
3403050011,industri_mikro,-0.9004408472203856
3403050011,kelompok_pertokoan,-0.8182350273038316
3403050011,minimarket,-0.957272705095825
3403050011,pasar_permanen,-0.7314875991867019
3403050011,pasar_semi_permanen,-0.6354889093022426
3403050011,restoran,-0.6550460549304316
3403050011,sentra_industri,-0.7105928641998783
3403050011,toko_kelontong,-0.3140625550178585
3403050011,warung_makan,-0.79704021510441
3403050012,industri_mikro,-0.6993558199645616
3403050012,kelompok_pertokoan,-0.8182350273038316
3403050012,minimarket,-0.957272705095825
3403050012,pasar_permanen,-0.7314875991867019
3403050012,pasar_semi_permanen,-0.6354889093022426
3403050012,restoran,-0.6550460549304316
3403050012,sentra_industri,-0.7105928641998783
3403050012,toko_kelontong,-0.650329005292781
3403050012,warung_makan,-0.8311640227595327
3403050013,industri_mikro,-0.719464322690144
3403050013,kelompok_pertokoan,-0.8182350273038316
3403050013,minimarket,-0.957272705095825
3403050013,pasar_permanen,-0.7314875991867019
3403050013,pasar_semi_permanen,-0.6354889093022426
3403050013,restoran,-0.6550460549304316
3403050013,sentra_industri,2.350780983533368
3403050013,toko_kelontong,-0.494205296236567
3403050013,warung_makan,-0.79704021510441
3403050014,industri_mikro,-0.7094100713273529
3403050014,kelompok_pertokoan,-0.271913469439383
3403050014,minimarket,-0.6826915362471208
3403050014,pasar_permanen,0.8704702430321755
3403050014,pasar_semi_permanen,-0.6354889093022426
3403050014,restoran,0.5254460419464885
3403050014,sentra_industri,0.309865085044537
3403050014,toko_kelontong,-0.1819578781241389
3403050014,warung_makan,-0.5922973691736746
3403050015,industri_mikro,-0.870278093132012
3403050015,kelompok_pertokoan,-0.271913469439383
3403050015,minimarket,-0.6826915362471208
3403050015,pasar_permanen,-0.7314875991867019
3403050015,pasar_semi_permanen,-0.6354889093022426
3403050015,restoran,-0.6550460549304316
3403050015,sentra_industri,0.309865085044537
3403050015,toko_kelontong,-0.5062148123178143
3403050015,warung_makan,-0.8823497342422165
3403050016,industri_mikro,-0.659138814513397
3403050016,kelompok_pertokoan,-0.8182350273038316
3403050016,minimarket,-0.957272705095825
3403050016,pasar_permanen,-0.7314875991867019
3403050016,pasar_semi_permanen,-0.6354889093022426
3403050016,restoran,-0.6550460549304316
3403050016,sentra_industri,-0.7105928641998783
3403050016,toko_kelontong,-0.6623385213740283
3403050016,warung_makan,-0.848225926587094
3403051001,industri_mikro,-1.0009833608482976
3403051001,kelompok_pertokoan,-0.8182350273038316
3403051001,minimarket,-0.957272705095825
3403051001,pasar_permanen,-0.7314875991867019
3403051001,pasar_semi_permanen,-0.6354889093022426
3403051001,restoran,-0.6550460549304316
3403051001,sentra_industri,-0.7105928641998783
3403051001,toko_kelontong,-0.8424812625927368
3403051001,warung_makan,-0.848225926587094
3403051002,industri_mikro,-0.970820606759924
3403051002,kelompok_pertokoan,0.8207296462895141
3403051002,minimarket,-0.6826915362471208
3403051002,pasar_permanen,0.8704702430321755
3403051002,pasar_semi_permanen,1.021321461378604
3403051002,restoran,-0.4864043268051572
3403051002,sentra_industri,-0.7105928641998783
3403051002,toko_kelontong,-0.650329005292781
3403051002,warung_makan,-0.1145640620019584
3403051003,industri_mikro,-1.071363120387836
3403051003,kelompok_pertokoan,-0.8182350273038316
3403051003,minimarket,-0.957272705095825
3403051003,pasar_permanen,-0.7314875991867019
3403051003,pasar_semi_permanen,-0.6354889093022426
3403051003,restoran,-0.6550460549304316
3403051003,sentra_industri,-0.7105928641998783
3403051003,toko_kelontong,-0.8785098108364785
3403051003,warung_makan,-0.848225926587094
3403051004,industri_mikro,-1.0613088690250447
3403051004,kelompok_pertokoan,-0.8182350273038316
3403051004,minimarket,-0.957272705095825
3403051004,pasar_permanen,-0.7314875991867019
3403051004,pasar_semi_permanen,-0.6354889093022426
3403051004,restoran,-0.6550460549304316
3403051004,sentra_industri,-0.7105928641998783
3403051004,toko_kelontong,-0.4341577158303308
3403051004,warung_makan,-0.7458545036217262
3403051005,industri_mikro,-1.0914716231134185
3403051005,kelompok_pertokoan,-0.271913469439383
3403051005,minimarket,-0.957272705095825
3403051005,pasar_permanen,0.8704702430321755
3403051005,pasar_semi_permanen,-0.6354889093022426
3403051005,restoran,-0.6550460549304316
3403051005,sentra_industri,-0.7105928641998783
3403051005,toko_kelontong,-0.7704241661052534
3403051005,warung_makan,-0.4728640423807455
3403051006,industri_mikro,-1.011037612211089
3403051006,kelompok_pertokoan,-0.271913469439383
3403051006,minimarket,-0.957272705095825
3403051006,pasar_permanen,0.8704702430321755
3403051006,pasar_semi_permanen,1.021321461378604
3403051006,restoran,-0.6550460549304316
3403051006,sentra_industri,-0.7105928641998783
3403051006,toko_kelontong,-0.650329005292781
3403051006,warung_makan,-0.6434830806563585
3403051007,industri_mikro,-1.0009833608482976
3403051007,kelompok_pertokoan,-0.8182350273038316
3403051007,minimarket,-0.957272705095825
3403051007,pasar_permanen,-0.7314875991867019
3403051007,pasar_semi_permanen,-0.6354889093022426
3403051007,restoran,-0.6550460549304316
3403051007,sentra_industri,-0.7105928641998783
3403051007,toko_kelontong,-0.6623385213740283
3403051007,warung_makan,-0.8141021189319714
3403051008,industri_mikro,-1.0412003662994624
3403051008,kelompok_pertokoan,-0.8182350273038316
3403051008,minimarket,-0.957272705095825
3403051008,pasar_permanen,-0.7314875991867019
3403051008,pasar_semi_permanen,-0.6354889093022426
3403051008,restoran,0.0195208575706656
3403051008,sentra_industri,-0.7105928641998783
3403051008,toko_kelontong,-0.7343956178615118
3403051008,warung_makan,-0.7799783112768488
3403060001,industri_mikro,0.104984289058734
3403060001,kelompok_pertokoan,-0.8182350273038316
3403060001,minimarket,0.1410519702989919
3403060001,pasar_permanen,0.8704702430321755
3403060001,pasar_semi_permanen,2.6781318320594507
3403060001,restoran,-0.4864043268051572
3403060001,sentra_industri,-0.7105928641998783
3403060001,toko_kelontong,2.60424985272522
3403060001,warung_makan,1.8646167819951516
3403060002,industri_mikro,-0.206697503187793
3403060002,kelompok_pertokoan,-0.8182350273038316
3403060002,minimarket,0.9647954768451046
3403060002,pasar_permanen,-0.7314875991867019
3403060002,pasar_semi_permanen,2.6781318320594507
3403060002,restoran,-0.4864043268051572
3403060002,sentra_industri,0.309865085044537
3403060002,toko_kelontong,-0.0618627173116665
3403060002,warung_makan,-0.2851831002775713
3403060003,industri_mikro,-0.0458294813831339
3403060003,kelompok_pertokoan,-0.8182350273038316
3403060003,minimarket,-0.957272705095825
3403060003,pasar_permanen,-0.7314875991867019
3403060003,pasar_semi_permanen,1.021321461378604
3403060003,restoran,-0.317762598679883
3403060003,sentra_industri,-0.7105928641998783
3403060003,toko_kelontong,-0.0738722333929138
3403060003,warung_makan,1.608688224581732
3403060004,industri_mikro,0.1351470431471076
3403060004,kelompok_pertokoan,-0.271913469439383
3403060004,minimarket,0.9647954768451046
3403060004,pasar_permanen,2.4724280852510527
3403060004,pasar_semi_permanen,-0.6354889093022426
3403060004,restoran,0.0195208575706656
3403060004,sentra_industri,2.350780983533368
3403060004,toko_kelontong,0.4065084098569756
3403060004,warung_makan,-0.6264211768287972
3403060005,industri_mikro,2.6215634051653702
3403060005,kelompok_pertokoan,2.45969431988286
3403060005,minimarket,2.61228248993733
3403060005,pasar_permanen,2.4724280852510527
3403060005,pasar_semi_permanen,2.6781318320594507
3403060005,restoran,0.3568043138212142
3403060005,sentra_industri,2.350780983533368
3403060005,toko_kelontong,1.3192316320317654
3403060005,warung_makan,2.820083396338584
3403070001,industri_mikro,-0.8501695904064296
3403070001,kelompok_pertokoan,-0.271913469439383
3403070001,minimarket,-0.957272705095825
3403070001,pasar_permanen,-0.7314875991867019
3403070001,pasar_semi_permanen,1.021321461378604
3403070001,restoran,-0.6550460549304316
3403070001,sentra_industri,-0.7105928641998783
3403070001,toko_kelontong,-0.8665002947552313
3403070001,warung_makan,-0.8652878304146553
3403070002,industri_mikro,0.5875883544727115
3403070002,kelompok_pertokoan,-0.8182350273038316
3403070002,minimarket,0.4156331391476961
3403070002,pasar_permanen,-0.7314875991867019
3403070002,pasar_semi_permanen,-0.6354889093022426
3403070002,restoran,-0.6550460549304316
3403070002,sentra_industri,0.309865085044537
3403070002,toko_kelontong,0.1062705078257947
3403070002,warung_makan,-0.6946687921390423
3403070003,industri_mikro,-0.6390303117878146
3403070003,kelompok_pertokoan,0.2744080884250655
3403070003,minimarket,-0.4081103673984165
3403070003,pasar_permanen,-0.7314875991867019
3403070003,pasar_semi_permanen,1.021321461378604
3403070003,restoran,-0.6550460549304316
3403070003,sentra_industri,0.309865085044537
3403070003,toko_kelontong,0.070241959582053
3403070003,warung_makan,-0.6093592730012358
3403070004,industri_mikro,-0.9808748581227152
3403070004,kelompok_pertokoan,-0.8182350273038316
3403070004,minimarket,-0.957272705095825
3403070004,pasar_permanen,-0.7314875991867019
3403070004,pasar_semi_permanen,-0.6354889093022426
3403070004,restoran,-0.6550460549304316
3403070004,sentra_industri,-0.7105928641998783
3403070004,toko_kelontong,-0.6022909409677921
3403070004,warung_makan,-0.7799783112768488
3403070005,industri_mikro,-0.820006836318056
3403070005,kelompok_pertokoan,-0.271913469439383
3403070005,minimarket,-0.4081103673984165
3403070005,pasar_permanen,0.8704702430321755
3403070005,pasar_semi_permanen,-0.6354889093022426
3403070005,restoran,-0.317762598679883
3403070005,sentra_industri,1.3303230342889525
3403070005,toko_kelontong,0.1422990560695364
3403070005,warung_makan,-0.4728640423807455
3403070006,industri_mikro,-0.3675655249924522
3403070006,kelompok_pertokoan,0.2744080884250655
3403070006,minimarket,0.4156331391476961
3403070006,pasar_permanen,2.4724280852510527
3403070006,pasar_semi_permanen,-0.6354889093022426
3403070006,restoran,1.0313712263223114
3403070006,sentra_industri,0.309865085044537
3403070006,toko_kelontong,-0.1219102977179027
3403070006,warung_makan,0.0901787839287771
3403070007,industri_mikro,-1.02109186357388
3403070007,kelompok_pertokoan,-0.271913469439383
3403070007,minimarket,-0.957272705095825
3403070007,pasar_permanen,-0.7314875991867019
3403070007,pasar_semi_permanen,-0.6354889093022426
3403070007,restoran,0.0195208575706656
3403070007,sentra_industri,-0.7105928641998783
3403070007,toko_kelontong,0.1182800239070419
3403070007,warung_makan,-0.7458545036217262
3403070008,industri_mikro,-0.970820606759924
3403070008,kelompok_pertokoan,-0.8182350273038316
3403070008,minimarket,-0.957272705095825
3403070008,pasar_permanen,0.8704702430321755
3403070008,pasar_semi_permanen,-0.6354889093022426
3403070008,restoran,-0.6550460549304316
3403070008,sentra_industri,-0.7105928641998783
3403070008,toko_kelontong,-0.5662623927240504
3403070008,warung_makan,-0.8311640227595327
3403070009,industri_mikro,-0.8602238417692208
3403070009,kelompok_pertokoan,-0.8182350273038316
3403070009,minimarket,-0.957272705095825
3403070009,pasar_permanen,0.8704702430321755
3403070009,pasar_semi_permanen,-0.6354889093022426
3403070009,restoran,-0.6550460549304316
3403070009,sentra_industri,-0.7105928641998783
3403070009,toko_kelontong,-0.7824336821865007
3403070009,warung_makan,-0.7117306959666037
3403070010,industri_mikro,-0.9104950985831768
3403070010,kelompok_pertokoan,-0.8182350273038316
3403070010,minimarket,-0.957272705095825
3403070010,pasar_permanen,-0.7314875991867019
3403070010,pasar_semi_permanen,-0.6354889093022426
3403070010,restoran,-0.6550460549304316
3403070010,sentra_industri,-0.7105928641998783
3403070010,toko_kelontong,0.2984227651257505
3403070010,warung_makan,-0.7287925997941649
3403070011,industri_mikro,-0.6189218090622322
3403070011,kelompok_pertokoan,-0.8182350273038316
3403070011,minimarket,-0.957272705095825
3403070011,pasar_permanen,-0.7314875991867019
3403070011,pasar_semi_permanen,2.6781318320594507
3403070011,restoran,-0.4864043268051572
3403070011,sentra_industri,0.309865085044537
3403070011,toko_kelontong,-0.2299959424491278
3403070011,warung_makan,-0.6776068883114811
3403080001,industri_mikro,-0.8803323444948032
3403080001,kelompok_pertokoan,-0.271913469439383
3403080001,minimarket,-0.1335291985497123
3403080001,pasar_permanen,-0.7314875991867019
3403080001,pasar_semi_permanen,-0.6354889093022426
3403080001,restoran,-0.6550460549304316
3403080001,sentra_industri,-0.7105928641998783
3403080001,toko_kelontong,-0.950566907323962
3403080001,warung_makan,-0.7629164074492875
3403080002,industri_mikro,0.004441775430822
3403080002,kelompok_pertokoan,-0.8182350273038316
3403080002,minimarket,2.063120152239921
3403080002,pasar_permanen,0.8704702430321755
3403080002,pasar_semi_permanen,2.6781318320594507
3403080002,restoran,0.0195208575706656
3403080002,sentra_industri,2.350780983533368
3403080002,toko_kelontong,0.8508605048631233
3403080002,warung_makan,0.0901787839287771
3403080003,industri_mikro,-0.5183792954343202
3403080003,kelompok_pertokoan,-0.271913469439383
3403080003,minimarket,0.1410519702989919
3403080003,pasar_permanen,-0.7314875991867019
3403080003,pasar_semi_permanen,-0.6354889093022426
3403080003,restoran,-0.6550460549304316
3403080003,sentra_industri,0.309865085044537
3403080003,toko_kelontong,-0.494205296236567
3403080003,warung_makan,-0.2851831002775713
3403080004,industri_mikro,-0.5384877981599026
3403080004,kelompok_pertokoan,-0.271913469439383
3403080004,minimarket,-0.4081103673984165
3403080004,pasar_permanen,0.8704702430321755
3403080004,pasar_semi_permanen,-0.6354889093022426
3403080004,restoran,-0.6550460549304316
3403080004,sentra_industri,0.309865085044537
3403080004,toko_kelontong,-0.3020530389366112
3403080004,warung_makan,-0.5240497538634294
3403080005,industri_mikro,-0.870278093132012
3403080005,kelompok_pertokoan,-0.8182350273038316
3403080005,minimarket,-0.1335291985497123
3403080005,pasar_permanen,-0.7314875991867019
3403080005,pasar_semi_permanen,-0.6354889093022426
3403080005,restoran,-0.6550460549304316
3403080005,sentra_industri,-0.7105928641998783
3403080005,toko_kelontong,-0.7704241661052534
3403080005,warung_makan,-0.7458545036217262
3403080006,industri_mikro,0.104984289058734
3403080006,kelompok_pertokoan,-0.8182350273038316
3403080006,minimarket,2.063120152239921
3403080006,pasar_permanen,0.8704702430321755
3403080006,pasar_semi_permanen,-0.6354889093022426
3403080006,restoran,-0.6550460549304316
3403080006,sentra_industri,1.3303230342889525
3403080006,toko_kelontong,0.1302895399882891
3403080006,warung_makan,-0.6093592730012358
3403080007,industri_mikro,-0.6490845631506057
3403080007,kelompok_pertokoan,0.2744080884250655
3403080007,minimarket,0.9647954768451046
3403080007,pasar_permanen,2.4724280852510527
3403080007,pasar_semi_permanen,-0.6354889093022426
3403080007,restoran,0.0195208575706656
3403080007,sentra_industri,0.309865085044537
3403080007,toko_kelontong,0.1903371203945253
3403080007,warung_makan,-0.1828116773122035
3403080008,industri_mikro,-0.9004408472203856
3403080008,kelompok_pertokoan,-0.271913469439383
3403080008,minimarket,-0.957272705095825
3403080008,pasar_permanen,2.4724280852510527
3403080008,pasar_semi_permanen,-0.6354889093022426
3403080008,restoran,-0.4864043268051572
3403080008,sentra_industri,-0.7105928641998783
3403080008,toko_kelontong,-0.5782719088052977
3403080008,warung_makan,-0.7458545036217262
3403080009,industri_mikro,-0.820006836318056
3403080009,kelompok_pertokoan,-0.8182350273038316
3403080009,minimarket,-0.4081103673984165
3403080009,pasar_permanen,0.8704702430321755
3403080009,pasar_semi_permanen,-0.6354889093022426
3403080009,restoran,-0.6550460549304316
3403080009,sentra_industri,0.309865085044537
3403080009,toko_kelontong,0.3344513133694922
3403080009,warung_makan,-0.5411116576909907
3403090001,industri_mikro,-0.5887590549738585
3403090001,kelompok_pertokoan,-0.8182350273038316
3403090001,minimarket,-0.957272705095825
3403090001,pasar_permanen,-0.7314875991867019
3403090001,pasar_semi_permanen,1.021321461378604
3403090001,restoran,-0.6550460549304316
3403090001,sentra_industri,-0.7105928641998783
3403090001,toko_kelontong,-0.650329005292781
3403090001,warung_makan,-0.7458545036217262
3403090002,industri_mikro,-0.9306036013087592
3403090002,kelompok_pertokoan,-0.8182350273038316
3403090002,minimarket,-0.1335291985497123
3403090002,pasar_permanen,-0.7314875991867019
3403090002,pasar_semi_permanen,1.021321461378604
3403090002,restoran,-0.4864043268051572
3403090002,sentra_industri,-0.7105928641998783
3403090002,toko_kelontong,-0.7584146500240062
3403090002,warung_makan,-0.26812119645001
3403090003,industri_mikro,-0.9607663553971328
3403090003,kelompok_pertokoan,-0.271913469439383
3403090003,minimarket,0.4156331391476961
3403090003,pasar_permanen,-0.7314875991867019
3403090003,pasar_semi_permanen,1.021321461378604
3403090003,restoran,-0.1491208705546086
3403090003,sentra_industri,-0.7105928641998783
3403090003,toko_kelontong,-0.69836706961777
3403090003,warung_makan,-0.6264211768287972
3403090004,industri_mikro,-1.02109186357388
3403090004,kelompok_pertokoan,-0.271913469439383
3403090004,minimarket,0.4156331391476961
3403090004,pasar_permanen,-0.7314875991867019
3403090004,pasar_semi_permanen,1.021321461378604
3403090004,restoran,-0.6550460549304316
3403090004,sentra_industri,-0.7105928641998783
3403090004,toko_kelontong,-0.6022909409677921
3403090004,warung_makan,-0.6434830806563585
3403090005,industri_mikro,0.0245502781564044
3403090005,kelompok_pertokoan,-0.8182350273038316
3403090005,minimarket,-0.6826915362471208
3403090005,pasar_permanen,0.8704702430321755
3403090005,pasar_semi_permanen,-0.6354889093022426
3403090005,restoran,-0.6550460549304316
3403090005,sentra_industri,2.350780983533368
3403090005,toko_kelontong,-0.7944431982677479
3403090005,warung_makan,-0.5411116576909907
3403090006,industri_mikro,-0.7697355795041001
3403090006,kelompok_pertokoan,-0.271913469439383
3403090006,minimarket,-0.1335291985497123
3403090006,pasar_permanen,-0.7314875991867019
3403090006,pasar_semi_permanen,-0.6354889093022426
3403090006,restoran,0.862729498197037
3403090006,sentra_industri,2.350780983533368
3403090006,toko_kelontong,-0.1939673942053861
3403090006,warung_makan,-0.4046164270705004
3403090007,industri_mikro,0.1954725513238548
3403090007,kelompok_pertokoan,0.2744080884250655
3403090007,minimarket,0.1410519702989919
3403090007,pasar_permanen,-0.7314875991867019
3403090007,pasar_semi_permanen,-0.6354889093022426
3403090007,restoran,-0.317762598679883
3403090007,sentra_industri,-0.7105928641998783
3403090007,toko_kelontong,-0.2540149746116223
3403090007,warung_makan,-0.5069878500358681
3403090008,industri_mikro,1.33160295531926
3403090008,kelompok_pertokoan,0.2744080884250655
3403090008,minimarket,0.1410519702989919
3403090008,pasar_permanen,-0.7314875991867019
3403090008,pasar_semi_permanen,-0.6354889093022426
3403090008,restoran,1.8745798669486828
3403090008,sentra_industri,-0.7105928641998783
3403090008,toko_kelontong,-0.4701862640740725
3403090008,warung_makan,-0.1998735811397648
3403090009,industri_mikro,-0.5787048036110674
3403090009,kelompok_pertokoan,-0.271913469439383
3403090009,minimarket,0.4156331391476961
3403090009,pasar_permanen,-0.7314875991867019
3403090009,pasar_semi_permanen,-0.6354889093022426
3403090009,restoran,-0.4864043268051572
3403090009,sentra_industri,-0.7105928641998783
3403090009,toko_kelontong,-0.494205296236567
3403090009,warung_makan,-0.7117306959666037
3403090010,industri_mikro,0.5674798517471291
3403090010,kelompok_pertokoan,1.3670512041539626
3403090010,minimarket,0.9647954768451046
3403090010,pasar_permanen,0.8704702430321755
3403090010,pasar_semi_permanen,-0.6354889093022426
3403090010,restoran,0.1881625856959399
3403090010,sentra_industri,-0.7105928641998783
3403090010,toko_kelontong,-0.0018151369054303
3403090010,warung_makan,0.0048692647909706
3403090011,industri_mikro,-0.6691930658761881
3403090011,kelompok_pertokoan,1.3670512041539626
3403090011,minimarket,2.61228248993733
3403090011,pasar_permanen,-0.7314875991867019
3403090011,pasar_semi_permanen,1.021321461378604
3403090011,restoran,2.911726494919116
3403090011,sentra_industri,1.3303230342889525
3403090011,toko_kelontong,1.6675075983879353
3403090011,warung_makan,1.1992025327202611
3403090012,industri_mikro,-0.9406578526715504
3403090012,kelompok_pertokoan,0.2744080884250655
3403090012,minimarket,0.4156331391476961
3403090012,pasar_permanen,-0.7314875991867019
3403090012,pasar_semi_permanen,1.021321461378604
3403090012,restoran,-0.4864043268051572
3403090012,sentra_industri,1.3303230342889525
3403090012,toko_kelontong,-0.7343956178615118
3403090012,warung_makan,-0.2851831002775713
3403090013,industri_mikro,-0.5485420495226937
3403090013,kelompok_pertokoan,-0.271913469439383
3403090013,minimarket,-0.1335291985497123
3403090013,pasar_permanen,0.8704702430321755
3403090013,pasar_semi_permanen,-0.6354889093022426
3403090013,restoran,-0.6550460549304316
3403090013,sentra_industri,2.350780983533368
3403090013,toko_kelontong,-0.3861196515053419
3403090013,warung_makan,-0.3704926194153778
3403090014,industri_mikro,-0.3172942681784962
3403090014,kelompok_pertokoan,-0.8182350273038316
3403090014,minimarket,-0.957272705095825
3403090014,pasar_permanen,-0.7314875991867019
3403090014,pasar_semi_permanen,1.021321461378604
3403090014,restoran,-0.6550460549304316
3403090014,sentra_industri,-0.7105928641998783
3403090014,toko_kelontong,-0.7944431982677479
3403090014,warung_makan,-0.6605449844839197
3403100001,industri_mikro,1.432145468947172
3403100001,kelompok_pertokoan,0.2744080884250655
3403100001,minimarket,-0.957272705095825
3403100001,pasar_permanen,0.8704702430321755
3403100001,pasar_semi_permanen,-0.6354889093022426
3403100001,restoran,-0.6550460549304316
3403100001,sentra_industri,0.309865085044537
3403100001,toko_kelontong,-0.2780340067741167
3403100001,warung_makan,-0.6946687921390423
3403100002,industri_mikro,-0.5686505522482761
3403100002,kelompok_pertokoan,-0.271913469439383
3403100002,minimarket,-0.6826915362471208
3403100002,pasar_permanen,0.8704702430321755
3403100002,pasar_semi_permanen,-0.6354889093022426
3403100002,restoran,-0.1491208705546086
3403100002,sentra_industri,-0.7105928641998783
3403100002,toko_kelontong,-0.6022909409677921
3403100002,warung_makan,-0.7629164074492875
3403100003,industri_mikro,-0.5988133063366498
3403100003,kelompok_pertokoan,-0.8182350273038316
3403100003,minimarket,-0.6826915362471208
3403100003,pasar_permanen,-0.7314875991867019
3403100003,pasar_semi_permanen,-0.6354889093022426
3403100003,restoran,0.0195208575706656
3403100003,sentra_industri,-0.7105928641998783
3403100003,toko_kelontong,-0.4221481997490836
3403100003,warung_makan,-0.6605449844839197
3403100004,industri_mikro,-0.3977282790808258
3403100004,kelompok_pertokoan,-0.8182350273038316
3403100004,minimarket,-0.4081103673984165
3403100004,pasar_permanen,-0.7314875991867019
3403100004,pasar_semi_permanen,1.021321461378604
3403100004,restoran,-0.6550460549304316
3403100004,sentra_industri,-0.7105928641998783
3403100004,toko_kelontong,-0.3741101354240946
3403100004,warung_makan,-0.7629164074492875
3403100005,industri_mikro,-0.8300610876808473
3403100005,kelompok_pertokoan,-0.8182350273038316
3403100005,minimarket,-0.957272705095825
3403100005,pasar_permanen,-0.7314875991867019
3403100005,pasar_semi_permanen,-0.6354889093022426
3403100005,restoran,-0.6550460549304316
3403100005,sentra_industri,-0.7105928641998783
3403100005,toko_kelontong,-0.2780340067741167
3403100005,warung_makan,-0.79704021510441
3403100006,industri_mikro,-0.9004408472203856
3403100006,kelompok_pertokoan,-0.271913469439383
3403100006,minimarket,0.9647954768451046
3403100006,pasar_permanen,-0.7314875991867019
3403100006,pasar_semi_permanen,-0.6354889093022426
3403100006,restoran,-0.1491208705546086
3403100006,sentra_industri,-0.7105928641998783
3403100006,toko_kelontong,-0.8424812625927368
3403100006,warung_makan,-0.848225926587094
3403100007,industri_mikro,-0.9306036013087592
3403100007,kelompok_pertokoan,0.2744080884250655
3403100007,minimarket,-0.4081103673984165
3403100007,pasar_permanen,0.8704702430321755
3403100007,pasar_semi_permanen,-0.6354889093022426
3403100007,restoran,-0.4864043268051572
3403100007,sentra_industri,-0.7105928641998783
3403100007,toko_kelontong,-0.7103765856990172
3403100007,warung_makan,-0.7629164074492875
3403100008,industri_mikro,-0.920549349945968
3403100008,kelompok_pertokoan,0.2744080884250655
3403100008,minimarket,0.1410519702989919
3403100008,pasar_permanen,0.8704702430321755
3403100008,pasar_semi_permanen,1.021321461378604
3403100008,restoran,1.8745798669486828
3403100008,sentra_industri,0.309865085044537
3403100008,toko_kelontong,-0.2299959424491278
3403100008,warung_makan,-0.0292545428641519
3403100009,industri_mikro,-0.407782530443617
3403100009,kelompok_pertokoan,0.2744080884250655
3403100009,minimarket,0.9647954768451046
3403100009,pasar_permanen,-0.7314875991867019
3403100009,pasar_semi_permanen,1.021321461378604
3403100009,restoran,1.2000129544475855
3403100009,sentra_industri,2.350780983533368
3403100009,toko_kelontong,-0.6743480374552755
3403100009,warung_makan,-0.5411116576909907
3403100010,industri_mikro,-0.5988133063366498
3403100010,kelompok_pertokoan,0.2744080884250655
3403100010,minimarket,2.61228248993733
3403100010,pasar_permanen,2.4724280852510527
3403100010,pasar_semi_permanen,-0.6354889093022426
3403100010,restoran,0.3568043138212142
3403100010,sentra_industri,2.350780983533368
3403100010,toko_kelontong,-0.242005458530375
3403100010,warung_makan,1.028583494444648
3403100011,industri_mikro,-0.7094100713273529
3403100011,kelompok_pertokoan,0.8207296462895141
3403100011,minimarket,0.9647954768451046
3403100011,pasar_permanen,0.8704702430321755
3403100011,pasar_semi_permanen,-0.6354889093022426
3403100011,restoran,0.0195208575706656
3403100011,sentra_industri,-0.7105928641998783
3403100011,toko_kelontong,-0.494205296236567
3403100011,warung_makan,-0.1998735811397648
3403100012,industri_mikro,-0.5887590549738585
3403100012,kelompok_pertokoan,-0.8182350273038316
3403100012,minimarket,-0.1335291985497123
3403100012,pasar_permanen,0.8704702430321755
3403100012,pasar_semi_permanen,-0.6354889093022426
3403100012,restoran,-0.6550460549304316
3403100012,sentra_industri,-0.7105928641998783
3403100012,toko_kelontong,-0.8905193269177257
3403100012,warung_makan,-0.6264211768287972
3403100013,industri_mikro,-0.820006836318056
3403100013,kelompok_pertokoan,-0.8182350273038316
3403100013,minimarket,-0.957272705095825
3403100013,pasar_permanen,0.8704702430321755
3403100013,pasar_semi_permanen,-0.6354889093022426
3403100013,restoran,-0.6550460549304316
3403100013,sentra_industri,-0.7105928641998783
3403100013,toko_kelontong,-0.8064527143489951
3403100013,warung_makan,-0.8652878304146553
3403110001,industri_mikro,-0.7496270767785177
3403110001,kelompok_pertokoan,-0.8182350273038316
3403110001,minimarket,-0.957272705095825
3403110001,pasar_permanen,-0.7314875991867019
3403110001,pasar_semi_permanen,-0.6354889093022426
3403110001,restoran,-0.4864043268051572
3403110001,sentra_industri,-0.7105928641998783
3403110001,toko_kelontong,-0.7944431982677479
3403110001,warung_makan,-0.7117306959666037
3403110002,industri_mikro,-0.719464322690144
3403110002,kelompok_pertokoan,-0.8182350273038316
3403110002,minimarket,-0.957272705095825
3403110002,pasar_permanen,-0.7314875991867019
3403110002,pasar_semi_permanen,-0.6354889093022426
3403110002,restoran,-0.6550460549304316
3403110002,sentra_industri,0.309865085044537
3403110002,toko_kelontong,-0.6143004570490394
3403110002,warung_makan,-0.6946687921390423
3403110003,industri_mikro,-0.7797898308668912
3403110003,kelompok_pertokoan,0.8207296462895141
3403110003,minimarket,-0.1335291985497123
3403110003,pasar_permanen,-0.7314875991867019
3403110003,pasar_semi_permanen,1.021321461378604
3403110003,restoran,-0.317762598679883
3403110003,sentra_industri,-0.7105928641998783
3403110003,toko_kelontong,-0.7103765856990172
3403110003,warung_makan,-0.7117306959666037
3403110004,industri_mikro,-0.4781622899831553
3403110004,kelompok_pertokoan,0.2744080884250655
3403110004,minimarket,0.6902143079964004
3403110004,pasar_permanen,-0.7314875991867019
3403110004,pasar_semi_permanen,-0.6354889093022426
3403110004,restoran,-0.1491208705546086
3403110004,sentra_industri,-0.7105928641998783
3403110004,toko_kelontong,-0.4341577158303308
3403110004,warung_makan,-0.6776068883114811
3403110005,industri_mikro,-0.9607663553971328
3403110005,kelompok_pertokoan,-0.8182350273038316
3403110005,minimarket,-0.4081103673984165
3403110005,pasar_permanen,-0.7314875991867019
3403110005,pasar_semi_permanen,1.021321461378604
3403110005,restoran,-0.6550460549304316
3403110005,sentra_industri,0.309865085044537
3403110005,toko_kelontong,-0.4701862640740725
3403110005,warung_makan,-0.7458545036217262
3403110006,industri_mikro,0.6780766167378323
3403110006,kelompok_pertokoan,-0.271913469439383
3403110006,minimarket,0.4156331391476961
3403110006,pasar_permanen,-0.7314875991867019
3403110006,pasar_semi_permanen,1.021321461378604
3403110006,restoran,-0.1491208705546086
3403110006,sentra_industri,2.350780983533368
3403110006,toko_kelontong,0.0942609917445475
3403110006,warung_makan,-0.6264211768287972
3403110007,industri_mikro,-0.719464322690144
3403110007,kelompok_pertokoan,-0.8182350273038316
3403110007,minimarket,-0.6826915362471208
3403110007,pasar_permanen,-0.7314875991867019
3403110007,pasar_semi_permanen,-0.6354889093022426
3403110007,restoran,-0.6550460549304316
3403110007,sentra_industri,-0.7105928641998783
3403110007,toko_kelontong,-0.902528842998973
3403110007,warung_makan,-0.79704021510441
3403110008,industri_mikro,-0.6691930658761881
3403110008,kelompok_pertokoan,-0.271913469439383
3403110008,minimarket,-0.1335291985497123
3403110008,pasar_permanen,-0.7314875991867019
3403110008,pasar_semi_permanen,-0.6354889093022426
3403110008,restoran,0.0195208575706656
3403110008,sentra_industri,-0.7105928641998783
3403110008,toko_kelontong,-0.7343956178615118
3403110008,warung_makan,-0.5411116576909907
3403110009,industri_mikro,0.1351470431471076
3403110009,kelompok_pertokoan,-0.8182350273038316
3403110009,minimarket,-0.957272705095825
3403110009,pasar_permanen,-0.7314875991867019
3403110009,pasar_semi_permanen,1.021321461378604
3403110009,restoran,-0.6550460549304316
3403110009,sentra_industri,-0.7105928641998783
3403110009,toko_kelontong,-0.6143004570490394
3403110009,warung_makan,-0.1145640620019584
3403110010,industri_mikro,-0.3776197763552434
3403110010,kelompok_pertokoan,-0.8182350273038316
3403110010,minimarket,-0.957272705095825
3403110010,pasar_permanen,-0.7314875991867019
3403110010,pasar_semi_permanen,-0.6354889093022426
3403110010,restoran,0.0195208575706656
3403110010,sentra_industri,-0.7105928641998783
3403110010,toko_kelontong,-0.6383194892115338
3403110010,warung_makan,-0.7287925997941649
3403110011,industri_mikro,-0.2469145086389578
3403110011,kelompok_pertokoan,-0.8182350273038316
3403110011,minimarket,-0.957272705095825
3403110011,pasar_permanen,-0.7314875991867019
3403110011,pasar_semi_permanen,1.021321461378604
3403110011,restoran,-0.6550460549304316
3403110011,sentra_industri,0.309865085044537
3403110011,toko_kelontong,-0.8184622304302424
3403110011,warung_makan,-0.7458545036217262
3403120001,industri_mikro,-0.3776197763552434
3403120001,kelompok_pertokoan,-0.8182350273038316
3403120001,minimarket,-0.4081103673984165
3403120001,pasar_permanen,-0.7314875991867019
3403120001,pasar_semi_permanen,1.021321461378604
3403120001,restoran,-0.317762598679883
3403120001,sentra_industri,-0.7105928641998783
3403120001,toko_kelontong,0.1663180882320309
3403120001,warung_makan,-0.558173561518552
3403120002,industri_mikro,2.6215634051653702
3403120002,kelompok_pertokoan,-0.8182350273038316
3403120002,minimarket,-0.4081103673984165
3403120002,pasar_permanen,0.8704702430321755
3403120002,pasar_semi_permanen,-0.6354889093022426
3403120002,restoran,-0.317762598679883
3403120002,sentra_industri,-0.7105928641998783
3403120002,toko_kelontong,-0.242005458530375
3403120002,warung_makan,-0.5752354653461133
3403120003,industri_mikro,1.934858037086732
3403120003,kelompok_pertokoan,-0.8182350273038316
3403120003,minimarket,-0.957272705095825
3403120003,pasar_permanen,-0.7314875991867019
3403120003,pasar_semi_permanen,1.021321461378604
3403120003,restoran,-0.6550460549304316
3403120003,sentra_industri,1.3303230342889525
3403120003,toko_kelontong,-0.6743480374552755
3403120003,warung_makan,-0.8652878304146553
3403120004,industri_mikro,1.6633932502913695
3403120004,kelompok_pertokoan,-0.8182350273038316
3403120004,minimarket,-0.957272705095825
3403120004,pasar_permanen,-0.7314875991867019
3403120004,pasar_semi_permanen,1.021321461378604
3403120004,restoran,-0.6550460549304316
3403120004,sentra_industri,0.309865085044537
3403120004,toko_kelontong,-0.5782719088052977
3403120004,warung_makan,-0.3193069079326939
3403120005,industri_mikro,-0.8300610876808473
3403120005,kelompok_pertokoan,-0.8182350273038316
3403120005,minimarket,-0.957272705095825
3403120005,pasar_permanen,-0.7314875991867019
3403120005,pasar_semi_permanen,-0.6354889093022426
3403120005,restoran,-0.6550460549304316
3403120005,sentra_industri,-0.7105928641998783
3403120005,toko_kelontong,-0.7944431982677479
3403120005,warung_makan,-0.8311640227595327
3403120006,industri_mikro,0.1854182999610636
3403120006,kelompok_pertokoan,-0.8182350273038316
3403120006,minimarket,-0.6826915362471208
3403120006,pasar_permanen,-0.7314875991867019
3403120006,pasar_semi_permanen,-0.6354889093022426
3403120006,restoran,-0.6550460549304316
3403120006,sentra_industri,-0.7105928641998783
3403120006,toko_kelontong,-0.8785098108364785
3403120006,warung_makan,-0.8141021189319714
3403120007,industri_mikro,-0.8099525849552649
3403120007,kelompok_pertokoan,-0.8182350273038316
3403120007,minimarket,-0.957272705095825
3403120007,pasar_permanen,-0.7314875991867019
3403120007,pasar_semi_permanen,1.021321461378604
3403120007,restoran,-0.6550460549304316
3403120007,sentra_industri,-0.7105928641998783
3403120007,toko_kelontong,-0.4701862640740725
3403120007,warung_makan,-0.7458545036217262
3403130001,industri_mikro,-0.7596813281413088
3403130001,kelompok_pertokoan,-0.8182350273038316
3403130001,minimarket,-0.957272705095825
3403130001,pasar_permanen,-0.7314875991867019
3403130001,pasar_semi_permanen,-0.6354889093022426
3403130001,restoran,-0.6550460549304316
3403130001,sentra_industri,-0.7105928641998783
3403130001,toko_kelontong,-0.494205296236567
3403130001,warung_makan,-0.6776068883114811
3403130002,industri_mikro,-0.8401153390436384
3403130002,kelompok_pertokoan,-0.8182350273038316
3403130002,minimarket,0.4156331391476961
3403130002,pasar_permanen,0.8704702430321755
3403130002,pasar_semi_permanen,-0.6354889093022426
3403130002,restoran,-0.6550460549304316
3403130002,sentra_industri,-0.7105928641998783
3403130002,toko_kelontong,-0.4101386836678363
3403130002,warung_makan,-0.558173561518552
3403130003,industri_mikro,-0.256968760001749
3403130003,kelompok_pertokoan,-0.8182350273038316
3403130003,minimarket,-0.957272705095825
3403130003,pasar_permanen,-0.7314875991867019
3403130003,pasar_semi_permanen,-0.6354889093022426
3403130003,restoran,-0.6550460549304316
3403130003,sentra_industri,2.350780983533368
3403130003,toko_kelontong,-0.7343956178615118
3403130003,warung_makan,-0.8652878304146553
3403130004,industri_mikro,-0.4681080386203641
3403130004,kelompok_pertokoan,-0.271913469439383
3403130004,minimarket,-0.957272705095825
3403130004,pasar_permanen,-0.7314875991867019
3403130004,pasar_semi_permanen,2.6781318320594507
3403130004,restoran,-0.6550460549304316
3403130004,sentra_industri,2.350780983533368
3403130004,toko_kelontong,-0.4341577158303308
3403130004,warung_makan,-0.2851831002775713
3403130005,industri_mikro,-0.7596813281413088
3403130005,kelompok_pertokoan,-0.8182350273038316
3403130005,minimarket,-0.4081103673984165
3403130005,pasar_permanen,-0.7314875991867019
3403130005,pasar_semi_permanen,-0.6354889093022426
3403130005,restoran,-0.6550460549304316
3403130005,sentra_industri,1.3303230342889525
3403130005,toko_kelontong,-0.4821957801553198
3403130005,warung_makan,-0.6264211768287972
3403130006,industri_mikro,-0.3876740277180346
3403130006,kelompok_pertokoan,-0.271913469439383
3403130006,minimarket,-0.957272705095825
3403130006,pasar_permanen,0.8704702430321755
3403130006,pasar_semi_permanen,-0.6354889093022426
3403130006,restoran,-0.6550460549304316
3403130006,sentra_industri,-0.7105928641998783
3403130006,toko_kelontong,-0.6263099731302866
3403130006,warung_makan,-0.7287925997941649
3403130007,industri_mikro,-1.0512546176622537
3403130007,kelompok_pertokoan,-0.8182350273038316
3403130007,minimarket,-0.6826915362471208
3403130007,pasar_permanen,-0.7314875991867019
3403130007,pasar_semi_permanen,1.021321461378604
3403130007,restoran,-0.6550460549304316
3403130007,sentra_industri,1.3303230342889525
3403130007,toko_kelontong,-0.8424812625927368
3403130007,warung_makan,-0.6946687921390423
3403140001,industri_mikro,-0.870278093132012
3403140001,kelompok_pertokoan,-0.8182350273038316
3403140001,minimarket,-0.6826915362471208
3403140001,pasar_permanen,-0.7314875991867019
3403140001,pasar_semi_permanen,1.021321461378604
3403140001,restoran,-0.6550460549304316
3403140001,sentra_industri,-0.7105928641998783
3403140001,toko_kelontong,-0.7584146500240062
3403140001,warung_makan,-0.848225926587094
3403140002,industri_mikro,-0.6993558199645616
3403140002,kelompok_pertokoan,-0.8182350273038316
3403140002,minimarket,-0.957272705095825
3403140002,pasar_permanen,0.8704702430321755
3403140002,pasar_semi_permanen,-0.6354889093022426
3403140002,restoran,-0.6550460549304316
3403140002,sentra_industri,0.309865085044537
3403140002,toko_kelontong,-0.9265478751614674
3403140002,warung_makan,-0.8141021189319714
3403140003,industri_mikro,-0.9406578526715504
3403140003,kelompok_pertokoan,-0.271913469439383
3403140003,minimarket,0.4156331391476961
3403140003,pasar_permanen,0.8704702430321755
3403140003,pasar_semi_permanen,-0.6354889093022426
3403140003,restoran,-0.6550460549304316
3403140003,sentra_industri,2.350780983533368
3403140003,toko_kelontong,-0.7343956178615118
3403140003,warung_makan,-0.7117306959666037
3403140004,industri_mikro,-0.820006836318056
3403140004,kelompok_pertokoan,-0.8182350273038316
3403140004,minimarket,-0.957272705095825
3403140004,pasar_permanen,-0.7314875991867019
3403140004,pasar_semi_permanen,-0.6354889093022426
3403140004,restoran,-0.6550460549304316
3403140004,sentra_industri,-0.7105928641998783
3403140004,toko_kelontong,-0.494205296236567
3403140004,warung_makan,-0.7799783112768488
3403140005,industri_mikro,-0.6189218090622322
3403140005,kelompok_pertokoan,-0.8182350273038316
3403140005,minimarket,-0.4081103673984165
3403140005,pasar_permanen,-0.7314875991867019
3403140005,pasar_semi_permanen,1.021321461378604
3403140005,restoran,-0.6550460549304316
3403140005,sentra_industri,2.350780983533368
3403140005,toko_kelontong,-0.7824336821865007
3403140005,warung_makan,-0.6946687921390423
3403140006,industri_mikro,-0.920549349945968
3403140006,kelompok_pertokoan,-0.8182350273038316
3403140006,minimarket,-0.957272705095825
3403140006,pasar_permanen,-0.7314875991867019
3403140006,pasar_semi_permanen,1.021321461378604
3403140006,restoran,-0.6550460549304316
3403140006,sentra_industri,2.350780983533368
3403140006,toko_kelontong,-0.950566907323962
3403140006,warung_makan,-0.8141021189319714
3403150001,industri_mikro,-0.5787048036110674
3403150001,kelompok_pertokoan,-0.8182350273038316
3403150001,minimarket,-0.957272705095825
3403150001,pasar_permanen,-0.7314875991867019
3403150001,pasar_semi_permanen,1.021321461378604
3403150001,restoran,-0.6550460549304316
3403150001,sentra_industri,-0.7105928641998783
3403150001,toko_kelontong,-0.8424812625927368
3403150001,warung_makan,-0.7629164074492875
3403150002,industri_mikro,-0.9406578526715504
3403150002,kelompok_pertokoan,-0.8182350273038316
3403150002,minimarket,-0.957272705095825
3403150002,pasar_permanen,-0.7314875991867019
3403150002,pasar_semi_permanen,-0.6354889093022426
3403150002,restoran,-0.6550460549304316
3403150002,sentra_industri,-0.7105928641998783
3403150002,toko_kelontong,-0.4581767479928253
3403150002,warung_makan,-0.7629164074492875
3403150003,industri_mikro,1.08024667124948
3403150003,kelompok_pertokoan,0.8207296462895141
3403150003,minimarket,0.1410519702989919
3403150003,pasar_permanen,0.8704702430321755
3403150003,pasar_semi_permanen,-0.6354889093022426
3403150003,restoran,-0.4864043268051572
3403150003,sentra_industri,1.3303230342889525
3403150003,toko_kelontong,0.934927117431854
3403150003,warung_makan,0.1925502068941448
3403150004,industri_mikro,-0.9507121040343416
3403150004,kelompok_pertokoan,-0.8182350273038316
3403150004,minimarket,-0.957272705095825
3403150004,pasar_permanen,-0.7314875991867019
3403150004,pasar_semi_permanen,-0.6354889093022426
3403150004,restoran,-0.6550460549304316
3403150004,sentra_industri,0.309865085044537
3403150004,toko_kelontong,-0.6022909409677921
3403150004,warung_makan,-0.6434830806563585
3403150005,industri_mikro,-1.0814173717506272
3403150005,kelompok_pertokoan,-0.8182350273038316
3403150005,minimarket,-0.957272705095825
3403150005,pasar_permanen,-0.7314875991867019
3403150005,pasar_semi_permanen,-0.6354889093022426
3403150005,restoran,-0.6550460549304316
3403150005,sentra_industri,-0.7105928641998783
3403150005,toko_kelontong,-0.7944431982677479
3403150005,warung_makan,-0.7799783112768488
3403150006,industri_mikro,-0.7898440822296825
3403150006,kelompok_pertokoan,-0.8182350273038316
3403150006,minimarket,-0.957272705095825
3403150006,pasar_permanen,-0.7314875991867019
3403150006,pasar_semi_permanen,1.021321461378604
3403150006,restoran,-0.6550460549304316
3403150006,sentra_industri,-0.7105928641998783
3403150006,toko_kelontong,0.0342134113383113
3403150006,warung_makan,-0.5240497538634294
3403150007,industri_mikro,-0.7395728254157264
3403150007,kelompok_pertokoan,-0.8182350273038316
3403150007,minimarket,-0.4081103673984165
3403150007,pasar_permanen,-0.7314875991867019
3403150007,pasar_semi_permanen,-0.6354889093022426
3403150007,restoran,-0.6550460549304316
3403150007,sentra_industri,-0.7105928641998783
3403150007,toko_kelontong,-0.2179864263678806
3403150007,warung_makan,0.3119835336870739
3403150008,industri_mikro,-1.0009833608482976
3403150008,kelompok_pertokoan,-0.8182350273038316
3403150008,minimarket,-0.957272705095825
3403150008,pasar_permanen,-0.7314875991867019
3403150008,pasar_semi_permanen,-0.6354889093022426
3403150008,restoran,-0.6550460549304316
3403150008,sentra_industri,-0.7105928641998783
3403150008,toko_kelontong,-0.7103765856990172
3403150008,warung_makan,-0.848225926587094
3403150009,industri_mikro,-0.8300610876808473
3403150009,kelompok_pertokoan,-0.8182350273038316
3403150009,minimarket,-0.6826915362471208
3403150009,pasar_permanen,-0.7314875991867019
3403150009,pasar_semi_permanen,-0.6354889093022426
3403150009,restoran,-0.4864043268051572
3403150009,sentra_industri,0.309865085044537
3403150009,toko_kelontong,-0.3981291675865891
3403150009,warung_makan,-0.7287925997941649
3403150010,industri_mikro,-0.8602238417692208
3403150010,kelompok_pertokoan,-0.8182350273038316
3403150010,minimarket,-0.6826915362471208
3403150010,pasar_permanen,-0.7314875991867019
3403150010,pasar_semi_permanen,1.021321461378604
3403150010,restoran,-0.6550460549304316
3403150010,sentra_industri,2.350780983533368
3403150010,toko_kelontong,-0.4461672319115781
3403150010,warung_makan,-0.6264211768287972
3404010001,industri_mikro,0.869107392630865
3404010001,kelompok_pertokoan,0.2744080884250655
3404010001,minimarket,-0.6826915362471208
3404010001,pasar_permanen,-0.7314875991867019
3404010001,pasar_semi_permanen,2.6781318320594507
3404010001,restoran,-0.4864043268051572
3404010001,sentra_industri,1.3303230342889525
3404010001,toko_kelontong,0.6947367958069092
3404010001,warung_makan,0.1243025915838996
3404010002,industri_mikro,-0.1162092409226722
3404010002,kelompok_pertokoan,-0.8182350273038316
3404010002,minimarket,-0.6826915362471208
3404010002,pasar_permanen,0.8704702430321755
3404010002,pasar_semi_permanen,-0.6354889093022426
3404010002,restoran,-0.6550460549304316
3404010002,sentra_industri,-0.7105928641998783
3404010002,toko_kelontong,-0.085881749474161
3404010002,warung_makan,-0.5411116576909907
3404010003,industri_mikro,2.6215634051653702
3404010003,kelompok_pertokoan,0.2744080884250655
3404010003,minimarket,0.4156331391476961
3404010003,pasar_permanen,0.8704702430321755
3404010003,pasar_semi_permanen,1.021321461378604
3404010003,restoran,-0.4864043268051572
3404010003,sentra_industri,0.309865085044537
3404010003,toko_kelontong,0.5386130867506952
3404010003,warung_makan,0.2437359183768287
3404010004,industri_mikro,2.6215634051653702
3404010004,kelompok_pertokoan,-0.271913469439383
3404010004,minimarket,-0.6826915362471208
3404010004,pasar_permanen,0.8704702430321755
3404010004,pasar_semi_permanen,-0.6354889093022426
3404010004,restoran,-0.6550460549304316
3404010004,sentra_industri,2.350780983533368
3404010004,toko_kelontong,-0.3741101354240946
3404010004,warung_makan,-0.3875545232429391
3404020001,industri_mikro,1.2109519389657657
3404020001,kelompok_pertokoan,-0.8182350273038316
3404020001,minimarket,-0.4081103673984165
3404020001,pasar_permanen,-0.7314875991867019
3404020001,pasar_semi_permanen,1.021321461378604
3404020001,restoran,-0.4864043268051572
3404020001,sentra_industri,1.3303230342889525
3404020001,toko_kelontong,-0.2660244906928695
3404020001,warung_makan,-0.148687869657081
3404020002,industri_mikro,0.9394871521704034
3404020002,kelompok_pertokoan,0.2744080884250655
3404020002,minimarket,-0.1335291985497123
3404020002,pasar_permanen,-0.7314875991867019
3404020002,pasar_semi_permanen,-0.6354889093022426
3404020002,restoran,-0.4864043268051572
3404020002,sentra_industri,0.309865085044537
3404020002,toko_kelontong,-0.69836706961777
3404020002,warung_makan,-0.0975021581743971
3404020003,industri_mikro,-0.2268060059133754
3404020003,kelompok_pertokoan,-0.271913469439383
3404020003,minimarket,-0.6826915362471208
3404020003,pasar_permanen,0.8704702430321755
3404020003,pasar_semi_permanen,-0.6354889093022426
3404020003,restoran,-0.317762598679883
3404020003,sentra_industri,0.309865085044537
3404020003,toko_kelontong,0.2864132490445032
3404020003,warung_makan,0.3119835336870739
3404020004,industri_mikro,-0.0257209786575515
3404020004,kelompok_pertokoan,-0.8182350273038316
3404020004,minimarket,-0.957272705095825
3404020004,pasar_permanen,0.8704702430321755
3404020004,pasar_semi_permanen,-0.6354889093022426
3404020004,restoran,-0.6550460549304316
3404020004,sentra_industri,2.350780983533368
3404020004,toko_kelontong,-0.0618627173116665
3404020004,warung_makan,-0.7117306959666037
3404020005,industri_mikro,2.6215634051653702
3404020005,kelompok_pertokoan,-0.271913469439383
3404020005,minimarket,0.4156331391476961
3404020005,pasar_permanen,0.8704702430321755
3404020005,pasar_semi_permanen,-0.6354889093022426
3404020005,restoran,-0.4864043268051572
3404020005,sentra_industri,2.350780983533368
3404020005,toko_kelontong,0.3464608294507394
3404020005,warung_makan,-0.0633783505192745
3404030001,industri_mikro,1.7438272611936991
3404030001,kelompok_pertokoan,-0.271913469439383
3404030001,minimarket,-0.1335291985497123
3404030001,pasar_permanen,-0.7314875991867019
3404030001,pasar_semi_permanen,-0.6354889093022426
3404030001,restoran,0.862729498197037
3404030001,sentra_industri,1.3303230342889525
3404030001,toko_kelontong,-0.7343956178615118
3404030001,warung_makan,-0.1998735811397648
3404030002,industri_mikro,-0.2770772627273314
3404030002,kelompok_pertokoan,-0.271913469439383
3404030002,minimarket,0.1410519702989919
3404030002,pasar_permanen,-0.7314875991867019
3404030002,pasar_semi_permanen,-0.6354889093022426
3404030002,restoran,-0.4864043268051572
3404030002,sentra_industri,0.309865085044537
3404030002,toko_kelontong,-0.494205296236567
3404030002,warung_makan,-0.3363688117602552
3404030003,industri_mikro,0.7384021249145795
3404030003,kelompok_pertokoan,0.2744080884250655
3404030003,minimarket,0.9647954768451046
3404030003,pasar_permanen,-0.7314875991867019
3404030003,pasar_semi_permanen,-0.6354889093022426
3404030003,restoran,0.0195208575706656
3404030003,sentra_industri,1.3303230342889525
3404030003,toko_kelontong,-0.4581767479928253
3404030003,warung_makan,-0.4387402347256229
3404030004,industri_mikro,-0.156426246373837
3404030004,kelompok_pertokoan,0.2744080884250655
3404030004,minimarket,0.1410519702989919
3404030004,pasar_permanen,2.4724280852510527
3404030004,pasar_semi_permanen,-0.6354889093022426
3404030004,restoran,-0.4864043268051572
3404030004,sentra_industri,1.3303230342889525
3404030004,toko_kelontong,-0.6143004570490394
3404030004,warung_makan,-0.0292545428641519
3404030005,industri_mikro,-0.1262634922854634
3404030005,kelompok_pertokoan,-0.8182350273038316
3404030005,minimarket,0.6902143079964004
3404030005,pasar_permanen,-0.7314875991867019
3404030005,pasar_semi_permanen,1.021321461378604
3404030005,restoran,0.1881625856959399
3404030005,sentra_industri,-0.7105928641998783
3404030005,toko_kelontong,-0.6623385213740283
3404030005,warung_makan,-0.6264211768287972
3404040001,industri_mikro,0.9495414035331946
3404040001,kelompok_pertokoan,0.2744080884250655
3404040001,minimarket,-0.4081103673984165
3404040001,pasar_permanen,-0.7314875991867019
3404040001,pasar_semi_permanen,1.021321461378604
3404040001,restoran,-0.4864043268051572
3404040001,sentra_industri,0.309865085044537
3404040001,toko_kelontong,-0.6383194892115338
3404040001,warung_makan,-0.6434830806563585
3404040002,industri_mikro,1.4924709771239193
3404040002,kelompok_pertokoan,0.8207296462895141
3404040002,minimarket,-0.1335291985497123
3404040002,pasar_permanen,-0.7314875991867019
3404040002,pasar_semi_permanen,1.021321461378604
3404040002,restoran,-0.6550460549304316
3404040002,sentra_industri,0.309865085044537
3404040002,toko_kelontong,-0.5182243283990615
3404040002,warung_makan,0.3972930528248803
3404040003,industri_mikro,0.1250927917843164
3404040003,kelompok_pertokoan,-0.271913469439383
3404040003,minimarket,-0.6826915362471208
3404040003,pasar_permanen,-0.7314875991867019
3404040003,pasar_semi_permanen,-0.6354889093022426
3404040003,restoran,-0.6550460549304316
3404040003,sentra_industri,-0.7105928641998783
3404040003,toko_kelontong,-0.494205296236567
3404040003,warung_makan,-0.5411116576909907
3404040004,industri_mikro,-0.1664804977366282
3404040004,kelompok_pertokoan,1.3670512041539626
3404040004,minimarket,0.6902143079964004
3404040004,pasar_permanen,0.8704702430321755
3404040004,pasar_semi_permanen,-0.6354889093022426
3404040004,restoran,1.8745798669486828
3404040004,sentra_industri,0.309865085044537
3404040004,toko_kelontong,-0.3140625550178585
3404040004,warung_makan,0.7044073217209836
3404040005,industri_mikro,1.3014402012308866
3404040005,kelompok_pertokoan,0.8207296462895141
3404040005,minimarket,0.4156331391476961
3404040005,pasar_permanen,2.4724280852510527
3404040005,pasar_semi_permanen,1.021321461378604
3404040005,restoran,1.5372964106981342
3404040005,sentra_industri,2.350780983533368
3404040005,toko_kelontong,-0.1339198137991499
3404040005,warung_makan,0.6532216102382997
3404040006,industri_mikro,1.0903009226122713
3404040006,kelompok_pertokoan,1.3670512041539626
3404040006,minimarket,1.788538983391217
3404040006,pasar_permanen,-0.7314875991867019
3404040006,pasar_semi_permanen,-0.6354889093022426
3404040006,restoran,0.1881625856959399
3404040006,sentra_industri,1.3303230342889525
3404040006,toko_kelontong,0.2864132490445032
3404040006,warung_makan,0.0560549762736545
3404040007,industri_mikro,-0.0156667272947603
3404040007,kelompok_pertokoan,0.2744080884250655
3404040007,minimarket,0.1410519702989919
3404040007,pasar_permanen,-0.7314875991867019
3404040007,pasar_semi_permanen,-0.6354889093022426
3404040007,restoran,0.1881625856959399
3404040007,sentra_industri,-0.7105928641998783
3404040007,toko_kelontong,-0.7704241661052534
3404040007,warung_makan,0.2266740145492674
3404050001,industri_mikro,2.6215634051653702
3404050001,kelompok_pertokoan,-0.8182350273038316
3404050001,minimarket,1.788538983391217
3404050001,pasar_permanen,0.8704702430321755
3404050001,pasar_semi_permanen,-0.6354889093022426
3404050001,restoran,1.36865468257286
3404050001,sentra_industri,-0.7105928641998783
3404050001,toko_kelontong,2.813215432538921
3404050001,warung_makan,2.649464358062971
3404050002,industri_mikro,1.5025252284867103
3404050002,kelompok_pertokoan,1.3670512041539626
3404050002,minimarket,2.61228248993733
3404050002,pasar_permanen,2.4724280852510527
3404050002,pasar_semi_permanen,1.021321461378604
3404050002,restoran,2.380505051324506
3404050002,sentra_industri,-0.7105928641998783
3404050002,toko_kelontong,2.813215432538921
3404050002,warung_makan,2.820083396338584
3404050003,industri_mikro,0.3663948244913051
3404050003,kelompok_pertokoan,1.3670512041539626
3404050003,minimarket,2.337701321088625
3404050003,pasar_permanen,0.8704702430321755
3404050003,pasar_semi_permanen,-0.6354889093022426
3404050003,restoran,2.911726494919116
3404050003,sentra_industri,2.350780983533368
3404050003,toko_kelontong,2.7483640457001863
3404050003,warung_makan,2.2741024738566225
3404050004,industri_mikro,0.3865033272168875
3404050004,kelompok_pertokoan,1.913372762018411
3404050004,minimarket,2.063120152239921
3404050004,pasar_permanen,2.4724280852510527
3404050004,pasar_semi_permanen,-0.6354889093022426
3404050004,restoran,2.54914677944978
3404050004,sentra_industri,1.3303230342889525
3404050004,toko_kelontong,2.813215432538921
3404050004,warung_makan,2.820083396338584
3404050005,industri_mikro,0.4367745840308435
3404050005,kelompok_pertokoan,-0.8182350273038316
3404050005,minimarket,2.063120152239921
3404050005,pasar_permanen,0.8704702430321755
3404050005,pasar_semi_permanen,-0.6354889093022426
3404050005,restoran,2.043221595073957
3404050005,sentra_industri,-0.7105928641998783
3404050005,toko_kelontong,2.813215432538921
3404050005,warung_makan,2.820083396338584
3404060001,industri_mikro,0.768564879002953
3404060001,kelompok_pertokoan,-0.8182350273038316
3404060001,minimarket,-0.957272705095825
3404060001,pasar_permanen,-0.7314875991867019
3404060001,pasar_semi_permanen,-0.6354889093022426
3404060001,restoran,-0.317762598679883
3404060001,sentra_industri,0.309865085044537
3404060001,toko_kelontong,-0.8184622304302424
3404060001,warung_makan,-0.3193069079326939
3404060002,industri_mikro,1.170734933514601
3404060002,kelompok_pertokoan,1.3670512041539626
3404060002,minimarket,1.788538983391217
3404060002,pasar_permanen,0.8704702430321755
3404060002,pasar_semi_permanen,-0.6354889093022426
3404060002,restoran,0.0195208575706656
3404060002,sentra_industri,-0.7105928641998783
3404060002,toko_kelontong,2.813215432538921
3404060002,warung_makan,-0.1657497734846423
3404060003,industri_mikro,-0.6490845631506057
3404060003,kelompok_pertokoan,0.8207296462895141
3404060003,minimarket,0.6902143079964004
3404060003,pasar_permanen,-0.7314875991867019
3404060003,pasar_semi_permanen,1.021321461378604
3404060003,restoran,-0.4864043268051572
3404060003,sentra_industri,-0.7105928641998783
3404060003,toko_kelontong,1.7275551787941714
3404060003,warung_makan,0.2437359183768287
3404060004,industri_mikro,-0.558596300885485
3404060004,kelompok_pertokoan,2.45969431988286
3404060004,minimarket,2.337701321088625
3404060004,pasar_permanen,0.8704702430321755
3404060004,pasar_semi_permanen,-0.6354889093022426
3404060004,restoran,1.0313712263223114
3404060004,sentra_industri,-0.7105928641998783
3404060004,toko_kelontong,2.813215432538921
3404060004,warung_makan,0.78971684085879
3404060005,industri_mikro,-0.5384877981599026
3404060005,kelompok_pertokoan,2.45969431988286
3404060005,minimarket,2.61228248993733
3404060005,pasar_permanen,2.4724280852510527
3404060005,pasar_semi_permanen,-0.6354889093022426
3404060005,restoran,2.911726494919116
3404060005,sentra_industri,-0.7105928641998783
3404060005,toko_kelontong,2.813215432538921
3404060005,warung_makan,2.820083396338584
3404070001,industri_mikro,0.8288903871797002
3404070001,kelompok_pertokoan,2.45969431988286
3404070001,minimarket,2.61228248993733
3404070001,pasar_permanen,0.8704702430321755
3404070001,pasar_semi_permanen,1.021321461378604
3404070001,restoran,2.911726494919116
3404070001,sentra_industri,-0.7105928641998783
3404070001,toko_kelontong,2.813215432538921
3404070001,warung_makan,2.820083396338584
3404070002,industri_mikro,-0.156426246373837
3404070002,kelompok_pertokoan,1.913372762018411
3404070002,minimarket,2.61228248993733
3404070002,pasar_permanen,2.4724280852510527
3404070002,pasar_semi_permanen,-0.6354889093022426
3404070002,restoran,2.54914677944978
3404070002,sentra_industri,-0.7105928641998783
3404070002,toko_kelontong,2.813215432538921
3404070002,warung_makan,2.820083396338584
3404070003,industri_mikro,-0.0056124759319691
3404070003,kelompok_pertokoan,2.45969431988286
3404070003,minimarket,2.61228248993733
3404070003,pasar_permanen,2.4724280852510527
3404070003,pasar_semi_permanen,-0.6354889093022426
3404070003,restoran,2.911726494919116
3404070003,sentra_industri,-0.7105928641998783
3404070003,toko_kelontong,2.813215432538921
3404070003,warung_makan,2.820083396338584
3404080001,industri_mikro,0.7484563762773706
3404080001,kelompok_pertokoan,-0.271913469439383
3404080001,minimarket,0.6902143079964004
3404080001,pasar_permanen,0.8704702430321755
3404080001,pasar_semi_permanen,-0.6354889093022426
3404080001,restoran,-0.1491208705546086
3404080001,sentra_industri,2.350780983533368
3404080001,toko_kelontong,-0.2780340067741167
3404080001,warung_makan,-0.0121926390365906
3404080002,industri_mikro,2.6215634051653702
3404080002,kelompok_pertokoan,1.3670512041539626
3404080002,minimarket,2.063120152239921
3404080002,pasar_permanen,-0.7314875991867019
3404080002,pasar_semi_permanen,-0.6354889093022426
3404080002,restoran,-0.1491208705546086
3404080002,sentra_industri,-0.7105928641998783
3404080002,toko_kelontong,-0.4581767479928253
3404080002,warung_makan,-0.0292545428641519
3404080003,industri_mikro,-0.5183792954343202
3404080003,kelompok_pertokoan,1.3670512041539626
3404080003,minimarket,0.4156331391476961
3404080003,pasar_permanen,0.8704702430321755
3404080003,pasar_semi_permanen,-0.6354889093022426
3404080003,restoran,-0.6550460549304316
3404080003,sentra_industri,-0.7105928641998783
3404080003,toko_kelontong,-0.5542528766428032
3404080003,warung_makan,-0.6264211768287972
3404080004,industri_mikro,-0.156426246373837
3404080004,kelompok_pertokoan,-0.271913469439383
3404080004,minimarket,1.239376645693809
3404080004,pasar_permanen,2.4724280852510527
3404080004,pasar_semi_permanen,-0.6354889093022426
3404080004,restoran,-0.1491208705546086
3404080004,sentra_industri,-0.7105928641998783
3404080004,toko_kelontong,2.0878406612315885
3404080004,warung_makan,0.2778597260319513
3404090001,industri_mikro,-0.7697355795041001
3404090001,kelompok_pertokoan,-0.271913469439383
3404090001,minimarket,0.1410519702989919
3404090001,pasar_permanen,0.8704702430321755
3404090001,pasar_semi_permanen,-0.6354889093022426
3404090001,restoran,-0.6550460549304316
3404090001,sentra_industri,0.309865085044537
3404090001,toko_kelontong,0.1182800239070419
3404090001,warung_makan,-0.4387402347256229
3404090002,industri_mikro,-0.9406578526715504
3404090002,kelompok_pertokoan,-0.8182350273038316
3404090002,minimarket,-0.957272705095825
3404090002,pasar_permanen,-0.7314875991867019
3404090002,pasar_semi_permanen,-0.6354889093022426
3404090002,restoran,-0.4864043268051572
3404090002,sentra_industri,-0.7105928641998783
3404090002,toko_kelontong,-0.8905193269177257
3404090002,warung_makan,-0.8311640227595327
3404090003,industri_mikro,-0.8401153390436384
3404090003,kelompok_pertokoan,-0.8182350273038316
3404090003,minimarket,-0.957272705095825
3404090003,pasar_permanen,0.8704702430321755
3404090003,pasar_semi_permanen,-0.6354889093022426
3404090003,restoran,-0.6550460549304316
3404090003,sentra_industri,-0.7105928641998783
3404090003,toko_kelontong,-0.8785098108364785
3404090003,warung_makan,-0.7458545036217262
3404090004,industri_mikro,-0.6390303117878146
3404090004,kelompok_pertokoan,-0.8182350273038316
3404090004,minimarket,-0.957272705095825
3404090004,pasar_permanen,-0.7314875991867019
3404090004,pasar_semi_permanen,-0.6354889093022426
3404090004,restoran,-0.317762598679883
3404090004,sentra_industri,-0.7105928641998783
3404090004,toko_kelontong,-0.746405133942759
3404090004,warung_makan,-0.5240497538634294
3404090005,industri_mikro,-0.2971857654529138
3404090005,kelompok_pertokoan,-0.271913469439383
3404090005,minimarket,0.9647954768451046
3404090005,pasar_permanen,0.8704702430321755
3404090005,pasar_semi_permanen,1.021321461378604
3404090005,restoran,-0.1491208705546086
3404090005,sentra_industri,-0.7105928641998783
3404090005,toko_kelontong,-0.0618627173116665
3404090005,warung_makan,-0.2851831002775713
3404090006,industri_mikro,-0.7998983335924736
3404090006,kelompok_pertokoan,0.2744080884250655
3404090006,minimarket,-0.1335291985497123
3404090006,pasar_permanen,0.8704702430321755
3404090006,pasar_semi_permanen,1.021321461378604
3404090006,restoran,0.1881625856959399
3404090006,sentra_industri,-0.7105928641998783
3404090006,toko_kelontong,1.1030603425693153
3404090006,warung_makan,0.78971684085879
3404100001,industri_mikro,0.4568830867564259
3404100001,kelompok_pertokoan,1.913372762018411
3404100001,minimarket,2.61228248993733
3404100001,pasar_permanen,0.8704702430321755
3404100001,pasar_semi_permanen,2.6781318320594507
3404100001,restoran,1.7059381388234085
3404100001,sentra_industri,-0.7105928641998783
3404100001,toko_kelontong,2.813215432538921
3404100001,warung_makan,2.820083396338584
3404100002,industri_mikro,0.2960150649517667
3404100002,kelompok_pertokoan,-0.271913469439383
3404100002,minimarket,0.9647954768451046
3404100002,pasar_permanen,0.8704702430321755
3404100002,pasar_semi_permanen,-0.6354889093022426
3404100002,restoran,2.043221595073957
3404100002,sentra_industri,0.309865085044537
3404100002,toko_kelontong,2.813215432538921
3404100002,warung_makan,0.8750263599965965
3404100003,industri_mikro,0.4367745840308435
3404100003,kelompok_pertokoan,-0.8182350273038316
3404100003,minimarket,-0.1335291985497123
3404100003,pasar_permanen,0.8704702430321755
3404100003,pasar_semi_permanen,-0.6354889093022426
3404100003,restoran,0.862729498197037
3404100003,sentra_industri,-0.7105928641998783
3404100003,toko_kelontong,2.813215432538921
3404100003,warung_makan,2.7006500695456546
3404100004,industri_mikro,0.7786191303657443
3404100004,kelompok_pertokoan,-0.271913469439383
3404100004,minimarket,-0.4081103673984165
3404100004,pasar_permanen,0.8704702430321755
3404100004,pasar_semi_permanen,-0.6354889093022426
3404100004,restoran,-0.4864043268051572
3404100004,sentra_industri,0.309865085044537
3404100004,toko_kelontong,1.139088890813057
3404100004,warung_makan,0.5849739949280546
3404110001,industri_mikro,0.3462863217657227
3404110001,kelompok_pertokoan,2.45969431988286
3404110001,minimarket,2.063120152239921
3404110001,pasar_permanen,0.8704702430321755
3404110001,pasar_semi_permanen,1.021321461378604
3404110001,restoran,1.8745798669486828
3404110001,sentra_industri,-0.7105928641998783
3404110001,toko_kelontong,2.813215432538921
3404110001,warung_makan,2.820083396338584
3404110002,industri_mikro,0.255798059500602
3404110002,kelompok_pertokoan,2.45969431988286
3404110002,minimarket,2.337701321088625
3404110002,pasar_permanen,0.8704702430321755
3404110002,pasar_semi_permanen,-0.6354889093022426
3404110002,restoran,2.911726494919116
3404110002,sentra_industri,-0.7105928641998783
3404110002,toko_kelontong,2.207935822044061
3404110002,warung_makan,2.444721512132235
3404110003,industri_mikro,-0.407782530443617
3404110003,kelompok_pertokoan,1.3670512041539626
3404110003,minimarket,0.9647954768451046
3404110003,pasar_permanen,2.4724280852510527
3404110003,pasar_semi_permanen,-0.6354889093022426
3404110003,restoran,-0.1491208705546086
3404110003,sentra_industri,-0.7105928641998783
3404110003,toko_kelontong,0.6827272797256619
3404110003,warung_makan,0.26079782220439
3404110004,industri_mikro,-0.156426246373837
3404110004,kelompok_pertokoan,-0.8182350273038316
3404110004,minimarket,1.239376645693809
3404110004,pasar_permanen,0.8704702430321755
3404110004,pasar_semi_permanen,-0.6354889093022426
3404110004,restoran,1.0313712263223114
3404110004,sentra_industri,0.309865085044537
3404110004,toko_kelontong,0.4425369581007173
3404110004,warung_makan,-0.1998735811397648
3404110005,industri_mikro,0.3663948244913051
3404110005,kelompok_pertokoan,-0.271913469439383
3404110005,minimarket,-0.1335291985497123
3404110005,pasar_permanen,0.8704702430321755
3404110005,pasar_semi_permanen,-0.6354889093022426
3404110005,restoran,-0.6550460549304316
3404110005,sentra_industri,-0.7105928641998783
3404110005,toko_kelontong,0.0462229274195585
3404110005,warung_makan,-0.4046164270705004
3404120001,industri_mikro,0.869107392630865
3404120001,kelompok_pertokoan,2.45969431988286
3404120001,minimarket,2.61228248993733
3404120001,pasar_permanen,0.8704702430321755
3404120001,pasar_semi_permanen,-0.6354889093022426
3404120001,restoran,2.911726494919116
3404120001,sentra_industri,0.309865085044537
3404120001,toko_kelontong,0.4425369581007173
3404120001,warung_makan,1.5233787054439256
3404120002,industri_mikro,-0.7797898308668912
3404120002,kelompok_pertokoan,1.3670512041539626
3404120002,minimarket,2.61228248993733
3404120002,pasar_permanen,0.8704702430321755
3404120002,pasar_semi_permanen,1.021321461378604
3404120002,restoran,2.911726494919116
3404120002,sentra_industri,-0.7105928641998783
3404120002,toko_kelontong,2.813215432538921
3404120002,warung_makan,1.7110596475470998
3404120003,industri_mikro,0.255798059500602
3404120003,kelompok_pertokoan,-0.271913469439383
3404120003,minimarket,0.9647954768451046
3404120003,pasar_permanen,-0.7314875991867019
3404120003,pasar_semi_permanen,-0.6354889093022426
3404120003,restoran,-0.317762598679883
3404120003,sentra_industri,1.3303230342889525
3404120003,toko_kelontong,-0.7223861017802644
3404120003,warung_makan,0.0048692647909706
3404120004,industri_mikro,-0.357511273629661
3404120004,kelompok_pertokoan,-0.8182350273038316
3404120004,minimarket,2.063120152239921
3404120004,pasar_permanen,-0.7314875991867019
3404120004,pasar_semi_permanen,1.021321461378604
3404120004,restoran,0.5254460419464885
3404120004,sentra_industri,-0.7105928641998783
3404120004,toko_kelontong,0.070241959582053
3404120004,warung_makan,-0.2851831002775713
3404120005,industri_mikro,1.784044266644864
3404120005,kelompok_pertokoan,0.8207296462895141
3404120005,minimarket,2.337701321088625
3404120005,pasar_permanen,0.8704702430321755
3404120005,pasar_semi_permanen,-0.6354889093022426
3404120005,restoran,0.1881625856959399
3404120005,sentra_industri,1.3303230342889525
3404120005,toko_kelontong,2.8084116261064227
3404120005,warung_makan,2.820083396338584
3404120006,industri_mikro,-0.3776197763552434
3404120006,kelompok_pertokoan,1.913372762018411
3404120006,minimarket,0.6902143079964004
3404120006,pasar_permanen,-0.7314875991867019
3404120006,pasar_semi_permanen,-0.6354889093022426
3404120006,restoran,0.3568043138212142
3404120006,sentra_industri,-0.7105928641998783
3404120006,toko_kelontong,-0.5182243283990615
3404120006,warung_makan,-0.4728640423807455
3404130001,industri_mikro,0.2759065622261843
3404130001,kelompok_pertokoan,0.8207296462895141
3404130001,minimarket,0.9647954768451046
3404130001,pasar_permanen,0.8704702430321755
3404130001,pasar_semi_permanen,-0.6354889093022426
3404130001,restoran,0.0195208575706656
3404130001,sentra_industri,-0.7105928641998783
3404130001,toko_kelontong,2.813215432538921
3404130001,warung_makan,0.380231148997319
3404130002,industri_mikro,2.035400550714644
3404130002,kelompok_pertokoan,1.3670512041539626
3404130002,minimarket,2.61228248993733
3404130002,pasar_permanen,-0.7314875991867019
3404130002,pasar_semi_permanen,1.021321461378604
3404130002,restoran,0.6940877700717627
3404130002,sentra_industri,-0.7105928641998783
3404130002,toko_kelontong,2.813215432538921
3404130002,warung_makan,1.2162644365478223
3404130003,industri_mikro,0.2256353054122284
3404130003,kelompok_pertokoan,1.3670512041539626
3404130003,minimarket,0.9647954768451046
3404130003,pasar_permanen,2.4724280852510527
3404130003,pasar_semi_permanen,-0.6354889093022426
3404130003,restoran,2.911726494919116
3404130003,sentra_industri,-0.7105928641998783
3404130003,toko_kelontong,2.027793080825352
3404130003,warung_makan,1.250388244202945
3404130004,industri_mikro,2.6215634051653702
3404130004,kelompok_pertokoan,0.2744080884250655
3404130004,minimarket,1.239376645693809
3404130004,pasar_permanen,-0.7314875991867019
3404130004,pasar_semi_permanen,-0.6354889093022426
3404130004,restoran,1.2000129544475855
3404130004,sentra_industri,0.309865085044537
3404130004,toko_kelontong,1.0670317943255736
3404130004,warung_makan,0.6873454178934223
3404130005,industri_mikro,0.15525554587269
3404130005,kelompok_pertokoan,-0.8182350273038316
3404130005,minimarket,0.6902143079964004
3404130005,pasar_permanen,-0.7314875991867019
3404130005,pasar_semi_permanen,-0.6354889093022426
3404130005,restoran,-0.317762598679883
3404130005,sentra_industri,-0.7105928641998783
3404130005,toko_kelontong,0.2023466364757726
3404130005,warung_makan,0.3461073413421964
3404140001,industri_mikro,-0.870278093132012
3404140001,kelompok_pertokoan,0.2744080884250655
3404140001,minimarket,-0.6826915362471208
3404140001,pasar_permanen,-0.7314875991867019
3404140001,pasar_semi_permanen,-0.6354889093022426
3404140001,restoran,-0.4864043268051572
3404140001,sentra_industri,-0.7105928641998783
3404140001,toko_kelontong,1.2591840516255293
3404140001,warung_makan,-0.5411116576909907
3404140002,industri_mikro,-1.011037612211089
3404140002,kelompok_pertokoan,-0.271913469439383
3404140002,minimarket,-0.957272705095825
3404140002,pasar_permanen,-0.7314875991867019
3404140002,pasar_semi_permanen,-0.6354889093022426
3404140002,restoran,-0.6550460549304316
3404140002,sentra_industri,-0.7105928641998783
3404140002,toko_kelontong,-0.6022909409677921
3404140002,warung_makan,-0.6946687921390423
3404140003,industri_mikro,-0.870278093132012
3404140003,kelompok_pertokoan,0.2744080884250655
3404140003,minimarket,-0.6826915362471208
3404140003,pasar_permanen,-0.7314875991867019
3404140003,pasar_semi_permanen,1.021321461378604
3404140003,restoran,-0.6550460549304316
3404140003,sentra_industri,0.309865085044537
3404140003,toko_kelontong,-0.3140625550178585
3404140003,warung_makan,-0.6093592730012358
3404140004,industri_mikro,-0.920549349945968
3404140004,kelompok_pertokoan,-0.271913469439383
3404140004,minimarket,-0.6826915362471208
3404140004,pasar_permanen,-0.7314875991867019
3404140004,pasar_semi_permanen,-0.6354889093022426
3404140004,restoran,-0.6550460549304316
3404140004,sentra_industri,0.309865085044537
3404140004,toko_kelontong,-0.5902814248865449
3404140004,warung_makan,-0.5922973691736746
3404140005,industri_mikro,-0.920549349945968
3404140005,kelompok_pertokoan,-0.271913469439383
3404140005,minimarket,-0.957272705095825
3404140005,pasar_permanen,-0.7314875991867019
3404140005,pasar_semi_permanen,-0.6354889093022426
3404140005,restoran,-0.6550460549304316
3404140005,sentra_industri,0.309865085044537
3404140005,toko_kelontong,-0.494205296236567
3404140005,warung_makan,-0.4899259462083068
3404140006,industri_mikro,0.3563405731285139
3404140006,kelompok_pertokoan,0.8207296462895141
3404140006,minimarket,0.1410519702989919
3404140006,pasar_permanen,0.8704702430321755
3404140006,pasar_semi_permanen,1.021321461378604
3404140006,restoran,0.5254460419464885
3404140006,sentra_industri,-0.7105928641998783
3404140006,toko_kelontong,2.0998501773128355
3404140006,warung_makan,0.0048692647909706
3404140007,industri_mikro,0.0446587808819868
3404140007,kelompok_pertokoan,2.45969431988286
3404140007,minimarket,0.1410519702989919
3404140007,pasar_permanen,0.8704702430321755
3404140007,pasar_semi_permanen,-0.6354889093022426
3404140007,restoran,0.3568043138212142
3404140007,sentra_industri,-0.7105928641998783
3404140007,toko_kelontong,2.6522879170502085
3404140007,warung_makan,0.1413644954114609
3404140008,industri_mikro,0.0245502781564044
3404140008,kelompok_pertokoan,-0.8182350273038316
3404140008,minimarket,-0.957272705095825
3404140008,pasar_permanen,-0.7314875991867019
3404140008,pasar_semi_permanen,-0.6354889093022426
3404140008,restoran,-0.317762598679883
3404140008,sentra_industri,-0.7105928641998783
3404140008,toko_kelontong,-0.5182243283990615
3404140008,warung_makan,-0.5240497538634294
3404150001,industri_mikro,-0.7797898308668912
3404150001,kelompok_pertokoan,-0.8182350273038316
3404150001,minimarket,1.513957814542513
3404150001,pasar_permanen,-0.7314875991867019
3404150001,pasar_semi_permanen,1.021321461378604
3404150001,restoran,-0.1491208705546086
3404150001,sentra_industri,-0.7105928641998783
3404150001,toko_kelontong,-0.3621006193428474
3404150001,warung_makan,-0.6264211768287972
3404150002,industri_mikro,0.2859608135889755
3404150002,kelompok_pertokoan,-0.271913469439383
3404150002,minimarket,0.9647954768451046
3404150002,pasar_permanen,0.8704702430321755
3404150002,pasar_semi_permanen,-0.6354889093022426
3404150002,restoran,-0.1491208705546086
3404150002,sentra_industri,-0.7105928641998783
3404150002,toko_kelontong,0.3464608294507394
3404150002,warung_makan,-0.2851831002775713
3404150003,industri_mikro,-0.1765347490994194
3404150003,kelompok_pertokoan,-0.8182350273038316
3404150003,minimarket,0.1410519702989919
3404150003,pasar_permanen,0.8704702430321755
3404150003,pasar_semi_permanen,-0.6354889093022426
3404150003,restoran,0.0195208575706656
3404150003,sentra_industri,-0.7105928641998783
3404150003,toko_kelontong,-0.7944431982677479
3404150003,warung_makan,-0.5069878500358681
3404150004,industri_mikro,0.1351470431471076
3404150004,kelompok_pertokoan,-0.8182350273038316
3404150004,minimarket,0.6902143079964004
3404150004,pasar_permanen,2.4724280852510527
3404150004,pasar_semi_permanen,-0.6354889093022426
3404150004,restoran,-0.1491208705546086
3404150004,sentra_industri,-0.7105928641998783
3404150004,toko_kelontong,-0.4221481997490836
3404150004,warung_makan,-0.5411116576909907
3404160001,industri_mikro,1.7538815125564904
3404160001,kelompok_pertokoan,-0.271913469439383
3404160001,minimarket,0.1410519702989919
3404160001,pasar_permanen,0.8704702430321755
3404160001,pasar_semi_permanen,1.021321461378604
3404160001,restoran,-0.1491208705546086
3404160001,sentra_industri,-0.7105928641998783
3404160001,toko_kelontong,1.451336308925485
3404160001,warung_makan,1.5233787054439256
3404160002,industri_mikro,1.1405721794262274
3404160002,kelompok_pertokoan,0.8207296462895141
3404160002,minimarket,-0.4081103673984165
3404160002,pasar_permanen,-0.7314875991867019
3404160002,pasar_semi_permanen,-0.6354889093022426
3404160002,restoran,-0.4864043268051572
3404160002,sentra_industri,-0.7105928641998783
3404160002,toko_kelontong,-0.4101386836678363
3404160002,warung_makan,-0.6264211768287972
3404160003,industri_mikro,-0.5787048036110674
3404160003,kelompok_pertokoan,-0.271913469439383
3404160003,minimarket,-0.4081103673984165
3404160003,pasar_permanen,-0.7314875991867019
3404160003,pasar_semi_permanen,-0.6354889093022426
3404160003,restoran,2.7177885075750545
3404160003,sentra_industri,-0.7105928641998783
3404160003,toko_kelontong,0.1062705078257947
3404160003,warung_makan,-0.3704926194153778
3404160004,industri_mikro,0.3663948244913051
3404160004,kelompok_pertokoan,0.8207296462895141
3404160004,minimarket,0.6902143079964004
3404160004,pasar_permanen,0.8704702430321755
3404160004,pasar_semi_permanen,-0.6354889093022426
3404160004,restoran,0.3568043138212142
3404160004,sentra_industri,-0.7105928641998783
3404160004,toko_kelontong,1.3912887285192488
3404160004,warung_makan,-0.0804402543468358
3404160005,industri_mikro,0.0748215349703604
3404160005,kelompok_pertokoan,-0.271913469439383
3404160005,minimarket,-0.4081103673984165
3404160005,pasar_permanen,0.8704702430321755
3404160005,pasar_semi_permanen,-0.6354889093022426
3404160005,restoran,0.0195208575706656
3404160005,sentra_industri,-0.7105928641998783
3404160005,toko_kelontong,0.4305274420194701
3404160005,warung_makan,0.1584263992390222
3404170001,industri_mikro,0.2457438081378108
3404170001,kelompok_pertokoan,-0.271913469439383
3404170001,minimarket,0.9647954768451046
3404170001,pasar_permanen,-0.7314875991867019
3404170001,pasar_semi_permanen,1.021321461378604
3404170001,restoran,1.7059381388234085
3404170001,sentra_industri,-0.7105928641998783
3404170001,toko_kelontong,0.1663180882320309
3404170001,warung_makan,0.1584263992390222
3404170002,industri_mikro,0.1954725513238548
3404170002,kelompok_pertokoan,-0.271913469439383
3404170002,minimarket,0.6902143079964004
3404170002,pasar_permanen,-0.7314875991867019
3404170002,pasar_semi_permanen,1.021321461378604
3404170002,restoran,-0.317762598679883
3404170002,sentra_industri,-0.7105928641998783
3404170002,toko_kelontong,-0.2299959424491278
3404170002,warung_makan,-0.3704926194153778
3404170003,industri_mikro,-0.8501695904064296
3404170003,kelompok_pertokoan,0.2744080884250655
3404170003,minimarket,-0.4081103673984165
3404170003,pasar_permanen,-0.7314875991867019
3404170003,pasar_semi_permanen,1.021321461378604
3404170003,restoran,-0.6550460549304316
3404170003,sentra_industri,-0.7105928641998783
3404170003,toko_kelontong,-0.8304717465114896
3404170003,warung_makan,-0.3875545232429391
3404170004,industri_mikro,-0.5183792954343202
3404170004,kelompok_pertokoan,0.2744080884250655
3404170004,minimarket,-0.957272705095825
3404170004,pasar_permanen,-0.7314875991867019
3404170004,pasar_semi_permanen,-0.6354889093022426
3404170004,restoran,0.3568043138212142
3404170004,sentra_industri,-0.7105928641998783
3404170004,toko_kelontong,-0.5542528766428032
3404170004,warung_makan,-0.0292545428641519
3404170005,industri_mikro,-0.357511273629661
3404170005,kelompok_pertokoan,-0.8182350273038316
3404170005,minimarket,-0.957272705095825
3404170005,pasar_permanen,-0.7314875991867019
3404170005,pasar_semi_permanen,-0.6354889093022426
3404170005,restoran,0.5254460419464885
3404170005,sentra_industri,0.309865085044537
3404170005,toko_kelontong,-0.3260720710991057
3404170005,warung_makan,-0.2851831002775713
3471010001,industri_mikro,1.3617657094076336
3471010001,kelompok_pertokoan,1.913372762018411
3471010001,minimarket,0.4156331391476961
3471010001,pasar_permanen,2.4724280852510527
3471010001,pasar_semi_permanen,1.021321461378604
3471010001,restoran,0.6940877700717627
3471010001,sentra_industri,0.309865085044537
3471010001,toko_kelontong,1.3072221159505182
3471010001,warung_makan,0.5679120911004932
3471010002,industri_mikro,1.019921163072733
3471010002,kelompok_pertokoan,1.3670512041539626
3471010002,minimarket,-0.4081103673984165
3471010002,pasar_permanen,-0.7314875991867019
3471010002,pasar_semi_permanen,1.021321461378604
3471010002,restoran,2.911726494919116
3471010002,sentra_industri,-0.7105928641998783
3471010002,toko_kelontong,-0.6743480374552755
3471010002,warung_makan,0.2266740145492674
3471010003,industri_mikro,0.1452012945098988
3471010003,kelompok_pertokoan,2.45969431988286
3471010003,minimarket,0.4156331391476961
3471010003,pasar_permanen,0.8704702430321755
3471010003,pasar_semi_permanen,-0.6354889093022426
3471010003,restoran,2.911726494919116
3471010003,sentra_industri,0.309865085044537
3471010003,toko_kelontong,-0.5542528766428032
3471010003,warung_makan,0.5679120911004932
3471020001,industri_mikro,-0.407782530443617
3471020001,kelompok_pertokoan,-0.8182350273038316
3471020001,minimarket,-0.957272705095825
3471020001,pasar_permanen,0.8704702430321755
3471020001,pasar_semi_permanen,-0.6354889093022426
3471020001,restoran,-0.4864043268051572
3471020001,sentra_industri,0.309865085044537
3471020001,toko_kelontong,-0.3140625550178585
3471020001,warung_makan,0.9944596867895256
3471020002,industri_mikro,-0.0458294813831339
3471020002,kelompok_pertokoan,-0.271913469439383
3471020002,minimarket,-0.6826915362471208
3471020002,pasar_permanen,-0.7314875991867019
3471020002,pasar_semi_permanen,1.021321461378604
3471020002,restoran,-0.6550460549304316
3471020002,sentra_industri,0.309865085044537
3471020002,toko_kelontong,-0.7343956178615118
3471020002,warung_makan,0.8238406485139126
3471020003,industri_mikro,-0.558596300885485
3471020003,kelompok_pertokoan,0.8207296462895141
3471020003,minimarket,-0.6826915362471208
3471020003,pasar_permanen,-0.7314875991867019
3471020003,pasar_semi_permanen,-0.6354889093022426
3471020003,restoran,-0.4864043268051572
3471020003,sentra_industri,-0.7105928641998783
3471020003,toko_kelontong,-0.3140625550178585
3471020003,warung_makan,0.6532216102382997
3471030001,industri_mikro,1.281331698505304
3471030001,kelompok_pertokoan,2.45969431988286
3471030001,minimarket,1.239376645693809
3471030001,pasar_permanen,2.4724280852510527
3471030001,pasar_semi_permanen,-0.6354889093022426
3471030001,restoran,2.911726494919116
3471030001,sentra_industri,-0.7105928641998783
3471030001,toko_kelontong,0.8268414727006288
3471030001,warung_makan,0.4826025719626868
3471030002,industri_mikro,-0.1865890004622106
3471030002,kelompok_pertokoan,1.913372762018411
3471030002,minimarket,-0.957272705095825
3471030002,pasar_permanen,0.8704702430321755
3471030002,pasar_semi_permanen,-0.6354889093022426
3471030002,restoran,1.8745798669486828
3471030002,sentra_industri,1.3303230342889525
3471030002,toko_kelontong,-0.3140625550178585
3471030002,warung_makan,0.1413644954114609
3471030003,industri_mikro,1.1405721794262274
3471030003,kelompok_pertokoan,1.913372762018411
3471030003,minimarket,0.6902143079964004
3471030003,pasar_permanen,-0.7314875991867019
3471030003,pasar_semi_permanen,-0.6354889093022426
3471030003,restoran,2.911726494919116
3471030003,sentra_industri,-0.7105928641998783
3471030003,toko_kelontong,1.3072221159505182
3471030003,warung_makan,0.5679120911004932
3471040001,industri_mikro,0.5875883544727115
3471040001,kelompok_pertokoan,1.3670512041539626
3471040001,minimarket,0.6902143079964004
3471040001,pasar_permanen,0.8704702430321755
3471040001,pasar_semi_permanen,1.021321461378604
3471040001,restoran,1.36865468257286
3471040001,sentra_industri,-0.7105928641998783
3471040001,toko_kelontong,0.1302895399882891
3471040001,warung_makan,1.5404406092714868
3471040002,industri_mikro,0.7987276330913267
3471040002,kelompok_pertokoan,0.8207296462895141
3471040002,minimarket,0.4156331391476961
3471040002,pasar_permanen,0.8704702430321755
3471040002,pasar_semi_permanen,-0.6354889093022426
3471040002,restoran,2.380505051324506
3471040002,sentra_industri,0.309865085044537
3471040002,toko_kelontong,-0.2660244906928695
3471040002,warung_makan,1.2333263403753836
3471040003,industri_mikro,0.4669373381192171
3471040003,kelompok_pertokoan,1.913372762018411
3471040003,minimarket,1.239376645693809
3471040003,pasar_permanen,-0.7314875991867019
3471040003,pasar_semi_permanen,-0.6354889093022426
3471040003,restoran,0.1881625856959399
3471040003,sentra_industri,1.3303230342889525
3471040003,toko_kelontong,1.7395646948754186
3471040003,warung_makan,0.2266740145492674
3471040004,industri_mikro,1.2913859498680953
3471040004,kelompok_pertokoan,2.45969431988286
3471040004,minimarket,0.9647954768451046
3471040004,pasar_permanen,-0.7314875991867019
3471040004,pasar_semi_permanen,-0.6354889093022426
3471040004,restoran,2.54914677944978
3471040004,sentra_industri,-0.7105928641998783
3471040004,toko_kelontong,0.2503847008007615
3471040004,warung_makan,2.820083396338584
3471040005,industri_mikro,0.6579681140122499
3471040005,kelompok_pertokoan,-0.271913469439383
3471040005,minimarket,-0.6826915362471208
3471040005,pasar_permanen,-0.7314875991867019
3471040005,pasar_semi_permanen,-0.6354889093022426
3471040005,restoran,-0.317762598679883
3471040005,sentra_industri,0.309865085044537
3471040005,toko_kelontong,-0.290043522855364
3471040005,warung_makan,0.0048692647909706
3471040006,industri_mikro,-0.920549349945968
3471040006,kelompok_pertokoan,0.2744080884250655
3471040006,minimarket,0.6902143079964004
3471040006,pasar_permanen,-0.7314875991867019
3471040006,pasar_semi_permanen,-0.6354889093022426
3471040006,restoran,2.380505051324506
3471040006,sentra_industri,-0.7105928641998783
3471040006,toko_kelontong,-0.6263099731302866
3471040006,warung_makan,0.8579644561690353
3471040007,industri_mikro,-0.3675655249924522
3471040007,kelompok_pertokoan,-0.271913469439383
3471040007,minimarket,-0.1335291985497123
3471040007,pasar_permanen,0.8704702430321755
3471040007,pasar_semi_permanen,-0.6354889093022426
3471040007,restoran,-0.6550460549304316
3471040007,sentra_industri,-0.7105928641998783
3471040007,toko_kelontong,-0.5062148123178143
3471040007,warung_makan,-0.1657497734846423
3471050001,industri_mikro,2.2666483320588413
3471050001,kelompok_pertokoan,1.3670512041539626
3471050001,minimarket,0.6902143079964004
3471050001,pasar_permanen,-0.7314875991867019
3471050001,pasar_semi_permanen,-0.6354889093022426
3471050001,restoran,-0.317762598679883
3471050001,sentra_industri,-0.7105928641998783
3471050001,toko_kelontong,1.6434885662254408
3471050001,warung_makan,-0.1145640620019584
3471050002,industri_mikro,1.2511689444169305
3471050002,kelompok_pertokoan,1.3670512041539626
3471050002,minimarket,0.1410519702989919
3471050002,pasar_permanen,0.8704702430321755
3471050002,pasar_semi_permanen,-0.6354889093022426
3471050002,restoran,-0.6550460549304316
3471050002,sentra_industri,1.3303230342889525
3471050002,toko_kelontong,1.6434885662254408
3471050002,warung_makan,0.6702835140658611
3471050003,industri_mikro,0.8389446385424915
3471050003,kelompok_pertokoan,1.3670512041539626
3471050003,minimarket,0.4156331391476961
3471050003,pasar_permanen,0.8704702430321755
3471050003,pasar_semi_permanen,-0.6354889093022426
3471050003,restoran,-0.1491208705546086
3471050003,sentra_industri,-0.7105928641998783
3471050003,toko_kelontong,-0.0978912655554082
3471050003,warung_makan,0.9944596867895256
3471060001,industri_mikro,1.6734475016541608
3471060001,kelompok_pertokoan,2.45969431988286
3471060001,minimarket,2.337701321088625
3471060001,pasar_permanen,0.8704702430321755
3471060001,pasar_semi_permanen,-0.6354889093022426
3471060001,restoran,2.886430235700329
3471060001,sentra_industri,-0.7105928641998783
3471060001,toko_kelontong,2.111859693394083
3471060001,warung_makan,2.820083396338584
3471060002,industri_mikro,0.7082393708262058
3471060002,kelompok_pertokoan,2.45969431988286
3471060002,minimarket,1.239376645693809
3471060002,pasar_permanen,0.8704702430321755
3471060002,pasar_semi_permanen,-0.6354889093022426
3471060002,restoran,1.2000129544475855
3471060002,sentra_industri,-0.7105928641998783
3471060002,toko_kelontong,1.751574210956666
3471060002,warung_makan,2.820083396338584
3471060003,industri_mikro,0.205526802686646
3471060003,kelompok_pertokoan,2.45969431988286
3471060003,minimarket,2.063120152239921
3471060003,pasar_permanen,-0.7314875991867019
3471060003,pasar_semi_permanen,-0.6354889093022426
3471060003,restoran,0.862729498197037
3471060003,sentra_industri,-0.7105928641998783
3471060003,toko_kelontong,0.1302895399882891
3471060003,warung_makan,1.4380691863061192
3471060004,industri_mikro,-0.256968760001749
3471060004,kelompok_pertokoan,1.3670512041539626
3471060004,minimarket,0.6902143079964004
3471060004,pasar_permanen,-0.7314875991867019
3471060004,pasar_semi_permanen,-0.6354889093022426
3471060004,restoran,2.911726494919116
3471060004,sentra_industri,-0.7105928641998783
3471060004,toko_kelontong,-0.0258341690679248
3471060004,warung_makan,1.2674501480305065
3471060005,industri_mikro,0.8489988899052826
3471060005,kelompok_pertokoan,1.3670512041539626
3471060005,minimarket,0.9647954768451046
3471060005,pasar_permanen,0.8704702430321755
3471060005,pasar_semi_permanen,-0.6354889093022426
3471060005,restoran,2.911726494919116
3471060005,sentra_industri,-0.7105928641998783
3471060005,toko_kelontong,0.3704798616132339
3471060005,warung_makan,0.3119835336870739
3471070001,industri_mikro,0.7484563762773706
3471070001,kelompok_pertokoan,1.3670512041539626
3471070001,minimarket,-0.1335291985497123
3471070001,pasar_permanen,-0.7314875991867019
3471070001,pasar_semi_permanen,-0.6354889093022426
3471070001,restoran,1.5372964106981342
3471070001,sentra_industri,-0.7105928641998783
3471070001,toko_kelontong,-0.0978912655554082
3471070001,warung_makan,2.001112012615642
3471070002,industri_mikro,0.3060693163145579
3471070002,kelompok_pertokoan,0.8207296462895141
3471070002,minimarket,-0.4081103673984165
3471070002,pasar_permanen,0.8704702430321755
3471070002,pasar_semi_permanen,-0.6354889093022426
3471070002,restoran,0.0195208575706656
3471070002,sentra_industri,-0.7105928641998783
3471070002,toko_kelontong,0.5986606671569313
3471070002,warung_makan,1.4210072824785578
3471070003,industri_mikro,0.1150385404215252
3471070003,kelompok_pertokoan,1.3670512041539626
3471070003,minimarket,0.4156331391476961
3471070003,pasar_permanen,-0.7314875991867019
3471070003,pasar_semi_permanen,-0.6354889093022426
3471070003,restoran,0.6940877700717627
3471070003,sentra_industri,-0.7105928641998783
3471070003,toko_kelontong,0.0462229274195585
3471070003,warung_makan,-0.1657497734846423
3471080001,industri_mikro,-0.6390303117878146
3471080001,kelompok_pertokoan,0.8207296462895141
3471080001,minimarket,-0.1335291985497123
3471080001,pasar_permanen,-0.7314875991867019
3471080001,pasar_semi_permanen,-0.6354889093022426
3471080001,restoran,0.862729498197037
3471080001,sentra_industri,-0.7105928641998783
3471080001,toko_kelontong,-0.037843685149172
3471080001,warung_makan,0.8920882638241578
3471080002,industri_mikro,-0.2368602572761666
3471080002,kelompok_pertokoan,0.8207296462895141
3471080002,minimarket,-0.957272705095825
3471080002,pasar_permanen,0.8704702430321755
3471080002,pasar_semi_permanen,-0.6354889093022426
3471080002,restoran,0.0195208575706656
3471080002,sentra_industri,-0.7105928641998783
3471080002,toko_kelontong,-0.3621006193428474
3471080002,warung_makan,0.0560549762736545
3471090001,industri_mikro,-0.0659379841087162
3471090001,kelompok_pertokoan,1.3670512041539626
3471090001,minimarket,0.1410519702989919
3471090001,pasar_permanen,-0.7314875991867019
3471090001,pasar_semi_permanen,-0.6354889093022426
3471090001,restoran,0.3568043138212142
3471090001,sentra_industri,-0.7105928641998783
3471090001,toko_kelontong,1.1510984068943042
3471090001,warung_makan,0.3119835336870739
3471090002,industri_mikro,0.8087818844541178
3471090002,kelompok_pertokoan,2.45969431988286
3471090002,minimarket,0.1410519702989919
3471090002,pasar_permanen,2.4724280852510527
3471090002,pasar_semi_permanen,1.021321461378604
3471090002,restoran,0.0195208575706656
3471090002,sentra_industri,-0.7105928641998783
3471090002,toko_kelontong,0.730765344050651
3471090002,warung_makan,0.5849739949280546
3471100001,industri_mikro,1.8644782775471933
3471100001,kelompok_pertokoan,2.45969431988286
3471100001,minimarket,0.6902143079964004
3471100001,pasar_permanen,-0.7314875991867019
3471100001,pasar_semi_permanen,-0.6354889093022426
3471100001,restoran,-0.317762598679883
3471100001,sentra_industri,2.350780983533368
3471100001,toko_kelontong,0.1182800239070419
3471100001,warung_makan,2.820083396338584
3471100002,industri_mikro,2.6215634051653702
3471100002,kelompok_pertokoan,1.3670512041539626
3471100002,minimarket,0.1410519702989919
3471100002,pasar_permanen,0.8704702430321755
3471100002,pasar_semi_permanen,-0.6354889093022426
3471100002,restoran,-0.317762598679883
3471100002,sentra_industri,2.350780983533368
3471100002,toko_kelontong,0.5386130867506952
3471100002,warung_makan,2.820083396338584
3471110001,industri_mikro,0.104984289058734
3471110001,kelompok_pertokoan,0.2744080884250655
3471110001,minimarket,-0.6826915362471208
3471110001,pasar_permanen,0.8704702430321755
3471110001,pasar_semi_permanen,-0.6354889093022426
3471110001,restoran,1.5372964106981342
3471110001,sentra_industri,1.3303230342889525
3471110001,toko_kelontong,0.2023466364757726
3471110001,warung_makan,-0.5411116576909907
3471110002,industri_mikro,0.2960150649517667
3471110002,kelompok_pertokoan,1.913372762018411
3471110002,minimarket,0.9647954768451046
3471110002,pasar_permanen,-0.7314875991867019
3471110002,pasar_semi_permanen,-0.6354889093022426
3471110002,restoran,2.043221595073957
3471110002,sentra_industri,1.3303230342889525
3471110002,toko_kelontong,1.043012762163079
3471110002,warung_makan,0.0389930724460932
3471110003,industri_mikro,0.969649906258777
3471110003,kelompok_pertokoan,2.45969431988286
3471110003,minimarket,0.4156331391476961
3471110003,pasar_permanen,2.4724280852510527
3471110003,pasar_semi_permanen,-0.6354889093022426
3471110003,restoran,1.5372964106981342
3471110003,sentra_industri,-0.7105928641998783
3471110003,toko_kelontong,-0.6863575535365227
3471110003,warung_makan,-0.1145640620019584
3471120001,industri_mikro,1.9449122884495231
3471120001,kelompok_pertokoan,1.3670512041539626
3471120001,minimarket,0.1410519702989919
3471120001,pasar_permanen,0.8704702430321755
3471120001,pasar_semi_permanen,-0.6354889093022426
3471120001,restoran,1.8745798669486828
3471120001,sentra_industri,-0.7105928641998783
3471120001,toko_kelontong,0.0462229274195585
3471120001,warung_makan,-0.4558021385531842
3471120002,industri_mikro,0.6076968571982939
3471120002,kelompok_pertokoan,2.45969431988286
3471120002,minimarket,2.61228248993733
3471120002,pasar_permanen,-0.7314875991867019
3471120002,pasar_semi_permanen,-0.6354889093022426
3471120002,restoran,2.380505051324506
3471120002,sentra_industri,-0.7105928641998783
3471120002,toko_kelontong,0.1422990560695364
3471120002,warung_makan,0.8409025523414739
3471130001,industri_mikro,-0.0759922354715074
3471130001,kelompok_pertokoan,0.8207296462895141
3471130001,minimarket,-0.6826915362471208
3471130001,pasar_permanen,0.8704702430321755
3471130001,pasar_semi_permanen,-0.6354889093022426
3471130001,restoran,0.3568043138212142
3471130001,sentra_industri,-0.7105928641998783
3471130001,toko_kelontong,1.0069842139193372
3471130001,warung_makan,1.779307262857345
3471130002,industri_mikro,0.9394871521704034
3471130002,kelompok_pertokoan,0.2744080884250655
3471130002,minimarket,0.9647954768451046
3471130002,pasar_permanen,0.8704702430321755
3471130002,pasar_semi_permanen,-0.6354889093022426
3471130002,restoran,0.0195208575706656
3471130002,sentra_industri,-0.7105928641998783
3471130002,toko_kelontong,0.2503847008007615
3471130002,warung_makan,2.820083396338584
3471130003,industri_mikro,-0.7395728254157264
3471130003,kelompok_pertokoan,0.2744080884250655
3471130003,minimarket,-0.4081103673984165
3471130003,pasar_permanen,-0.7314875991867019
3471130003,pasar_semi_permanen,-0.6354889093022426
3471130003,restoran,0.3568043138212142
3471130003,sentra_industri,-0.7105928641998783
3471130003,toko_kelontong,0.1543085721507836
3471130003,warung_makan,2.649464358062971
3471140001,industri_mikro,1.8544240261844025
3471140001,kelompok_pertokoan,2.45969431988286
3471140001,minimarket,0.1410519702989919
3471140001,pasar_permanen,-0.7314875991867019
3471140001,pasar_semi_permanen,-0.6354889093022426
3471140001,restoran,1.7059381388234085
3471140001,sentra_industri,-0.7105928641998783
3471140001,toko_kelontong,0.934927117431854
3471140001,warung_makan,1.0627073020997708
3471140002,industri_mikro,0.1452012945098988
3471140002,kelompok_pertokoan,0.2744080884250655
3471140002,minimarket,-0.6826915362471208
3471140002,pasar_permanen,-0.7314875991867019
3471140002,pasar_semi_permanen,-0.6354889093022426
3471140002,restoran,1.2000129544475855
3471140002,sentra_industri,-0.7105928641998783
3471140002,toko_kelontong,0.0462229274195585
3471140002,warung_makan,0.0560549762736545
3471140003,industri_mikro,1.8041527693704464
3471140003,kelompok_pertokoan,1.3670512041539626
3471140003,minimarket,0.9647954768451046
3471140003,pasar_permanen,-0.7314875991867019
3471140003,pasar_semi_permanen,-0.6354889093022426
3471140003,restoran,0.1881625856959399
3471140003,sentra_industri,-0.7105928641998783
3471140003,toko_kelontong,0.2623942168820087
3471140003,warung_makan,0.7555930332036674
3471140004,industri_mikro,0.0647672836075692
3471140004,kelompok_pertokoan,1.3670512041539626
3471140004,minimarket,0.1410519702989919
3471140004,pasar_permanen,0.8704702430321755
3471140004,pasar_semi_permanen,-0.6354889093022426
3471140004,restoran,1.8745798669486828
3471140004,sentra_industri,-0.7105928641998783
3471140004,toko_kelontong,-0.0258341690679248
3471140004,warung_makan,1.3356977633407514
