village_id,channel,gap,gap_terrain,gap_residual,dominance_margin,ci_lo_terrain,ci_hi_terrain,ci_lo_residual,ci_hi_residual,ci_lo_dominance,ci_hi_dominance,pr_terrain_abs_dominates,pr_residual_abs_dominates,pr_terrain_positive,pr_residual_positive,constraint_class,constraint_class_short,constraint_reason,constraint_class_idn
3401010001,DIS,0.8279571742113946,-0.3316613221086773,1.159618496320072,-0.8279571742113947,-0.4549117013930444,-0.2209265038534229,1.0488836780648176,1.282868875604439,-0.8279571742113947,-0.8279571742113945,0.0,1.0,0.0,1.0,Residual-constrained,Residual,Positive residual component dominates with bootstrap support,Dominan Residual / Non-Terrain
3401010001,FFAS,2.323817968363735,-0.2665642296477014,2.5903821980114365,-2.323817968363735,-0.4482034965107399,-0.1001454780988881,2.4239634464626234,2.772021464874475,-2.323817968363735,-2.323817968363735,0.0,1.0,0.003,1.0,Residual-constrained,Residual,Positive residual component dominates with bootstrap support,Dominan Residual / Non-Terrain
3401010002,DIS,-0.7862575250936222,-0.3624093776313729,-0.4238481474622493,-0.0614387698308764,-0.4970862008596232,-0.2414084230706843,-0.5448491020229379,-0.2891713242339991,-0.3034406789522534,0.2079148766256238,0.348,0.652,0.0,0.0,No significant dominance,No significant dominance,No positive supply gap,Tidak Ada Dominasi Signifikan
3401010002,FFAS,2.323817968363735,-0.2912771858690071,2.6150951542327423,-2.323817968363735,-0.4897560836757355,-0.1094298851601447,2.43324785352388,2.8135740520394705,-2.323817968363735,-2.323817968363735,0.0,1.0,0.003,1.0,Residual-constrained,Residual,Positive residual component dominates with bootstrap support,Dominan Residual / Non-Terrain
3401010003,DIS,-1.0386462714580311,-0.427267560351957,-0.6113787111060743,-0.1841111507541173,-0.5860466683120622,-0.2846118073653713,-0.7540344640926601,-0.4525996031459692,-0.4694226567272887,0.1334470651660929,0.155,0.845,0.0,0.0,No significant dominance,No significant dominance,No positive supply gap,Tidak Ada Dominasi Signifikan
3401010003,FFAS,1.770003089443373,-0.3434052766675995,2.1134083661109724,-1.7700030894433727,-0.5774047250303425,-0.1290138802907243,1.8990169697340973,2.347407814473715,-1.7700030894433731,-1.7700030894433727,0.0,1.0,0.003,1.0,Residual-constrained,Residual,Positive residual component dominates with bootstrap support,Dominan Residual / Non-Terrain
3401010004,DIS,0.8279571742113946,-0.4506265052864376,1.2785836794978322,-0.8279571742113946,-0.6180861515877426,-0.3001716863565924,1.128128860567987,1.4460433257991372,-0.8279571742113947,-0.8279571742113945,0.0,1.0,0.0,1.0,Residual-constrained,Residual,Positive residual component dominates with bootstrap support,Dominan Residual / Non-Terrain
3401010004,FFAS,1.770003089443373,-0.3621794259179682,2.1321825153613414,-1.7700030894433731,-0.6089717486672,-0.136067137792914,1.9060702272362868,2.3789748381105733,-1.7700030894433731,-1.7700030894433727,0.0,1.0,0.003,1.0,Residual-constrained,Residual,Positive residual component dominates with bootstrap support,Dominan Residual / Non-Terrain
3401010005,DIS,-0.7862575250936222,-0.3658379428365842,-0.420419582257038,-0.0545816394204538,-0.5017888729135223,-0.2436922616539866,-0.5425652634396356,-0.2844686521801001,-0.2988730017856489,0.2173202207334219,0.364,0.636,0.0,0.0,No significant dominance,No significant dominance,No positive supply gap,Tidak Ada Dominasi Signifikan
3401010005,FFAS,2.323817968363735,-0.2940328066839799,2.6178507750477147,-2.323817968363735,-0.4943894093322232,-0.110465143958144,2.434283112321879,2.818207377695958,-2.323817968363735,-2.323817968363735,0.0,1.0,0.003,1.0,Residual-constrained,Residual,Positive residual component dominates with bootstrap support,Dominan Residual / Non-Terrain
3401010006,DIS,1.0803459205758037,-0.2413149122812564,1.3216608328570598,-1.0803459205758037,-0.3309911949317032,-0.1607448814321619,1.2410908020079656,1.4113371155075067,-1.0803459205758037,-1.0803459205758037,0.0,1.0,0.0,1.0,Residual-constrained,Residual,Positive residual component dominates with bootstrap support,Dominan Residual / Non-Terrain
3401010006,FFAS,0.4153231987667778,-0.193950633995476,0.609273832762254,-0.4153231987667779,-0.3261103427948129,-0.0728652865192368,0.4881884852860146,0.7414335415615907,-0.4153231987667779,-0.4153231987667778,0.0,1.0,0.003,1.0,Residual-constrained,Residual,Positive residual component dominates with bootstrap support,Dominan Residual / Non-Terrain
3401010007,DIS,0.8279571742113946,-0.2501986772635148,1.0781558514749094,-0.8279571742113947,-0.3431763017664726,-0.1666625420327631,0.9946197162441576,1.171133475977867,-0.8279571742113947,-0.8279571742113945,0.0,1.0,0.0,1.0,Residual-constrained,Residual,Positive residual component dominates with bootstrap support,Dominan Residual / Non-Terrain
3401010007,FFAS,2.323817968363735,-0.2010907308684269,2.524908699232162,-2.323817968363735,-0.3381157659834811,-0.0755477485133276,2.3993657168770626,2.6619337343472163,-2.323817968363735,-2.323817968363735,0.0,1.0,0.003,1.0,Residual-constrained,Residual,Positive residual component dominates with bootstrap support,Dominan Residual / Non-Terrain
3401010008,DIS,-1.0386462714580311,-0.2910330820145571,-0.7476131894434743,-0.4565801074289172,-0.3991853908654479,-0.193863188225771,-0.8447830832322603,-0.6394608805925837,-0.6509198950064893,-0.2402754897271358,0.001,0.999,0.0,0.0,No significant dominance,No significant dominance,No positive supply gap,Tidak Ada Dominasi Signifikan
3401010008,FFAS,2.323817968363735,-0.2339103300196878,2.557728298383423,-2.323817968363735,-0.3932989355824816,-0.0878777391214475,2.411695707485183,2.717116903946217,-2.323817968363735,-2.323817968363735,0.0,1.0,0.003,1.0,Residual-constrained,Residual,Positive residual component dominates with bootstrap support,Dominan Residual / Non-Terrain
3401010009,DIS,-0.7862575250936222,0.1286591188277274,-0.9149166439213496,-0.7862575250936221,0.0857025146337624,0.176470799409263,-0.9627283245028851,-0.8719600397273847,-0.7862575250936223,-0.7862575250936221,0.0,1.0,1.0,0.0,No significant dominance,No significant dominance,No positive supply gap,Tidak Ada Dominasi Signifikan
3401010009,FFAS,1.6379476951623535,0.1034064469122127,1.5345412482501408,-1.431134801337928,0.0388487535563837,0.1738685311568608,1.4640791640054929,1.59909894160597,-1.5602501880495865,-1.2902106328486322,0.0,1.0,0.997,1.0,Residual-constrained,Residual,Positive residual component dominates with bootstrap support,Dominan Residual / Non-Terrain
3401010010,DIS,-1.0386462714580311,0.1393818146709519,-1.1780280861289834,-1.0386462714580311,0.0928451253230818,0.1911782117133212,-1.2298244831713527,-1.131491396781113,-1.0386462714580311,-1.0386462714580311,0.0,1.0,1.0,0.0,No significant dominance,No significant dominance,No positive supply gap,Tidak Ada Dominasi Signifikan
3401010010,FFAS,1.0266354469645658,0.1120245370139556,0.91461090995061,-0.8025863729366545,0.0420864826195779,0.1883590654718015,0.8382763814927642,0.9845489643449878,-0.94246248172541,-0.6499173160209626,0.0,1.0,0.997,1.0,Residual-constrained,Residual,Positive residual component dominates with bootstrap support,Dominan Residual / Non-Terrain
3401010011,DIS,-1.29103501782244,0.2492455407297978,-1.540280558552238,-1.29103501782244,0.1660276379663189,0.3418689652357722,-1.6329039830582124,-1.4570626557887592,-1.2910350178224403,-1.29103501782244,0.0,1.0,1.0,0.0,No significant dominance,No significant dominance,No positive supply gap,Tidak Ada Dominasi Signifikan
3401010011,FFAS,-0.6923065590739466,0.2003246719736364,-0.892631231047583,-0.6923065590739466,0.075259947954445,0.336827707658356,-1.0291342667323025,-0.7675665070283917,-0.6923065590739466,-0.6923065590739466,0.0,1.0,0.997,0.0,No significant dominance,No significant dominance,No positive supply gap,Tidak Ada Dominasi Signifikan
3401010012,DIS,-1.7958125105512577,-0.3300991978231671,-1.4657133127280906,-1.1356141149049237,-0.4527690680223796,-0.2198859403810587,-1.575926570170199,-1.3430434425288782,-1.3560406297891403,-0.8902743745064986,0.0,1.0,0.0,0.0,No significant dominance,No significant dominance,No positive supply gap,Tidak Ada Dominasi Signifikan
3401010012,FFAS,-1.3092596287932967,-0.2653087125613751,-1.0439509162319216,-0.7786422036705465,-0.4460924587741158,-0.0996737930605855,-1.2095858357327112,-0.8631671700191809,-1.1099120426721254,-0.4170747112450649,0.001,0.999,0.003,0.0,No significant dominance,No significant dominance,No positive supply gap,Tidak Ada Dominasi Signifikan
3401010013,DIS,-0.7862575250936222,-0.2822254831943134,-0.5040320418993088,-0.2218065587049954,-0.3871047546940962,-0.187996263489632,-0.5982612616039903,-0.399152770399526,-0.4102649981143582,-0.0120480157054299,0.037,0.963,0.0,0.0,No significant dominance,No significant dominance,No positive supply gap,Tidak Ada Dominasi Signifikan
3401010013,FFAS,1.7125057201659473,-0.2268314497341086,1.939337169900056,-1.7125057201659473,-0.3813964425151606,-0.0852182755784919,1.797723995744439,2.093902162681108,-1.7125057201659477,-1.712505720165947,0.0,1.0,0.003,1.0,Residual-constrained,Residual,Positive residual component dominates with bootstrap support,Dominan Residual / Non-Terrain
3401010014,DIS,1.0803459205758037,-0.2690827864211428,1.3494287069969464,-1.0803459205758037,-0.3690780323981005,-0.1792416398547699,1.2595875604305735,1.449423952973904,-1.0803459205758037,-1.0803459205758037,0.0,1.0,0.0,1.0,Residual-constrained,Residual,Positive residual component dominates with bootstrap support,Dominan Residual / Non-Terrain
3401010014,FFAS,2.323817968363735,-0.2162683463292275,2.5400863146929624,-2.323817968363735,-0.3636355453147772,-0.0812498247398783,2.4050677931036133,2.6874535136785123,-2.323817968363735,-2.323817968363735,0.0,1.0,0.003,1.0,Residual-constrained,Residual,Positive residual component dominates with bootstrap support,Dominan Residual / Non-Terrain
3401010015,DIS,1.0803459205758037,-0.3642952045733554,1.4446411251491589,-1.0803459205758037,-0.4996728297051447,-0.2426646116142139,1.3230105321900174,1.580018750280948,-1.0803459205758037,-1.0803459205758037,0.0,1.0,0.0,1.0,Residual-constrained,Residual,Positive residual component dominates with bootstrap support,Dominan Residual / Non-Terrain
3401010015,FFAS,2.323817968363735,-0.2927928706128365,2.6166108389765714,-2.323817968363735,-0.4923045696548565,-0.1099993125492531,2.433817280912988,2.8161225380185915,-2.323817968363735,-2.323817968363735,0.0,1.0,0.003,1.0,Residual-constrained,Residual,Positive residual component dominates with bootstrap support,Dominan Residual / Non-Terrain
3401020001,DIS,0.5755684278469858,-0.3669804708131027,0.9425488986600884,-0.5755684278469858,-0.5033559816206293,-0.244453323299047,0.8200217511460329,1.078924409467615,-0.5755684278469859,-0.5755684278469857,0.0,1.0,0.0,1.0,Residual-constrained,Residual,Positive residual component dominates with bootstrap support,Dominan Residual / Non-Terrain
3401020001,FFAS,-1.567729595833773,-0.2949510840639747,-1.2727785117697985,-0.9778274277058236,-0.4959334091893097,-0.1108101314584119,-1.4569194643753611,-1.0717961866444632,-1.3461093329169491,-0.5758627774551534,0.0,1.0,0.003,0.0,No significant dominance,No significant dominance,No positive supply gap,Tidak Ada Dominasi Signifikan
3401020002,DIS,1.0803459205758037,-0.3229276172173484,1.4032735377931518,-1.0803459205758037,-0.442932419255716,-0.215108801400025,1.2954547219758286,1.5232783398315195,-1.0803459205758037,-1.0803459205758037,0.0,1.0,0.0,1.0,Residual-constrained,Residual,Positive residual component dominates with bootstrap support,Dominan Residual / Non-Terrain
3401020002,FFAS,0.9520774219609726,-0.2595447397007712,1.2116221616617435,-0.9520774219609726,-0.4364008628937156,-0.0975083269039407,1.0495857488649132,1.3884782848546882,-0.9520774219609728,-0.9520774219609724,0.0,1.0,0.003,1.0,Residual-constrained,Residual,Positive residual component dominates with bootstrap support,Dominan Residual / Non-Terrain
3401020003,DIS,0.5755684278469858,-0.3139680809092994,0.8895365087562852,-0.5755684278469857,-0.4306433833208843,-0.2091406679435815,0.7847090957905674,1.0062118111678702,-0.5755684278469859,-0.5755684278469857,0.0,1.0,0.0,1.0,Residual-constrained,Residual,Positive residual component dominates with bootstrap support,Dominan Residual / Non-Terrain
3401020003,FFAS,0.3407651737631842,-0.2523437435798756,0.5931089173430599,-0.3407651737631843,-0.4242930431610709,-0.0948029856799197,0.4355681594431039,0.7650582169242552,-0.3407651737631843,-0.3407651737631842,0.0,1.0,0.003,1.0,Residual-constrained,Residual,Positive residual component dominates with bootstrap support,Dominan Residual / Non-Terrain
3401020004,DIS,1.0803459205758037,-0.2802670175310335,1.360612938106837,-1.0803459205758037,-0.3844184934763634,-0.1866916887832584,1.2670376093590618,1.4647644140521667,-1.0803459205758037,-1.0803459205758037,0.0,1.0,0.0,1.0,Residual-constrained,Residual,Positive residual component dominates with bootstrap support,Dominan Residual / Non-Terrain
3401020004,FFAS,0.9520774219609726,-0.2252573834923639,1.1773348054533366,-0.9520774219609728,-0.3787497933596384,-0.0846269148526091,1.0367043368135815,1.3308272153206109,-0.9520774219609728,-0.9520774219609724,0.0,1.0,0.003,1.0,Residual-constrained,Residual,Positive residual component dominates with bootstrap support,Dominan Residual / Non-Terrain
3401020005,DIS,0.5755684278469858,-0.2932423048583818,0.8688107327053676,-0.5755684278469857,-0.4022155944365215,-0.1953347975048276,0.7709032253518134,0.9777840222835072,-0.5755684278469859,-0.5755684278469857,0.0,1.0,0.0,1.0,Residual-constrained,Residual,Positive residual component dominates with bootstrap support,Dominan Residual / Non-Terrain
3401020005,FFAS,-1.1869210458769657,-0.235685935874902,-0.9512351100020636,-0.7155491741271616,-0.3962844552592355,-0.0885448162364851,-1.0983762296404809,-0.7906365906177302,-1.0098314134039956,-0.3943521353584946,0.001,0.999,0.003,0.0,No significant dominance,No significant dominance,No positive supply gap,Tidak Ada Dominasi Signifikan
3401020006,DIS,0.323179681482577,-0.2876728276182324,0.6108525091008095,-0.323179681482577,-0.3945764149534342,-0.1916248528928532,0.5148045343754302,0.7177560964360111,-0.323179681482577,-0.3231796814825769,0.0,1.0,0.0,1.0,Residual-constrained,Residual,Positive residual component dominates with bootstrap support,Dominan Residual / Non-Terrain
3401020006,FFAS,-3.5985629483470607,-0.2312096122547051,-3.367353336092356,-3.136143723837651,-0.3887579244087254,-0.0868631068426087,-3.511699841504452,-3.209805023938335,-3.424836734661844,-2.821047099529609,0.0,1.0,0.003,0.0,No significant dominance,No significant dominance,No positive supply gap,Tidak Ada Dominasi Signifikan
3401020007,DIS,0.323179681482577,-0.1592464384998639,0.4824261199824409,-0.3231796814825769,-0.2184248311445194,-0.1060773643583193,0.4292570458408962,0.5416045126270963,-0.323179681482577,-0.3231796814825769,0.0,1.0,0.0,1.0,Residual-constrained,Residual,Positive residual component dominates with bootstrap support,Dominan Residual / Non-Terrain
3401020007,FFAS,-2.56549121550993,-0.1279902158411666,-2.437500999668764,-2.309510783827597,-0.2152039016449851,-0.0480846262618719,-2.517406589248058,-2.3502873138649454,-2.4693219629861867,-2.13508341221996,0.0,1.0,0.003,0.0,No significant dominance,No significant dominance,No positive supply gap,Tidak Ada Dominasi Signifikan
3401020008,DIS,-0.9387640503394672,-0.2446059367403356,-0.6941581135991315,-0.4495521768587958,-0.3355052140114296,-0.1629371012641815,-0.7758269490752855,-0.6032588363280376,-0.612889847811104,-0.2677536223166081,0.001,0.999,0.0,0.0,No significant dominance,No significant dominance,No positive supply gap,Tidak Ada Dominasi Signifikan
3401020008,FFAS,-13.419503123456902,-0.1965957099847671,-13.222907413472136,-13.02631170348737,-0.3305577973857896,-0.0738590147471597,-13.345644108709743,-13.088945326071112,-13.271785093962585,-12.758387528685322,0.0,1.0,0.003,0.0,No significant dominance,No significant dominance,No positive supply gap,Tidak Ada Dominasi Signifikan
3401030001,DIS,0.5755684278469858,-0.4245741966612988,1.0001426245082845,-0.5755684278469857,-0.5823524098100531,-0.2828177018000926,0.8583861296470784,1.157920837657039,-0.5755684278469859,-0.5755684278469857,0.0,1.0,0.0,1.0,Residual-constrained,Residual,Positive residual component dominates with bootstrap support,Dominan Residual / Non-Terrain
3401030001,FFAS,0.3982625430406101,-0.3412405550992337,0.7395030981398438,-0.3982625430406101,-0.573764942688968,-0.1282006163479159,0.5264631593885261,0.9720274857295782,-0.3982625430406102,-0.3982625430406101,0.0,1.0,0.003,1.0,Residual-constrained,Residual,Positive residual component dominates with bootstrap support,Dominan Residual / Non-Terrain
3401030002,DIS,1.0803459205758037,-0.3679644159401472,1.4483103365159506,-1.0803459205758037,-0.504705575685368,-0.2451087496101993,1.3254546701860026,1.5850514962611713,-1.0803459205758037,-1.0803459205758037,0.0,1.0,0.0,1.0,Residual-constrained,Residual,Positive residual component dominates with bootstrap support,Dominan Residual / Non-Terrain
3401030002,FFAS,0.3982625430406101,-0.2957419045706851,0.6940044476112953,-0.3982625430406101,-0.4972631019117296,-0.1111072347038082,0.5093697777444184,0.8955256449523398,-0.3982625430406102,-0.3982625430406101,0.0,1.0,0.003,1.0,Residual-constrained,Residual,Positive residual component dominates with bootstrap support,Dominan Residual / Non-Terrain
3401030003,DIS,0.5755684278469858,-0.4414457821779941,1.01701421002498,-0.5755684278469859,-0.6054937324816281,-0.2940562157726268,0.8696246436196126,1.1810621603286138,-0.5755684278469859,-0.5755684278469857,0.0,1.0,0.0,1.0,Residual-constrained,Residual,Positive residual component dominates with bootstrap support,Dominan Residual / Non-Terrain
3401030003,FFAS,0.9520774219609726,-0.3548006566136319,1.3068780785746044,-0.9520774219609724,-0.5965650195028238,-0.1332950089865067,1.0853724309474793,1.5486424414637965,-0.9520774219609728,-0.9520774219609724,0.0,1.0,0.003,1.0,Residual-constrained,Residual,Positive residual component dominates with bootstrap support,Dominan Residual / Non-Terrain
3401030004,DIS,0.8279571742113946,-0.4028934721043735,1.2308506463157682,-0.8279571742113947,-0.5526147990663045,-0.26837572030247,1.0963328945138648,1.3805719732776989,-0.8279571742113947,-0.8279571742113945,0.0,1.0,0.0,1.0,Residual-constrained,Residual,Positive residual component dominates with bootstrap support,Dominan Residual / Non-Terrain
3401030004,FFAS,2.323817968363735,-0.323815232173496,2.647633200537231,-2.323817968363735,-0.5444658477823994,-0.1216540992186978,2.445472067582433,2.868283816146134,-2.323817968363735,-2.323817968363735,0.0,1.0,0.003,1.0,Residual-constrained,Residual,Positive residual component dominates with bootstrap support,Dominan Residual / Non-Terrain
3401030005,DIS,-1.29103501782244,-0.3443160355283974,-0.9467189822940428,-0.6024029467656453,-0.4722690983177298,-0.2293560716284969,-1.061678946193943,-0.8187659195047103,-0.8323228745654463,-0.3464968211869806,0.001,0.999,0.0,0.0,No significant dominance,No significant dominance,No positive supply gap,Tidak Ada Dominasi Signifikan
3401030005,FFAS,-0.4196631244417899,-0.2767351290238873,-0.1429279954179026,0.1338071336059846,-0.4653049383249331,-0.1039665818608969,-0.315696542580893,0.0456418138831431,-0.2117299607199961,0.4196631244417899,0.755,0.245,0.003,0.104,No significant dominance,No significant dominance,No positive supply gap,Tidak Ada Dominasi Signifikan
3401030006,DIS,-1.543423764186849,-0.2615203734046311,-1.281903390782218,-1.0203830173775867,-0.3587053119671936,-0.1742041592772605,-1.3692196049095886,-1.1847184522196552,-1.195015445632328,-0.8260131402524616,0.0,1.0,0.0,0.0,No significant dominance,No significant dominance,No positive supply gap,Tidak Ada Dominasi Signifikan
3401030006,FFAS,0.9520774219609726,-0.2101902520033427,1.1622676739643152,-0.9520774219609724,-0.3534157827735537,-0.0789663463339408,1.0310437682949134,1.3054932047345262,-0.9520774219609728,-0.9520774219609724,0.0,1.0,0.003,1.0,Residual-constrained,Residual,Positive residual component dominates with bootstrap support,Dominan Residual / Non-Terrain
3401030007,DIS,0.8279571742113946,-0.4184650723005577,1.2464222465119523,-0.8279571742113947,-0.5739730421487983,-0.2787482870186425,1.106705461230037,1.4019302163601928,-0.8279571742113947,-0.8279571742113945,0.0,1.0,0.0,1.0,Residual-constrained,Residual,Positive residual component dominates with bootstrap support,Dominan Residual / Non-Terrain
3401030007,FFAS,1.6379476951623535,-0.3363305040306036,1.9742781991929568,-1.6379476951623535,-0.5655091386003445,-0.1263559599496896,1.7643036551120432,2.203456833762698,-1.637947695162354,-1.6379476951623535,0.0,1.0,0.003,1.0,Residual-constrained,Residual,Positive residual component dominates with bootstrap support,Dominan Residual / Non-Terrain
3401030008,DIS,1.0803459205758037,-0.2652686247793961,1.3456145453551995,-1.0803459205758037,-0.3638464704215535,-0.1767009474662652,1.2570468680420686,1.4441923909973569,-1.0803459205758037,-1.0803459205758037,0.0,1.0,0.0,1.0,Residual-constrained,Residual,Positive residual component dominates with bootstrap support,Dominan Residual / Non-Terrain
3401030008,FFAS,0.3407651737631842,-0.2132028123280971,0.5539679860912814,-0.3407651737631842,-0.3584811288358854,-0.0800981347003807,0.4208633084635649,0.6992463025990696,-0.3407651737631843,-0.3407651737631842,0.0,1.0,0.003,1.0,Residual-constrained,Residual,Positive residual component dominates with bootstrap support,Dominan Residual / Non-Terrain
3401030009,DIS,0.8279571742113946,-0.3143086073729703,1.1422657815843649,-0.8279571742113946,-0.4311104545849466,-0.2093674997025882,1.0373246739139828,1.2590676287963412,-0.8279571742113947,-0.8279571742113945,0.0,1.0,0.0,1.0,Residual-constrained,Residual,Positive residual component dominates with bootstrap support,Dominan Residual / Non-Terrain
3401030009,FFAS,0.2423168698032225,-0.2526174329383029,0.4949343027415255,-0.2423168698032226,-0.4247532269132834,-0.0949058079966518,0.3372226777998743,0.6670700967165059,-0.2423168698032226,-0.2423168698032225,0.0,1.0,0.003,1.0,Residual-constrained,Residual,Positive residual component dominates with bootstrap support,Dominan Residual / Non-Terrain
3401030010,DIS,0.8279571742113946,-0.3010558216732198,1.1290129958846145,-0.8279571742113947,-0.412932732646977,-0.2005395435443325,1.0284967177557272,1.2408899068583714,-0.8279571742113947,-0.8279571742113945,0.0,1.0,0.0,1.0,Residual-constrained,Residual,Positive residual component dominates with bootstrap support,Dominan Residual / Non-Terrain
3401030010,FFAS,2.323817968363735,-0.2419658483993542,2.5657838167630893,-2.323817968363735,-0.4068435567371833,-0.0909041156931738,2.414722084056909,2.7306615251009183,-2.323817968363735,-2.323817968363735,0.0,1.0,0.003,1.0,Residual-constrained,Residual,Positive residual component dominates with bootstrap support,Dominan Residual / Non-Terrain
3401030011,DIS,0.8279571742113946,-0.2671502175234727,1.0951073917348673,-0.8279571742113945,-0.3664272915769857,-0.1779543155225157,1.0059114897339103,1.1943844657883802,-0.8279571742113947,-0.8279571742113945,0.0,1.0,0.0,1.0,Residual-constrained,Residual,Positive residual component dominates with bootstrap support,Dominan Residual / Non-Terrain
3401030011,FFAS,0.9520774219609726,-0.2147150939446165,1.1667925159055892,-0.9520774219609728,-0.3610238927660973,-0.0806662835690667,1.0327437055300392,1.31310131472707,-0.9520774219609728,-0.9520774219609724,0.0,1.0,0.003,1.0,Residual-constrained,Residual,Positive residual component dominates with bootstrap support,Dominan Residual / Non-Terrain
3401040001,DIS,0.5755684278469858,-0.3746976184467105,0.9502660462936964,-0.5755684278469857,-0.5139409383999897,-0.2495938758228503,0.8251623036698361,1.0895093662469753,-0.5755684278469859,-0.5755684278469857,0.0,1.0,0.0,1.0,Residual-constrained,Residual,Positive residual component dominates with bootstrap support,Dominan Residual / Non-Terrain
3401040001,FFAS,-1.4356742015527533,-0.3011535423456679,-1.1345206592070851,-0.8333671168614174,-0.5063622784058994,-0.1131403321414874,-1.322533869411266,-0.9293119231468538,-1.2093935372697788,-0.4229496447409545,0.002,0.998,0.003,0.0,No significant dominance,No significant dominance,No positive supply gap,Tidak Ada Dominasi Signifikan
3401040002,DIS,0.8279571742113946,-0.4121525509232596,1.2401097251346542,-0.8279571742113947,-0.5653146920536803,-0.2745433852546391,1.1025005594660338,1.393271866265075,-0.8279571742113947,-0.8279571742113945,0.0,1.0,0.0,1.0,Residual-constrained,Residual,Positive residual component dominates with bootstrap support,Dominan Residual / Non-Terrain
3401040002,FFAS,1.6379476951623535,-0.331256977858255,1.9692046730206088,-1.6379476951623535,-0.5569784660000082,-0.124449887612645,1.7623975827749987,2.1949261611623623,-1.637947695162354,-1.6379476951623535,0.0,1.0,0.003,1.0,Residual-constrained,Residual,Positive residual component dominates with bootstrap support,Dominan Residual / Non-Terrain
3401040003,DIS,1.0803459205758037,-0.312220564231066,1.3925664848068695,-1.0803459205758037,-0.4282464629315741,-0.2079766107430221,1.2883225313188256,1.5085923835073776,-1.0803459205758037,-1.0803459205758037,0.0,1.0,0.0,1.0,Residual-constrained,Residual,Positive residual component dominates with bootstrap support,Dominan Residual / Non-Terrain
3401040003,FFAS,0.266207148759591,-0.2509392221416562,0.5171463709012474,-0.2662071487595911,-0.4219314681651828,-0.0942753212175254,0.3604824699771164,0.6881386169247738,-0.2662071487595911,-0.266207148759591,0.0,1.0,0.003,1.0,Residual-constrained,Residual,Positive residual component dominates with bootstrap support,Dominan Residual / Non-Terrain
3401040004,DIS,1.0803459205758037,-0.2189277455024675,1.299273666078271,-1.0803459205758037,-0.3002846173182558,-0.1458323240794518,1.2261782446552554,1.380630537894059,-1.0803459205758037,-1.0803459205758037,0.0,1.0,0.0,1.0,Residual-constrained,Residual,Positive residual component dominates with bootstrap support,Dominan Residual / Non-Terrain
3401040004,FFAS,0.266207148759591,-0.1759575263625425,0.4421646751221335,-0.266207148759591,-0.2958565695678752,-0.0661054584329014,0.3323126071924925,0.5620637183274663,-0.2662071487595911,-0.266207148759591,0.0,1.0,0.003,1.0,Residual-constrained,Residual,Positive residual component dominates with bootstrap support,Dominan Residual / Non-Terrain
3401040005,DIS,0.5755684278469858,-0.2988316512946951,0.8744000791416809,-0.5755684278469858,-0.409882026810524,-0.1990579774015647,0.7746264052485506,0.9854504546575098,-0.5755684278469859,-0.5755684278469857,0.0,1.0,0.0,1.0,Residual-constrained,Residual,Positive residual component dominates with bootstrap support,Dominan Residual / Non-Terrain
3401040005,FFAS,0.3743722640842417,-0.2401782288488225,0.6145504929330642,-0.3743722640842417,-0.4038378371249225,-0.0902325251546251,0.4646047892388668,0.7782101012091641,-0.3743722640842417,-0.3743722640842416,0.0,1.0,0.003,1.0,Residual-constrained,Residual,Positive residual component dominates with bootstrap support,Dominan Residual / Non-Terrain
3401040006,DIS,-0.7862575250936222,-0.2272213417592241,-0.5590361833343981,-0.3318148415751739,-0.3116602397750457,-0.1513568610189044,-0.6349006640747178,-0.4745972853185765,-0.4835438030558134,-0.1629370455435308,0.001,0.999,0.0,0.0,No significant dominance,No significant dominance,No positive supply gap,Tidak Ada Dominasi Signifikan
3401040006,FFAS,0.266207148759591,-0.1826232903507441,0.4488304391103352,-0.266207148759591,-0.3070644451720997,-0.0686097183719602,0.3348168671315513,0.5732715939316907,-0.2662071487595911,-0.266207148759591,0.0,1.0,0.003,1.0,Residual-constrained,Residual,Positive residual component dominates with bootstrap support,Dominan Residual / Non-Terrain
3401040007,DIS,0.8279571742113946,-0.3388589252921756,1.16681609950357,-0.8279571742113945,-0.4647840431220696,-0.2257209770146119,1.0536781512260065,1.2927412173334645,-0.8279571742113947,-0.8279571742113945,0.0,1.0,0.0,1.0,Residual-constrained,Residual,Positive residual component dominates with bootstrap support,Dominan Residual / Non-Terrain
3401040007,FFAS,2.323817968363735,-0.2723491174836437,2.596167085847379,-2.323817968363735,-0.4579302590190424,-0.1023188017996883,2.426136770163424,2.7817482273827774,-2.323817968363735,-2.323817968363735,0.0,1.0,0.003,1.0,Residual-constrained,Residual,Positive residual component dominates with bootstrap support,Dominan Residual / Non-Terrain
3401050001,DIS,-1.0386462714580311,-0.3260310227845538,-0.7126152486734776,-0.3865842258889237,-0.4471890974167813,-0.2171760443864631,-0.8214702270715682,-0.5914571740412501,-0.6042941826851053,-0.1442680766244689,0.005,0.995,0.0,0.0,No significant dominance,No significant dominance,No positive supply gap,Tidak Ada Dominasi Signifikan
3401050001,FFAS,2.323817968363735,-0.2620390218469282,2.5858569902106634,-2.323817968363735,-0.4405947713587388,-0.0984454034140581,2.422263371777793,2.764412739722474,-2.323817968363735,-2.323817968363735,0.0,1.0,0.003,1.0,Residual-constrained,Residual,Positive residual component dominates with bootstrap support,Dominan Residual / Non-Terrain
3401050002,DIS,-0.4339865576106493,-0.2530405525722307,-0.1809460050384186,0.072094547533812,-0.3470742610570383,-0.1685555742752632,-0.265430983335386,-0.086912296553611,-0.0968754090601227,0.2601619645034272,0.751,0.249,0.0,0.001,No significant dominance,No significant dominance,No positive supply gap,Tidak Ada Dominasi Signifikan
3401050002,FFAS,0.3982625430406101,-0.2033748148176986,0.6016373578583087,-0.3982625430406101,-0.3419562453071346,-0.0764058556922995,0.4746683987329096,0.7402187883477448,-0.3982625430406102,-0.3982625430406101,0.0,1.0,0.003,1.0,Residual-constrained,Residual,Positive residual component dominates with bootstrap support,Dominan Residual / Non-Terrain
3401050003,DIS,0.323179681482577,-0.2669614148046502,0.5901410962872271,-0.3231796814825769,-0.3661683269033207,-0.1778285501051849,0.5010082315877619,0.6893480083858976,-0.323179681482577,-0.3231796814825769,0.0,1.0,0.0,1.0,Residual-constrained,Residual,Positive residual component dominates with bootstrap support,Dominan Residual / Non-Terrain
3401050003,FFAS,-0.8818593226323916,-0.2145633486311192,-0.6672959740012725,-0.4527326253701533,-0.3607687468293057,-0.0806092743934937,-0.801250048238898,-0.521090575803086,-0.7206407738454044,-0.1603218289737803,0.003,0.997,0.003,0.0,No significant dominance,No significant dominance,No positive supply gap,Tidak Ada Dominasi Signifikan
3401050004,DIS,0.8279571742113946,-0.1621977484492054,0.9901549226606,-0.8279571742113946,-0.2224728926485172,-0.1080432932907324,0.936000467502127,1.0504300668599116,-0.8279571742113947,-0.8279571742113945,0.0,1.0,0.0,1.0,Residual-constrained,Residual,Positive residual component dominates with bootstrap support,Dominan Residual / Non-Terrain
3401050004,FFAS,0.9520774219609726,-0.1303622550590529,1.0824396770200255,-0.9520774219609728,-0.2191922697494466,-0.0489757773433898,1.0010531993043623,1.171269691710419,-0.9520774219609728,-0.9520774219609724,0.0,1.0,0.003,1.0,Residual-constrained,Residual,Positive residual component dominates with bootstrap support,Dominan Residual / Non-Terrain
3401050005,DIS,0.323179681482577,-0.2191688186158185,0.5423485000983955,-0.323179681482577,-0.3006152768581061,-0.145992907893588,0.4691725893761651,0.623794958340683,-0.323179681482577,-0.3231796814825769,0.0,1.0,0.0,1.0,Residual-constrained,Residual,Positive residual component dominates with bootstrap support,Dominan Residual / Non-Terrain
3401050005,FFAS,-0.2705470744346035,-0.176151282656887,-0.0943957917777165,0.0817554908791705,-0.2961823531462305,-0.0661782507079844,-0.2043688237266191,0.025635278711627,-0.1381905730186347,0.2705470744346035,0.751,0.249,0.003,0.098,No significant dominance,No significant dominance,No positive supply gap,Tidak Ada Dominasi Signifikan
3401050006,DIS,1.0803459205758037,-0.2682822410401145,1.348628161615918,-1.0803459205758037,-0.3679799922075516,-0.1787083799284025,1.259054300504206,1.448325912783355,-1.0803459205758037,-1.0803459205758037,0.0,1.0,0.0,1.0,Residual-constrained,Residual,Positive residual component dominates with bootstrap support,Dominan Residual / Non-Terrain
3401050006,FFAS,-0.3114980091171397,-0.2156249286360365,-0.0958730804811031,0.1197518481549334,-0.362553697010576,-0.0810080992368464,-0.2304899098802933,0.0510556878934362,-0.1494818106434469,0.3114980091171397,0.786,0.214,0.003,0.151,No significant dominance,No significant dominance,No positive supply gap,Tidak Ada Dominasi Signifikan
3401060001,DIS,0.323179681482577,-0.2323038261145458,0.5554835075971227,-0.3231796814825769,-0.3186314524286132,-0.1547424095428381,0.477922091025415,0.64181113391119,-0.323179681482577,-0.3231796814825769,0.0,1.0,0.0,1.0,Residual-constrained,Residual,Positive residual component dominates with bootstrap support,Dominan Residual / Non-Terrain
3401060001,FFAS,0.3982625430406101,-0.1867082060058439,0.5849707490464541,-0.3982625430406101,-0.313932859144923,-0.0701443797622535,0.4684069228028637,0.7121954021855331,-0.3982625430406102,-0.3982625430406101,0.0,1.0,0.003,1.0,Residual-constrained,Residual,Positive residual component dominates with bootstrap support,Dominan Residual / Non-Terrain
3401060002,DIS,0.323179681482577,-0.2782449526441918,0.6014246341267688,-0.323179681482577,-0.3816449985986615,-0.185344749311467,0.508524430794044,0.7048246800812384,-0.323179681482577,-0.3231796814825769,0.0,1.0,0.0,1.0,Residual-constrained,Residual,Positive residual component dominates with bootstrap support,Dominan Residual / Non-Terrain
3401060002,FFAS,0.9520774219609726,-0.2236322010157591,1.1757096229767316,-0.9520774219609726,-0.3760171969064499,-0.0840163502756116,1.0360937722365842,1.3280946188674223,-0.9520774219609728,-0.9520774219609724,0.0,1.0,0.003,1.0,Residual-constrained,Residual,Positive residual component dominates with bootstrap support,Dominan Residual / Non-Terrain
3401060003,DIS,-1.0386462714580311,-0.2095550923896078,-0.8290911790684236,-0.6195360866788158,-0.2874289441061086,-0.1395890049281867,-0.8990572665298446,-0.7512173273519227,-0.7594682616016579,-0.4637883832458142,0.0,1.0,0.0,0.0,No significant dominance,No significant dominance,No positive supply gap,Tidak Ada Dominasi Signifikan
3401060003,FFAS,0.266207148759591,-0.1684244982696076,0.4346316470291987,-0.266207148759591,-0.2831904682870346,-0.0632753761638125,0.3294825249234036,0.5493976170466256,-0.266207148759591,-0.266207148759591,0.0,1.0,0.003,1.0,Residual-constrained,Residual,Positive residual component dominates with bootstrap support,Dominan Residual / Non-Terrain
3401060004,DIS,0.8279571742113946,-0.1575544233699446,0.9855115975813392,-0.8279571742113946,-0.2161040375209501,-0.1049502778932967,0.9329074521046914,1.044061211732345,-0.8279571742113947,-0.8279571742113945,0.0,1.0,0.0,1.0,Residual-constrained,Residual,Positive residual component dominates with bootstrap support,Dominan Residual / Non-Terrain
3401060004,FFAS,-2.7146072655171163,-0.1266303023402748,-2.5879769631768417,-2.4613466608365666,-0.2129173308366759,-0.0475737205492039,-2.667033544967912,-2.5016899346804404,-2.619459824418708,-2.288772603843764,0.0,1.0,0.003,0.0,No significant dominance,No significant dominance,No positive supply gap,Tidak Ada Dominasi Signifikan
3401060005,DIS,0.323179681482577,-0.223321071958205,0.546500753440782,-0.323179681482577,-0.3063105705408016,-0.1487588101948113,0.4719384916773882,0.6294902520233784,-0.323179681482577,-0.3231796814825769,0.0,1.0,0.0,1.0,Residual-constrained,Residual,Positive residual component dominates with bootstrap support,Dominan Residual / Non-Terrain
3401060005,FFAS,0.9520774219609726,-0.1794885491384837,1.1315659710994563,-0.9520774219609728,-0.3017936630651067,-0.067432027885007,1.0195094498459796,1.2538710850260792,-0.9520774219609728,-0.9520774219609724,0.0,1.0,0.003,1.0,Residual-constrained,Residual,Positive residual component dominates with bootstrap support,Dominan Residual / Non-Terrain
3401060006,DIS,-1.29103501782244,0.0260163075059861,-1.3170513253284262,-1.29103501782244,0.0173300034623564,0.0356843620964482,-1.3267193799188886,-1.3083650212847966,-1.29103501782244,-1.29103501782244,0.0,1.0,1.0,0.0,No significant dominance,No significant dominance,No positive supply gap,Tidak Ada Dominasi Signifikan
3401060006,FFAS,0.9520774219609726,0.0209099358481676,0.9311674861128048,-0.9102575502646372,0.0078556508699586,0.0351581544581212,0.9169192675028512,0.944221771091014,-0.9363661202210553,-0.8817611130447299,0.0,1.0,0.997,1.0,Residual-constrained,Residual,Positive residual component dominates with bootstrap support,Dominan Residual / Non-Terrain
3401060007,DIS,-2.300590003280075,-0.1542573058634613,-2.146332697416613,-1.992075391553152,-0.2115816611249602,-0.1027539993556909,-2.197836003924384,-2.089008342155115,-2.0950820045686926,-1.8774266810301548,0.0,1.0,0.0,0.0,No significant dominance,No significant dominance,No positive supply gap,Tidak Ada Dominasi Signifikan
3401060007,FFAS,-3.22917423259486,-0.1239803292213542,-3.1051939033735056,-2.9812135741521515,-0.2084616421678345,-0.0465781525193364,-3.182596080075524,-3.0207125904270256,-3.136017927556187,-2.812250948259191,0.0,1.0,0.003,0.0,No significant dominance,No significant dominance,No positive supply gap,Tidak Ada Dominasi Signifikan
3401060008,DIS,1.0803459205758037,-0.133654189006457,1.2140001095822606,-1.0803459205758037,-0.1833221134519627,-0.0890298347568114,1.169375755332615,1.2636680340277662,-1.0803459205758037,-1.0803459205758037,0.0,1.0,0.0,1.0,Residual-constrained,Residual,Positive residual component dominates with bootstrap support,Dominan Residual / Non-Terrain
3401060008,FFAS,-0.2876077301607711,-0.1074211056784615,-0.1801866244823095,-0.0727655188038479,-0.1806188145640092,-0.0403570201459454,-0.2472507100148256,-0.1069889155967618,-0.2068936898688802,0.0736298989672474,0.212,0.788,0.003,0.0,No significant dominance,No significant dominance,No positive supply gap,Tidak Ada Dominasi Signifikan
3401070001,DIS,0.5755684278469858,-0.3003844873833806,0.8759529152303664,-0.5755684278469859,-0.4120119203495027,-0.2000923538128675,0.7756607816598533,0.9875803481964884,-0.5755684278469859,-0.5755684278469857,0.0,1.0,0.0,1.0,Residual-constrained,Residual,Positive residual component dominates with bootstrap support,Dominan Residual / Non-Terrain
3401070001,FFAS,1.0266354469645658,-0.2414262807866181,1.268061727751184,-1.0266354469645658,-0.405936322893573,-0.0907014056123218,1.1173368525768874,1.4325717698581388,-1.026635446964566,-1.0266354469645655,0.0,1.0,0.003,1.0,Residual-constrained,Residual,Positive residual component dominates with bootstrap support,Dominan Residual / Non-Terrain
3401070002,DIS,0.5755684278469858,0.451164136404159,0.1244042914428267,0.3267598449613322,0.3005298136246314,0.6188235745857861,-0.0432551467388004,0.2750386142223543,0.0254911994022771,0.5755684278469858,0.97,0.03,1.0,0.903,Terrain-constrained,Terrain,Positive terrain component dominates with bootstrap support,Dominan Medan
3401070002,FFAS,1.0266354469645658,0.362611533056114,0.6640239139084517,-0.3014123808523377,0.136229476063119,0.6096982975010032,0.4169371494635625,0.8904059709014467,-0.7541764948383277,0.1927611480374407,0.17,0.83,0.997,1.0,No significant dominance,No significant dominance,Dominance uncertain at configured bootstrap CI,Tidak Ada Dominasi Signifikan
3401070003,DIS,0.5755684278469858,-0.1119554202610407,0.6875238481080266,-0.5755684278469858,-0.1535597530255122,-0.0745758336499897,0.6501442614969756,0.7291281808724981,-0.5755684278469859,-0.5755684278469857,0.0,1.0,0.0,1.0,Residual-constrained,Residual,Positive residual component dominates with bootstrap support,Dominan Residual / Non-Terrain
3401070003,FFAS,0.3982625430406101,-0.089981280201826,0.4882438232424362,-0.3982625430406101,-0.1512953349377453,-0.0338050545554118,0.432067597596022,0.5495578779783555,-0.3982625430406102,-0.3982625430406101,0.0,1.0,0.003,1.0,Residual-constrained,Residual,Positive residual component dominates with bootstrap support,Dominan Residual / Non-Terrain
3401070004,DIS,0.0707909351181681,0.0109639675758027,0.0598269675423653,-0.0488629999665626,0.0073033268078533,0.0150383442730542,0.0557525908451139,0.0634876083103147,-0.0561842815024614,-0.0407142465720597,0.0,1.0,1.0,1.0,Residual-constrained,Residual,Positive residual component dominates with bootstrap support,Dominan Residual / Non-Terrain
3401070004,FFAS,-0.807301297628798,0.0088120060311662,-0.8161133036599643,-0.807301297628798,0.0033105813115576,0.0148165863051554,-0.8221178839339536,-0.8106118789403557,-0.807301297628798,-0.807301297628798,0.0,1.0,0.997,0.0,No significant dominance,No significant dominance,No positive supply gap,Tidak Ada Dominasi Signifikan
3401070005,DIS,-1.543423764186849,-0.1403759729512173,-1.4030477912356316,-1.2626718182844143,-0.1925418142939722,-0.0935073548279862,-1.4499164093588628,-1.3508819498928766,-1.3564090545308765,-1.1583401355989045,0.0,1.0,0.0,0.0,No significant dominance,No significant dominance,No positive supply gap,Tidak Ada Dominasi Signifikan
3401070005,FFAS,-8.108252383972559,-0.112823566079033,-7.995428817893526,-7.882605251814493,-0.1897025601381891,-0.0423866697371175,-8.065865714235443,-7.91854982383437,-8.023479044498325,-7.72884726369618,0.0,1.0,0.003,0.0,No significant dominance,No significant dominance,No positive supply gap,Tidak Ada Dominasi Signifikan
3401070006,DIS,0.5755684278469858,0.2768271856341954,0.2987412422127904,-0.021914056578595,0.1844003452223625,0.37970036785729,0.1958680599896957,0.3911680826246232,-0.2067677374022607,0.1838323078675942,0.417,0.583,1.0,1.0,No significant dominance,No significant dominance,Dominance uncertain at configured bootstrap CI,Tidak Ada Dominasi Signifikan
3401070006,FFAS,0.9520774219609726,0.2224927073647153,0.7295847145962573,-0.5070920072315419,0.0835882540654589,0.3741012420188619,0.5779761799421106,0.8684891678955136,-0.7849009138300547,-0.2038749379232487,0.002,0.998,0.997,1.0,Residual-constrained,Residual,Positive residual component dominates with bootstrap support,Dominan Residual / Non-Terrain
3401070007,DIS,2.6945606198808205,1.147052902203179,1.5475077176776415,-0.4004548154744625,0.7640757921589447,1.573315163828762,1.1212454560520582,1.930484827721876,-1.166409035562931,0.4520697077767033,0.202,0.798,1.0,1.0,No significant dominance,No significant dominance,Dominance uncertain at configured bootstrap CI,Tidak Ada Dominasi Signifikan
3401070007,FFAS,0.7961317487235847,0.9219141722553932,-0.1257824235318085,0.7961317487235847,0.3463538062427841,1.5501147923477017,-0.7539830436241169,0.4497779424808003,-0.1034241362380163,0.7961317487235847,0.933,0.067,0.997,0.335,No significant dominance,No significant dominance,Residual component offsets gap; terrain component is positive,Tidak Ada Dominasi Signifikan
3401080001,DIS,0.5755684278469858,0.7251593110556198,-0.149590883208634,0.5755684278469858,0.4830436974371675,0.9946395132116884,-0.4190710853647029,0.0925247304098183,0.3905189670273492,0.5755684278469858,1.0,0.0,1.0,0.16,Terrain-constrained,Terrain,Positive terrain component dominates with bootstrap support,Dominan Medan
3401080001,FFAS,1.0841328162419916,0.5828280846690317,0.50130473157296,0.0815233530960717,0.2189626014930045,0.9799723907388488,0.1041604255031426,0.8651702147489869,-0.6462076132559824,0.8758119652357063,0.602,0.398,0.997,0.987,No significant dominance,No significant dominance,Dominance uncertain at configured bootstrap CI,Tidak Ada Dominasi Signifikan
3401080002,DIS,0.323179681482577,0.682706798809727,-0.35952711732715,0.323179681482577,0.4547651961918323,0.936411003322736,-0.6132313218401592,-0.1315855147092554,0.3231796814825769,0.323179681482577,1.0,0.0,1.0,0.0,Terrain-constrained,Terrain,Positive terrain component dominates with bootstrap support,Dominan Medan
3401080002,FFAS,-2.219992778714097,0.5487079733714956,-2.768700752085593,-2.219992778714097,0.2061440216588122,0.9226025283041832,-3.14259530701828,-2.42613680037291,-2.219992778714097,-2.219992778714097,0.0,1.0,0.997,0.0,No significant dominance,No significant dominance,No positive supply gap,Tidak Ada Dominasi Signifikan
3401080003,DIS,0.323179681482577,1.1815417211101518,-0.8583620396275748,0.3231796814825769,0.7870495116590274,1.620620551108339,-1.2974408696257624,-0.4638698301764504,0.3231796814825769,0.323179681482577,1.0,0.0,1.0,0.0,Terrain-constrained,Terrain,Positive terrain component dominates with bootstrap support,Dominan Medan
3401080003,FFAS,0.3407651737631842,0.9496336705223144,-0.6088684967591301,0.3407651737631842,0.3567677406640339,1.5967226063862818,-1.2559574326230976,-0.0160025669008498,0.3407651737631842,0.3407651737631842,0.989,0.011,0.997,0.045,Terrain-constrained,Terrain,Positive terrain component dominates with bootstrap support,Dominan Medan
3401080004,DIS,-1.0386462714580311,1.5372848036398443,-2.575931075097876,-1.0386462714580316,1.0240173769308534,2.108563160465002,-3.147209431923034,-2.0626636483888845,-1.0386462714580316,-1.0386462714580311,0.0,1.0,1.0,0.0,No significant dominance,No significant dominance,No positive supply gap,Tidak Ada Dominasi Signifikan
3401080004,FFAS,-0.4196631244417899,1.2355529937165737,-1.6552161181583636,-0.4196631244417899,0.4641847311463745,2.0774699315057017,-2.497133055947492,-0.8838478555881647,-0.4196631244417901,-0.4196631244417899,0.002,0.998,0.997,0.002,No significant dominance,No significant dominance,No positive supply gap,Tidak Ada Dominasi Signifikan
3401080005,DIS,1.0803459205758037,1.4794780444392013,-0.3991321238633978,1.0803459205758037,0.9855110924835216,2.029274532497205,-0.9489286119214018,0.0948348280922817,0.8906762643912399,1.0803459205758037,1.0,0.0,1.0,0.096,Terrain-constrained,Terrain,Positive terrain component dominates with bootstrap support,Dominan Medan
3401080005,FFAS,0.266207148759591,1.189092302621275,-0.922885153861684,0.266207148759591,0.4467299206164967,1.9993505070550184,-1.7331433582954274,-0.1805227718569059,0.2662071487595909,0.2662071487595912,0.994,0.006,0.997,0.018,Terrain-constrained,Terrain,Positive terrain component dominates with bootstrap support,Dominan Medan
3401090001,DIS,-0.1815978112462405,1.607435197432015,-1.789033008678255,-0.1815978112462404,1.0707460130766344,2.204782504917025,-2.386380316163266,-1.252343824322875,-0.1815978112462406,-0.1815978112462404,0.0,1.0,1.0,0.0,No significant dominance,No significant dominance,No positive supply gap,Tidak Ada Dominasi Signifikan
3401090001,FFAS,-0.2130497051571776,1.2919345626067964,-1.504984267763974,-0.2130497051571775,0.4853667148654171,2.1722704092320537,-2.3853201143892315,-0.6984164200225951,-0.2130497051571778,-0.2130497051571775,0.002,0.998,0.997,0.002,No significant dominance,No significant dominance,No positive supply gap,Tidak Ada Dominasi Signifikan
3401090002,DIS,1.0803459205758037,1.1449461947922486,-0.0646002742164451,1.0803459205758037,0.76267247054164,1.5704255719808171,-0.4900796514050142,0.3176734500341634,0.4449990205074766,1.0803459205758037,1.0,0.0,1.0,0.414,Terrain-constrained,Terrain,Positive terrain component dominates with bootstrap support,Dominan Medan
3401090002,FFAS,-1.815293949800921,0.9202209605341188,-2.73551491033504,-1.815293949800921,0.3457176837683855,1.5472678109098277,-3.3625617607107485,-2.161011633569307,-1.8152939498009213,-1.8152939498009208,0.0,1.0,0.997,0.0,No significant dominance,No significant dominance,No positive supply gap,Tidak Ada Dominasi Signifikan
3401090003,DIS,0.8279571742113946,1.1857264853774774,-0.3577693111660828,0.8279571742113946,0.7898370701634467,1.626360437268939,-0.7984032630575449,0.0381201040479478,0.7517169661154989,0.8279571742113946,1.0,0.0,1.0,0.071,Terrain-constrained,Terrain,Positive terrain component dominates with bootstrap support,Dominan Medan
3401090003,FFAS,1.7125057201659473,0.952997066820938,0.7595086533450094,0.1934884134759285,0.3580313345483553,1.602377851214842,0.1101278689511049,1.3544743856175918,-0.9964430510692366,1.4922499822637372,0.622,0.378,0.997,0.979,No significant dominance,No significant dominance,Dominance uncertain at configured bootstrap CI,Tidak Ada Dominasi Signifikan
3401090004,DIS,2.9469493662452293,1.4564840316223489,1.4904653346228804,-0.0339813030005315,0.970194302364946,1.9977355956508387,0.9492137705943902,1.9767550638802835,-1.0065607615153374,1.048521825056448,0.468,0.532,1.0,1.0,No significant dominance,No significant dominance,Dominance uncertain at configured bootstrap CI,Tidak Ada Dominasi Signifikan
3401090004,FFAS,2.323817968363735,1.1706114581439522,1.1532065102197828,0.0174049479241693,0.4397868547434098,1.9682766487051773,0.3555413196585577,1.884031113620325,-1.4442442588769155,1.6127353290466195,0.542,0.458,0.997,0.996,No significant dominance,No significant dominance,Dominance uncertain at configured bootstrap CI,Tidak Ada Dominasi Signifikan
3401100001,DIS,0.323179681482577,-0.004749927506669,0.327929608989246,-0.323179681482577,-0.0065150726343796,-0.003164025491226,0.326343706973803,0.3296947541169567,-0.323179681482577,-0.323179681482577,0.0,1.0,0.0,1.0,Residual-constrained,Residual,Positive residual component dominates with bootstrap support,Dominan Residual / Non-Terrain
3401100001,FFAS,1.6379476951623535,-0.0038176316690999,1.6417653268314536,-1.6379476951623535,-0.0064190002714998,-0.0014342455070312,1.639381940669385,1.6443666954338534,-1.6379476951623535,-1.6379476951623535,0.0,1.0,0.003,1.0,Residual-constrained,Residual,Positive residual component dominates with bootstrap support,Dominan Residual / Non-Terrain
3401100002,DIS,-0.7862575250936222,-0.0366677991431854,-0.7495897259504368,-0.7129219268072514,-0.050294109631207,-0.0244251835492865,-0.7618323415443358,-0.7359634154624152,-0.7374071579950492,-0.6856693058312081,0.0,1.0,0.0,0.0,No significant dominance,No significant dominance,No positive supply gap,Tidak Ada Dominasi Signifikan
3401100002,FFAS,-0.4196631244417899,-0.0294707974066299,-0.39019232703516,-0.36072152962853,-0.0495524641849675,-0.0110718797497437,-0.4085912446920461,-0.3701106602568224,-0.3975193649423024,-0.3205581960718548,0.0,1.0,0.003,0.0,No significant dominance,No significant dominance,No positive supply gap,Tidak Ada Dominasi Signifikan
3401100003,DIS,-1.29103501782244,0.0356941553547771,-1.3267291731772173,-1.29103501782244,0.0237766191740255,0.0489586450388345,-1.3399936628612747,-1.3148116369964655,-1.29103501782244,-1.29103501782244,0.0,1.0,1.0,0.0,No significant dominance,No significant dominance,No positive supply gap,Tidak Ada Dominasi Signifikan
3401100003,FFAS,-1.567729595833773,0.0286882563350386,-1.5964178521688115,-1.567729595833773,0.0107778870041675,0.0482366925793247,-1.6159662884130976,-1.5785074828379404,-1.567729595833773,-1.567729595833773,0.0,1.0,0.997,0.0,No significant dominance,No significant dominance,No positive supply gap,Tidak Ada Dominasi Signifikan
3401100004,DIS,-1.0386462714580311,0.0137051413998681,-1.0523514128578997,-1.0386462714580311,0.0091292796972495,0.0187981798794233,-1.0574444513374548,-1.0477755511552809,-1.0386462714580311,-1.0386462714580311,0.0,1.0,1.0,0.0,No significant dominance,No significant dominance,No positive supply gap,Tidak Ada Dominasi Signifikan
3401100004,FFAS,0.9520774219609726,0.0110151537605931,0.9410622682003794,-0.9300471144397864,0.0041382815734326,0.0185209787398188,0.9335564432211536,0.94793914038754,-0.9438008588141072,-0.915035464481335,0.0,1.0,0.997,1.0,Residual-constrained,Residual,Positive residual component dominates with bootstrap support,Dominan Residual / Non-Terrain
3401100005,DIS,-1.543423764186849,-0.2288775575367883,-1.3145462066500606,-1.0856686491132723,-0.3139319304637744,-0.1524601007908432,-1.3909636633960056,-1.2294918337230747,-1.2385035626051624,-0.9155599032593004,0.0,1.0,0.0,0.0,No significant dominance,No significant dominance,No positive supply gap,Tidak Ada Dominasi Signifikan
3401100005,FFAS,-1.3092596287932967,-0.1839544310459262,-1.1253051977473705,-0.9413507667014442,-0.3093026371257495,-0.0691098144332813,-1.2401498143600154,-0.9999569916675471,-1.171039999926734,-0.6906543545417978,0.0,1.0,0.003,0.0,No significant dominance,No significant dominance,No positive supply gap,Tidak Ada Dominasi Signifikan
3401100006,DIS,-1.0386462714580311,-0.2132812335365566,-0.8253650379214748,-0.6120838043849182,-0.2925397758365377,-0.1420710650346408,-0.8965752064233905,-0.7461064956214938,-0.7545041413887497,-0.453566719784956,0.0,1.0,0.0,0.0,No significant dominance,No significant dominance,No positive supply gap,Tidak Ada Dominasi Signifikan
3401100006,FFAS,1.6379476951623535,-0.1714192880692742,1.809366983231628,-1.6379476951623535,-0.2882259348284353,-0.0644004883241712,1.702348183486525,1.926173629990789,-1.637947695162354,-1.6379476951623535,0.0,1.0,0.003,1.0,Residual-constrained,Residual,Positive residual component dominates with bootstrap support,Dominan Residual / Non-Terrain
3401110001,DIS,-2.300590003280075,0.3823067685833791,-2.682896771863454,-2.300590003280075,0.2546624889680369,0.5243777641740025,-2.8249677674540776,-2.555252492248112,-2.300590003280075,-2.3005900032800746,0.0,1.0,1.0,0.0,No significant dominance,No significant dominance,No positive supply gap,Tidak Ada Dominasi Signifikan
3401110001,FFAS,-5.349923242997992,0.3072692004259011,-5.657192443423893,-5.349923242997992,0.1154379228690344,0.5166452009819981,-5.86656844397999,-5.4653611658670265,-5.349923242997992,-5.349923242997992,0.0,1.0,0.997,0.0,No significant dominance,No significant dominance,No positive supply gap,Tidak Ada Dominasi Signifikan
3401110002,DIS,0.8279571742113946,0.8823265543085382,-0.0543693800971436,0.8279571742113946,0.5877360666027528,1.2102124886098018,-0.3822553143984074,0.2402211076086417,0.3475149589941111,0.8279571742113946,1.0,0.0,1.0,0.404,Terrain-constrained,Terrain,Positive terrain component dominates with bootstrap support,Dominan Medan
3401110002,FFAS,-1.71684564584096,0.7091472009808188,-2.425992846821779,-1.71684564584096,0.2664194126067535,1.1923664905845632,-2.909212136425523,-1.9832650584477136,-1.7168456458409602,-1.7168456458409598,0.0,1.0,0.997,0.0,No significant dominance,No significant dominance,No positive supply gap,Tidak Ada Dominasi Signifikan
3401110003,DIS,0.5755684278469858,0.486032266776243,0.0895361610707427,0.3964961057055003,0.3237562003797493,0.66664923122585,-0.0910808033788643,0.2518122274672364,0.0719439729125129,0.5755684278469858,0.984,0.016,1.0,0.81,Terrain-constrained,Terrain,Positive terrain component dominates with bootstrap support,Dominan Medan
3401110003,FFAS,-0.4196631244417899,0.3906358931255845,-0.8102990175673744,-0.4196631244417899,0.1467579439722667,0.6568187089200939,-1.0764818333618835,-0.5664210684140567,-0.41966312444179,-0.4196631244417899,0.0,1.0,0.997,0.0,No significant dominance,No significant dominance,No positive supply gap,Tidak Ada Dominasi Signifikan
3401110004,DIS,-0.1815978112462405,1.030820875128142,-1.2124186863743829,-0.1815978112462406,0.6866512217742496,1.4138895520121946,-1.5954873632584354,-0.8682490330204902,-0.1815978112462406,-0.1815978112462404,0.0,1.0,1.0,0.0,No significant dominance,No significant dominance,No positive supply gap,Tidak Ada Dominasi Signifikan
3401110004,FFAS,-1.58479025155994,0.8284956796779092,-2.413285931237849,-1.58479025155994,0.3112574258514092,1.393040097564654,-2.977830349124594,-1.8960476774113493,-1.5847902515599404,-1.58479025155994,0.0,1.0,0.997,0.0,No significant dominance,No significant dominance,No positive supply gap,Tidak Ada Dominasi Signifikan
3401120001,DIS,1.0803459205758037,1.716118512991277,-0.6357725924154736,1.0803459205758037,1.1431422297383955,2.353854189488976,-1.2735082689131731,-0.0627963091625924,1.0803459205758037,1.0803459205758037,1.0,0.0,1.0,0.028,Terrain-constrained,Terrain,Positive terrain component dominates with bootstrap support,Dominan Medan
3401120001,FFAS,0.9520774219609726,1.3792859730860674,-0.4272085511250948,0.9520774219609726,0.5181837540331262,2.3191438575326653,-1.3670664355716928,0.433893667927846,0.0842900861052798,0.9520774219609726,0.959,0.041,0.997,0.192,Terrain-constrained,Terrain,Positive terrain component dominates with bootstrap support,Dominan Medan
3401120002,DIS,0.8279571742113946,0.9882308245221432,-0.1602736503107484,0.8279571742113946,0.6582811033670133,1.3554723924217789,-0.5275152182103846,0.1696760708443812,0.488605032522632,0.8279571742113946,1.0,0.0,1.0,0.224,Terrain-constrained,Terrain,Positive terrain component dominates with bootstrap support,Dominan Medan
3401120002,FFAS,2.323817968363735,0.7942650254723982,1.5295529428913368,-0.7352879174189386,0.2983973161676035,1.335484367288927,0.988333601074808,2.025420652196132,-1.727023336028528,0.3471507662141187,0.136,0.864,0.997,1.0,No significant dominance,No significant dominance,Dominance uncertain at configured bootstrap CI,Tidak Ada Dominasi Signifikan
3401120003,DIS,1.0803459205758037,1.5804427263567933,-0.5000968057809898,1.0803459205758037,1.0527657667606067,2.167759222058592,-1.087413301482789,0.0275801538151966,1.0251856129454102,1.0803459205758037,1.0,0.0,1.0,0.059,Terrain-constrained,Terrain,Positive terrain component dominates with bootstrap support,Dominan Medan
3401120003,FFAS,0.266207148759591,1.2702400604782167,-1.0040329117186255,0.2662071487595912,0.477216310399464,2.1357930779639385,-1.869585929204348,-0.2110091616398733,0.2662071487595909,0.2662071487595912,0.994,0.006,0.997,0.014,Terrain-constrained,Terrain,Positive terrain component dominates with bootstrap support,Dominan Medan
3401120004,DIS,0.5755684278469858,1.6635826232787525,-1.0880141954317666,0.5755684278469859,1.1081469810695932,2.281795166081084,-1.706226738234098,-0.5325785532226074,0.5755684278469857,0.5755684278469859,1.0,0.0,1.0,0.0,Terrain-constrained,Terrain,Positive terrain component dominates with bootstrap support,Dominan Medan
3401120004,FFAS,1.6379476951623535,1.337061607335373,0.3008860878269808,1.0361755195083922,0.5023204879785839,2.248147428670393,-0.6101997335080391,1.1356272071837694,-0.633306719205186,1.6379476951623535,0.856,0.144,0.997,0.703,No significant dominance,No significant dominance,Dominance uncertain at configured bootstrap CI,Tidak Ada Dominasi Signifikan
3401120005,DIS,0.8279571742113946,1.6001193632566089,-0.7721621890452143,0.8279571742113946,1.065872783793015,2.1947479957656904,-1.3667908215542963,-0.2379156095816206,0.8279571742113945,0.8279571742113947,1.0,0.0,1.0,0.003,Terrain-constrained,Terrain,Positive terrain component dominates with bootstrap support,Dominan Medan
3401120005,FFAS,-2.980421076919072,1.2860546496618726,-4.2664757265809445,-2.980421076919072,0.4831576911947338,2.1623838706496765,-5.142804947568749,-3.4635787681138064,-2.9804210769190727,-2.980421076919072,0.0,1.0,0.997,0.0,No significant dominance,No significant dominance,No positive supply gap,Tidak Ada Dominasi Signifikan
3401120006,DIS,0.5755684278469858,1.5160739297336785,-0.9405055018866928,0.5755684278469858,1.0098883727226704,2.0794700040024416,-1.5039015761554562,-0.4343199448756845,0.5755684278469857,0.5755684278469859,1.0,0.0,1.0,0.0,Terrain-constrained,Terrain,Positive terrain component dominates with bootstrap support,Dominan Medan
3401120006,FFAS,-1.0309753726395785,1.218505301127629,-2.2494806737672075,-1.0309753726395785,0.4577800859054917,2.048805787648502,-3.0797811602880807,-1.4887554585450704,-1.0309753726395785,-1.030975372639578,0.001,0.999,0.997,0.0,No significant dominance,No significant dominance,No positive supply gap,Tidak Ada Dominasi Signifikan
3401120007,DIS,0.5755684278469858,1.296431722436865,-0.7208632945898793,0.5755684278469858,0.8635801307841262,1.7782054200471968,-1.2026369922002114,-0.2880117029371404,0.5755684278469857,0.5755684278469859,1.0,0.0,1.0,0.0,Terrain-constrained,Terrain,Positive terrain component dominates with bootstrap support,Dominan Medan
3401120007,FFAS,-2.328157894038748,1.0419735445334404,-3.370131438572188,-2.328157894038748,0.3914588949972952,1.751983702197397,-4.080141596236145,-2.7196167890360434,-2.328157894038748,-2.328157894038748,0.0,1.0,0.997,0.0,No significant dominance,No significant dominance,No positive supply gap,Tidak Ada Dominasi Signifikan
3402010001,DIS,-1.7958125105512577,-0.3912788138203864,-1.4045336967308713,-1.0132548829104848,-0.5366839575455797,-0.2606389548821939,-1.5351735556690638,-1.2591285530056782,-1.27453460078687,-0.7224445954600985,0.0,1.0,0.0,0.0,No significant dominance,No significant dominance,No positive supply gap,Tidak Ada Dominasi Signifikan
3402010001,FFAS,-1.0309753726395785,-0.3144802502756737,-0.7164951223639046,-0.4020148720882308,-0.5287699251449244,-0.118147041177049,-0.9128283314625292,-0.5022054474946539,-0.7946812902854803,0.0265644776502704,0.066,0.934,0.003,0.0,No significant dominance,No significant dominance,No positive supply gap,Tidak Ada Dominasi Signifikan
3402010002,DIS,0.0707909351181681,-0.2742243139760391,0.3450152490942073,-0.0707909351181682,-0.3761302296000121,-0.182666518281797,0.2534574533999651,0.4469211647181802,-0.0707909351181682,-0.0707909351181681,0.0,1.0,0.0,1.0,Residual-constrained,Residual,Positive residual component dominates with bootstrap support,Dominan Residual / Non-Terrain
3402010002,FFAS,-1.8066817435013696,-0.2204007164324687,-1.586281027068901,-1.365880310636432,-0.3705837496240989,-0.0828023142851469,-1.723879429216223,-1.4360979938772709,-1.641077114931076,-1.065514244253172,0.0,1.0,0.003,0.0,No significant dominance,No significant dominance,No positive supply gap,Tidak Ada Dominasi Signifikan
3402020001,DIS,-1.0386462714580311,-0.3771572137160862,-0.6614890577419451,-0.2843318440258588,-0.5173145565886168,-0.2512322633812872,-0.7874140080767441,-0.5213317148694147,-0.5361817446954569,-0.0040171582807978,0.049,0.951,0.0,0.0,No significant dominance,No significant dominance,No positive supply gap,Tidak Ada Dominasi Signifikan
3402020001,FFAS,-1.261479070880559,-0.3031303785774532,-0.9583486923031056,-0.6552183137256524,-0.509686148650179,-0.1138830094685128,-1.1475960614120462,-0.75179292223038,-1.0337130519435336,-0.2421067735802009,0.002,0.998,0.003,0.0,No significant dominance,No significant dominance,No positive supply gap,Tidak Ada Dominasi Signifikan
3402020002,DIS,1.0803459205758037,-0.3476340874392342,1.4279800080150378,-1.0803459205758037,-0.4768201886603493,-0.2315662950081925,1.311912215583996,1.5571661092361528,-1.0803459205758037,-1.0803459205758037,0.0,1.0,0.0,1.0,Residual-constrained,Residual,Positive residual component dominates with bootstrap support,Dominan Residual / Non-Terrain
3402020002,FFAS,2.323817968363735,-0.2794019276301277,2.603219895993863,-2.323817968363735,-0.4697889175196909,-0.1049684710557389,2.4287864394194743,2.7936068858834258,-2.323817968363735,-2.323817968363735,0.0,1.0,0.003,1.0,Residual-constrained,Residual,Positive residual component dominates with bootstrap support,Dominan Residual / Non-Terrain
3402020003,DIS,-1.29103501782244,-0.3563394234007042,-0.934695594421736,-0.5783561710210317,-0.4887605595430678,-0.2373651003274538,-1.0536699174949864,-0.8022744582793725,-0.8163048171675326,-0.3135138987363047,0.001,0.999,0.0,0.0,No significant dominance,No significant dominance,No positive supply gap,Tidak Ada Dominasi Signifikan
3402020003,FFAS,-0.76686458407754,-0.2863986167816993,-0.4804659672958406,-0.1940673505141412,-0.4815532136740463,-0.1075970562230717,-0.6592675278544684,-0.2853113704034937,-0.5516704716313967,0.1962418432705525,0.212,0.788,0.003,0.0,No significant dominance,No significant dominance,No positive supply gap,Tidak Ada Dominasi Signifikan
3402020004,DIS,-1.7958125105512577,-0.3032640114218289,-1.4925484991294289,-1.1892844877075996,-0.4159615192089787,-0.2020104646571819,-1.5938020458940758,-1.379850991342279,-1.391791581236894,-0.9638894721333005,0.0,1.0,0.0,0.0,No significant dominance,No significant dominance,No positive supply gap,Tidak Ada Dominasi Signifikan
3402020004,FFAS,-1.1362532998297412,-0.2437406239309462,-0.8925126758987949,-0.6487720519678486,-0.4098276803003207,-0.0915708808640461,-1.0446824189656951,-0.7264256195294205,-0.9531115381016492,-0.3165979392290999,0.002,0.998,0.003,0.0,No significant dominance,No significant dominance,No positive supply gap,Tidak Ada Dominasi Signifikan
3402030001,DIS,-1.7958125105512577,-0.346623101716608,-1.4491894088346498,-1.1025663071180418,-0.475433505304449,-0.2308928563939897,-1.564919654157268,-1.3203790052468087,-1.3340267977632785,-0.8449454999423598,0.0,1.0,0.0,0.0,No significant dominance,No significant dominance,No positive supply gap,Tidak Ada Dominasi Signifikan
3402030001,FFAS,2.323817968363735,-0.2785893739424584,2.602407342306193,-2.323817968363735,-0.4684226824310692,-0.1046632028746322,2.428481171238367,2.7922406507948043,-2.323817968363735,-2.323817968363735,0.0,1.0,0.003,1.0,Residual-constrained,Residual,Positive residual component dominates with bootstrap support,Dominan Residual / Non-Terrain
3402030002,DIS,-0.4339865576106493,0.1151339258007892,-0.5491204834114385,-0.4339865576106493,0.0766931022899105,0.1579194394483396,-0.591905997058989,-0.5106796599005599,-0.4339865576106493,-0.4339865576106492,0.0,1.0,1.0,0.0,No significant dominance,No significant dominance,No positive supply gap,Tidak Ada Dominasi Signifikan
3402030002,FFAS,0.4898812237703712,0.0925359220130782,0.3973453017572929,-0.3048093797442147,0.0347648075796543,0.1555907326872821,0.334290491083089,0.4551164161907167,-0.4203516086110623,-0.1786997583958068,0.0,1.0,0.997,1.0,Residual-constrained,Residual,Positive residual component dominates with bootstrap support,Dominan Residual / Non-Terrain
3402030003,DIS,-1.7958125105512577,-0.1920237893798766,-1.603788721171381,-1.4117649317915044,-0.2633827429118056,-0.12791103941412,-1.6679014711371376,-1.532429767639452,-1.5399904317230175,-1.2690470247276466,0.0,1.0,0.0,0.0,No significant dominance,No significant dominance,No positive supply gap,Tidak Ada Dominasi Signifikan
3402030003,FFAS,-1.1362532998297412,-0.1543341658431508,-0.9819191339865904,-0.8275849681434395,-0.2594988564421779,-0.0579817811481395,-1.078271518681602,-0.8767544433875633,-1.0202897375334623,-0.6172555869453854,0.0,1.0,0.003,0.0,No significant dominance,No significant dominance,No positive supply gap,Tidak Ada Dominasi Signifikan
3402030004,DIS,0.5755684278469858,-0.2175868858147189,0.7931553136617048,-0.5755684278469858,-0.2984454738269227,-0.1449391495570538,0.7205075774040397,0.8740139016739085,-0.5755684278469859,-0.5755684278469857,0.0,1.0,0.0,1.0,Residual-constrained,Residual,Positive residual component dominates with bootstrap support,Dominan Residual / Non-Terrain
3402030004,FFAS,1.6379476951623535,-0.1748798449872833,1.812827540149637,-1.6379476951623535,-0.2940445463974969,-0.0657005844679803,1.703648279630334,1.9319922415598505,-1.637947695162354,-1.6379476951623535,0.0,1.0,0.003,1.0,Residual-constrained,Residual,Positive residual component dominates with bootstrap support,Dominan Residual / Non-Terrain
3402030005,DIS,0.5755684278469858,-0.2249796611669457,0.8005480890139316,-0.5755684278469859,-0.3085855166637419,-0.1498636309586146,0.7254320588056004,0.8841539445107276,-0.5755684278469859,-0.5755684278469857,0.0,1.0,0.0,1.0,Residual-constrained,Residual,Positive residual component dominates with bootstrap support,Dominan Residual / Non-Terrain
3402030005,FFAS,2.323817968363735,-0.1808215974177313,2.504639565781466,-2.323817968363735,-0.3040350624477848,-0.0679328406063185,2.3917508089700537,2.62785303081152,-2.323817968363735,-2.323817968363735,0.0,1.0,0.003,1.0,Residual-constrained,Residual,Positive residual component dominates with bootstrap support,Dominan Residual / Non-Terrain
3402040001,DIS,0.5755684278469858,0.7179419152481996,-0.1423734874012138,0.5755684278469858,0.4782360399975785,0.9847400236193968,-0.4091715957724112,0.0973323878494072,0.3809036521481712,0.5755684278469858,1.0,0.0,1.0,0.172,Terrain-constrained,Terrain,Positive terrain component dominates with bootstrap support,Dominan Medan
3402040001,FFAS,3.0096882415651165,0.5770272890223295,2.432660952542787,-1.8556336635204576,0.2167833013890082,0.9702188806942628,2.0394693608708536,2.792904940176108,-2.5761216387871,-1.0692504801765907,0.0,1.0,0.997,1.0,Residual-constrained,Residual,Positive residual component dominates with bootstrap support,Dominan Residual / Non-Terrain
3402040002,DIS,0.8279571742113946,-0.2374082100754724,1.0653653842868671,-0.8279571742113947,-0.3256327029134906,-0.1581425458494873,0.986099720060882,1.1535898771248851,-0.8279571742113947,-0.8279571742113945,0.0,1.0,0.0,1.0,Residual-constrained,Residual,Positive residual component dominates with bootstrap support,Dominan Residual / Non-Terrain
3402040002,FFAS,0.4898812237703712,-0.1908107229038638,0.680691946674235,-0.4898812237703712,-0.320830868006116,-0.0716856537610341,0.5615668775314053,0.8107120917764872,-0.4898812237703712,-0.4898812237703711,0.0,1.0,0.003,1.0,Residual-constrained,Residual,Positive residual component dominates with bootstrap support,Dominan Residual / Non-Terrain
3402040003,DIS,0.323179681482577,-0.2281607199947115,0.5513404014772885,-0.3231796814825769,-0.3129487052151525,-0.1519826003967816,0.4751622818793586,0.6361283866977294,-0.323179681482577,-0.3231796814825769,0.0,1.0,0.0,1.0,Residual-constrained,Residual,Positive residual component dominates with bootstrap support,Dominan Residual / Non-Terrain
3402040003,FFAS,0.2184265908468538,-0.1833782913683438,0.4018048822151977,-0.2184265908468538,-0.3083339106829246,-0.0688933645985098,0.2873199554453637,0.5267605015297784,-0.2184265908468539,-0.2184265908468538,0.0,1.0,0.003,1.0,Residual-constrained,Residual,Positive residual component dominates with bootstrap support,Dominan Residual / Non-Terrain
3402050001,DIS,0.323179681482577,-0.2617951280366599,0.5849748095192369,-0.3231796814825769,-0.3590821695890809,-0.1743871790514257,0.4975668605340027,0.6822618510716578,-0.323179681482577,-0.3231796814825769,0.0,1.0,0.0,1.0,Residual-constrained,Residual,Positive residual component dominates with bootstrap support,Dominan Residual / Non-Terrain
3402050001,FFAS,0.928187143004604,-0.2104110789492261,1.13859822195383,-0.9281871430046038,-0.3537870831892155,-0.0790493087783087,1.0072364517829124,1.2819742261938194,-0.928187143004604,-0.9281871430046038,0.0,1.0,0.003,1.0,Residual-constrained,Residual,Positive residual component dominates with bootstrap support,Dominan Residual / Non-Terrain
3402050002,DIS,0.323179681482577,-0.2350820268826468,0.5582617083652238,-0.323179681482577,-0.3224420747531969,-0.1565930268496651,0.4797727083322421,0.6456217562357739,-0.323179681482577,-0.3231796814825769,0.0,1.0,0.0,1.0,Residual-constrained,Residual,Positive residual component dominates with bootstrap support,Dominan Residual / Non-Terrain
3402050002,FFAS,-1.3440555208229923,-0.1889411131861175,-1.155114407636875,-0.9661732944507574,-0.3176872893882653,-0.0709832603480488,-1.2730722604749436,-1.026368231434727,-1.202089000126895,-0.7086809420464618,0.0,1.0,0.003,0.0,No significant dominance,No significant dominance,No positive supply gap,Tidak Ada Dominasi Signifikan
3402050003,DIS,0.0707909351181681,-0.2675353962468726,0.3383263313650408,-0.0707909351181682,-0.3669556085579596,-0.1782108910803118,0.24900182619848,0.4377465436761276,-0.0707909351181682,-0.0707909351181681,0.0,1.0,0.0,1.0,Residual-constrained,Residual,Positive residual component dominates with bootstrap support,Dominan Residual / Non-Terrain
3402050003,FFAS,-2.301380426947892,-0.2150246714046199,-2.086355755543272,-1.871331084138652,-0.3615444190955221,-0.0807825886816531,-2.220597838266239,-1.93983600785237,-2.139815249584585,-1.578291588756848,0.0,1.0,0.003,0.0,No significant dominance,No significant dominance,No positive supply gap,Tidak Ada Dominasi Signifikan
3402060001,DIS,0.8279571742113946,-0.2973552834855345,1.1253124576969291,-0.8279571742113946,-0.4078570183239236,-0.1980745381014805,1.0260317123128753,1.2358141925353183,-0.8279571742113947,-0.8279571742113945,0.0,1.0,0.0,1.0,Residual-constrained,Residual,Positive residual component dominates with bootstrap support,Dominan Residual / Non-Terrain
3402060001,FFAS,0.4898812237703712,-0.2389916363175517,0.7288728600879228,-0.4898812237703711,-0.4018426897559301,-0.0897867343727571,0.5796679581431283,0.8917239135263013,-0.4898812237703712,-0.4898812237703711,0.0,1.0,0.003,1.0,Residual-constrained,Residual,Positive residual component dominates with bootstrap support,Dominan Residual / Non-Terrain
3402060002,DIS,-0.4339865576106493,-0.2863509802793337,-0.1476355773313155,0.1387154029480182,-0.3927633490882404,-0.1907443428914031,-0.2432422147192461,-0.0412232085224089,-0.052497871827843,0.3515401405658315,0.878,0.122,0.0,0.012,No significant dominance,No significant dominance,No positive supply gap,Tidak Ada Dominasi Signifikan
3402060002,FFAS,2.323817968363735,-0.2301472115642503,2.553965179927985,-2.323817968363735,-0.3869715943194011,-0.0864639736760214,2.4102819420397563,2.710789562683136,-2.323817968363735,-2.323817968363735,0.0,1.0,0.003,1.0,Residual-constrained,Residual,Positive residual component dominates with bootstrap support,Dominan Residual / Non-Terrain
3402060003,DIS,-0.1815978112462405,-0.1711546881539394,-0.010443123092301,0.1607115650616383,-0.2347583670428462,-0.114009697095709,-0.0675881141505314,0.0531605557966056,0.0464215829451776,0.1815978112462405,0.996,0.004,0.0,0.386,No significant dominance,No significant dominance,No positive supply gap,Tidak Ada Dominasi Signifikan
3402060003,FFAS,-0.90574960158876,-0.1375611642270353,-0.7681884373617247,-0.6306272731346894,-0.2312965804606672,-0.0516803345203631,-0.8540692670683969,-0.6744530211280928,-0.8023889325480339,-0.4431564406674256,0.0,1.0,0.003,0.0,No significant dominance,No significant dominance,No positive supply gap,Tidak Ada Dominasi Signifikan
3402060004,DIS,0.5755684278469858,-0.3238700857772598,0.8994385136242457,-0.5755684278469858,-0.4442251234316894,-0.2157365993072672,0.7913050271542531,1.019793551278675,-0.5755684278469859,-0.5755684278469857,0.0,1.0,0.0,1.0,Residual-constrained,Residual,Positive residual component dominates with bootstrap support,Dominan Residual / Non-Terrain
3402060004,FFAS,0.928187143004604,-0.2603022244868857,1.1884893674914896,-0.9281871430046038,-0.4376745046352911,-0.0977929062571357,1.0259800492617397,1.365861647639895,-0.928187143004604,-0.9281871430046038,0.0,1.0,0.003,1.0,Residual-constrained,Residual,Positive residual component dominates with bootstrap support,Dominan Residual / Non-Terrain
3402070001,DIS,-2.0482012569156662,-0.2605112806896249,-1.7876899762260412,-1.5271786955364162,-0.357321225089266,-0.1735319816348002,-1.874669275280866,-1.6908800318264003,-1.7011372936460658,-1.3335588067371345,0.0,1.0,0.0,0.0,No significant dominance,No significant dominance,No positive supply gap,Tidak Ada Dominasi Signifikan
3402070001,FFAS,-0.4685482874196641,-0.2093792197717019,-0.2591690676479622,-0.0497898478762602,-0.3520521058748013,-0.0786616497484364,-0.3898866376712278,-0.1164961815448628,-0.3112249879227914,0.2355559243299385,0.415,0.585,0.003,0.002,No significant dominance,No significant dominance,No positive supply gap,Tidak Ada Dominasi Signifikan
3402070002,DIS,0.8279571742113946,-0.2820040834005834,1.109961257611978,-0.8279571742113945,-0.386801079377923,-0.1878487844828197,1.0158059586942143,1.2147582535893175,-0.8279571742113947,-0.8279571742113945,0.0,1.0,0.0,1.0,Residual-constrained,Residual,Positive residual component dominates with bootstrap support,Dominan Residual / Non-Terrain
3402070002,FFAS,0.870689773727178,-0.2266535053627705,1.0973432790899489,-0.8706897737271782,-0.3810972452465565,-0.0851514236825484,0.9558411974097264,1.2517870189737346,-0.8706897737271782,-0.8706897737271779,0.0,1.0,0.003,1.0,Residual-constrained,Residual,Positive residual component dominates with bootstrap support,Dominan Residual / Non-Terrain
3402070003,DIS,-2.805367496008893,-0.2397782549819827,-2.5655892410269097,-2.3258109860449268,-0.3288834924657473,-0.1597212820489389,-2.645646213959953,-2.476484003543145,-2.485924931911015,-2.1476005110773984,0.0,1.0,0.0,0.0,No significant dominance,No significant dominance,No positive supply gap,Tidak Ada Dominasi Signifikan
3402070003,FFAS,-15.44299263160871,-0.1927155853422019,-15.25027704626651,-15.057561460924308,-0.3240337208658694,-0.0724012912636806,-15.37059134034503,-15.11895891074284,-15.29819004908135,-14.79492518987697,0.0,1.0,0.003,0.0,No significant dominance,No significant dominance,No positive supply gap,Tidak Ada Dominasi Signifikan
3402070004,DIS,-0.1815978112462405,-0.3286008514258035,0.147003040179563,0.1815978112462405,-0.4507139133707394,-0.2188878606863078,0.0372900494400673,0.2691161021244987,0.1815978112462405,0.1815978112462405,1.0,0.0,0.0,0.989,No significant dominance,No significant dominance,No positive supply gap,Tidak Ada Dominasi Signifikan
3402070004,FFAS,-0.6177485340703532,-0.264104455306959,-0.3536440787633942,-0.0895396234564351,-0.4440676097805315,-0.0992213658213534,-0.5185271682489999,-0.1736809242898217,-0.4193058024276466,0.2703866854907097,0.357,0.643,0.003,0.002,No significant dominance,No significant dominance,No positive supply gap,Tidak Ada Dominasi Signifikan
3402070005,DIS,0.323179681482577,-0.4654175724838114,0.7885972539663884,-0.323179681482577,-0.6383738037667668,-0.3100243238103684,0.6332040052929453,0.9615534852493436,-0.323179681482577,-0.3231796814825769,0.0,1.0,0.0,1.0,Residual-constrained,Residual,Positive residual component dominates with bootstrap support,Dominan Residual / Non-Terrain
3402070005,FFAS,1.7125057201659473,-0.3740673645177045,2.086573084683652,-1.712505720165947,-0.6289602356961939,-0.140533315780314,1.8530390359462607,2.3414659558621413,-1.7125057201659477,-1.712505720165947,0.0,1.0,0.003,1.0,Residual-constrained,Residual,Positive residual component dominates with bootstrap support,Dominan Residual / Non-Terrain
3402080001,DIS,-2.300590003280075,-0.3069442687354426,-1.9936457345446323,-1.6867014658091897,-0.4210094159774527,-0.2044619605880557,-2.0961280426920195,-1.8795805873026223,-1.891666082103964,-1.45857117132517,0.0,1.0,0.0,0.0,No significant dominance,No significant dominance,No positive supply gap,Tidak Ada Dominasi Signifikan
3402080001,FFAS,-0.9734780033621524,-0.2466985357835297,-0.7267794675786226,-0.4800809317950928,-0.4148011399293586,-0.0926821383536306,-0.8807958650085216,-0.5586768634327937,-0.788113726654891,-0.143875723503435,0.004,0.996,0.003,0.0,No significant dominance,No significant dominance,No positive supply gap,Tidak Ada Dominasi Signifikan
3402080002,DIS,-1.7958125105512577,-0.3498756712753524,-1.445936839275905,-1.096061168000553,-0.4798947790594358,-0.2330594606171918,-1.5627530499340658,-1.315917731491822,-1.3296935893168742,-0.8360229524323862,0.0,1.0,0.0,0.0,No significant dominance,No significant dominance,No positive supply gap,Tidak Ada Dominasi Signifikan
3402080002,FFAS,0.3407651737631842,-0.2812035427978734,0.6219687165610577,-0.3407651737631842,-0.4728181694887852,-0.1056453196057583,0.4464104933689425,0.8135833432519695,-0.3407651737631843,-0.3407651737631842,0.0,1.0,0.003,1.0,Residual-constrained,Residual,Positive residual component dominates with bootstrap support,Dominan Residual / Non-Terrain
3402080003,DIS,-2.0482012569156662,-0.4371203942399888,-1.6110808626756774,-1.1739604684356886,-0.5995609647607716,-0.2911749849167714,-1.7570262719988947,-1.4486402921548949,-1.4658512870821232,-0.8490793273941235,0.0,1.0,0.0,0.0,No significant dominance,No significant dominance,No positive supply gap,Tidak Ada Dominasi Signifikan
3402080003,FFAS,-1.5170618497865476,-0.3513242376682716,-1.165737612118276,-0.8144133744500045,-0.5907197373781142,-0.1319889536398637,-1.3850728961466838,-0.9263421124084334,-1.2530839425068203,-0.3356223750303193,0.002,0.998,0.003,0.0,No significant dominance,No significant dominance,No positive supply gap,Tidak Ada Dominasi Signifikan
3402080004,DIS,-1.543423764186849,-0.3281003430375413,-1.2153234211493076,-0.8872230781117663,-0.4500274084716506,-0.2185544616403622,-1.3248693025464866,-1.0933963557151982,-1.1063148409061243,-0.6433689472435478,0.0,1.0,0.0,0.0,No significant dominance,No significant dominance,No positive supply gap,Tidak Ada Dominasi Signifikan
3402080004,FFAS,-2.739686346182124,-0.2637021846047225,-2.4759841615774016,-2.212281976972679,-0.4433912281987847,-0.0990702367975759,-2.640616109384548,-2.29629511798334,-2.541545872586972,-1.852903889784555,0.0,1.0,0.003,0.0,No significant dominance,No significant dominance,No positive supply gap,Tidak Ada Dominasi Signifikan
3402090001,DIS,0.323179681482577,0.7833786297588848,-0.4601989482763078,0.323179681482577,0.5218247963487431,1.074494014052663,-0.7513143325700864,-0.1986451148661661,0.3231796814825769,0.323179681482577,1.0,0.0,1.0,0.0,Terrain-constrained,Terrain,Positive terrain component dominates with bootstrap support,Dominan Medan
3402090001,FFAS,2.323817968363735,0.6296203598191157,1.694197608544619,-1.0645772487255036,0.2365419847899798,1.0586493436056232,1.2651686247581115,2.087275983573756,-1.850733998783776,-0.2065192811524883,0.017,0.983,0.997,1.0,Residual-constrained,Residual,Positive residual component dominates with bootstrap support,Dominan Residual / Non-Terrain
3402090002,DIS,-1.29103501782244,0.6595086451563517,-1.950543662978792,-1.29103501782244,0.4393124236167555,0.9045920638077564,-2.195627081630197,-1.7303474414391955,-1.2910350178224403,-1.29103501782244,0.0,1.0,1.0,0.0,No significant dominance,No significant dominance,No positive supply gap,Tidak Ada Dominasi Signifikan
3402090002,FFAS,2.323817968363735,0.53006305596435,1.793754912399385,-1.263691856435035,0.1991393152497017,0.8912527962524333,1.4325651721113015,2.124678653114033,-1.9255393378643315,-0.5413123758588685,0.002,0.998,0.997,1.0,Residual-constrained,Residual,Positive residual component dominates with bootstrap support,Dominan Residual / Non-Terrain
3402090003,DIS,0.8279571742113946,-0.3679506467120084,1.195907820923403,-0.8279571742113947,-0.504686689603145,-0.2450995776409924,1.0730567518523872,1.3326438638145397,-0.8279571742113947,-0.8279571742113945,0.0,1.0,0.0,1.0,Residual-constrained,Residual,Positive residual component dominates with bootstrap support,Dominan Residual / Non-Terrain
3402090003,FFAS,2.323817968363735,-0.2957308379088618,2.6195488062725967,-2.323817968363735,-0.4972444943268691,-0.1111030770711779,2.434921045434913,2.821062462690604,-2.323817968363735,-2.323817968363735,0.0,1.0,0.003,1.0,Residual-constrained,Residual,Positive residual component dominates with bootstrap support,Dominan Residual / Non-Terrain
3402090004,DIS,1.0803459205758037,0.0213248815935414,1.059021038982262,-1.037696157388721,0.0142049470996366,0.0292495311362968,1.051096389439507,1.0661409734761669,-1.05193602637653,-1.02184685830321,0.0,1.0,1.0,1.0,Residual-constrained,Residual,Positive residual component dominates with bootstrap support,Dominan Residual / Non-Terrain
3402090004,FFAS,0.4898812237703712,0.0171393233258841,0.472741900444487,-0.4556025771186029,0.0064390699796089,0.0288182126035513,0.4610630111668198,0.4834421537907623,-0.4770030838111533,-0.4322447985632685,0.0,1.0,0.997,1.0,Residual-constrained,Residual,Positive residual component dominates with bootstrap support,Dominan Residual / Non-Terrain
3402090005,DIS,-1.29103501782244,0.5609542300537166,-1.8519892478761568,-1.29103501782244,0.3736632781887891,0.769413332778501,-2.060448350600941,-1.664698296011229,-1.2910350178224403,-1.29103501782244,0.0,1.0,1.0,0.0,No significant dominance,No significant dominance,No positive supply gap,Tidak Ada Dominasi Signifikan
3402090005,FFAS,-0.7327432726252048,0.4508524878667974,-1.1835957604920022,-0.7327432726252048,0.1693807080160985,0.7580674336520342,-1.490810706277239,-0.9021239806413034,-0.7327432726252049,-0.7327432726252047,0.0,1.0,0.997,0.0,No significant dominance,No significant dominance,No positive supply gap,Tidak Ada Dominasi Signifikan
3402090006,DIS,0.5755684278469858,-0.3902335403916881,0.965801968238674,-0.5755684278469859,-0.5352502446518157,-0.2599426765139327,0.8355111043609186,1.1108186724988014,-0.5755684278469859,-0.5755684278469857,0.0,1.0,0.0,1.0,Residual-constrained,Residual,Positive residual component dominates with bootstrap support,Dominan Residual / Non-Terrain
3402090006,FFAS,-0.006436285872565,-0.3136401387289892,0.3072038528564241,0.006436285872565,-0.5273573540239579,-0.1178314197877489,0.1113951339151838,0.5209210681513928,0.006436285872565,0.006436285872565,0.997,0.003,0.003,0.997,No significant dominance,No significant dominance,No positive supply gap,Tidak Ada Dominasi Signifikan
3402090007,DIS,-1.0386462714580311,-0.3342365960192813,-0.7044096754387501,-0.3701730794194688,-0.4584439861610647,-0.2226419473604238,-0.8160043240976075,-0.5802022852969667,-0.5933623767371837,-0.121758299135902,0.007,0.993,0.0,0.0,No significant dominance,No significant dominance,No positive supply gap,Tidak Ada Dominasi Signifikan
3402090007,FFAS,-1.3092596287932967,-0.2686340396024692,-1.0406255891908276,-0.7719915495883585,-0.4516836936101995,-0.100923084710878,-1.2083365440824188,-0.8575759351830972,-1.1074134593715406,-0.4058922415728976,0.001,0.999,0.003,0.0,No significant dominance,No significant dominance,No positive supply gap,Tidak Ada Dominasi Signifikan
3402090008,DIS,-1.543423764186849,0.6686866101599516,-2.2121103743468007,-1.5434237641868491,0.4454260569697274,0.917180699855421,-2.4606044640422704,-1.9888498211565764,-1.5434237641868491,-1.543423764186849,0.0,1.0,1.0,0.0,No significant dominance,No significant dominance,No positive supply gap,Tidak Ada Dominasi Signifikan
3402090008,FFAS,-2.104483819027968,0.5374396085130868,-2.6419234275410552,-2.104483819027968,0.2019106112435083,0.9036557981439794,-3.008139617171948,-2.3063944302714767,-2.104483819027968,-2.104483819027968,0.0,1.0,0.997,0.0,No significant dominance,No significant dominance,No positive supply gap,Tidak Ada Dominasi Signifikan
3402100001,DIS,0.5755684278469858,0.815751666718785,-0.2401832388717991,0.5755684278469858,0.5433891494942835,1.1188973627128438,-0.5433289348658583,0.0321792783527022,0.5112098711415813,0.5755684278469858,1.0,0.0,1.0,0.073,Terrain-constrained,Terrain,Positive terrain component dominates with bootstrap support,Dominan Medan
3402100001,FFAS,1.7125057201659473,0.6556393529404922,1.056866367225455,-0.4012270142849627,0.2463170566712884,1.1023979129770742,0.6101078071888729,1.4661886634946588,-1.2198716068233704,0.4922901057882013,0.238,0.762,0.997,1.0,No significant dominance,No significant dominance,Dominance uncertain at configured bootstrap CI,Tidak Ada Dominasi Signifikan
3402100002,DIS,0.323179681482577,0.6615696253441113,-0.3383899438615343,0.323179681482577,0.4406852853797672,0.9074189355026232,-0.5842392540200463,-0.1175056038971902,0.3231796814825769,0.323179681482577,1.0,0.0,1.0,0.0,Terrain-constrained,Terrain,Positive terrain component dominates with bootstrap support,Dominan Medan
3402100002,FFAS,1.1011934719681593,0.5317195156099198,0.5694739563582395,-0.0377544407483196,0.1997616303419267,0.8940379824192138,0.2071554895489454,0.9014318416262324,-0.7016702112843058,0.6868824928702684,0.495,0.505,0.997,0.998,No significant dominance,No significant dominance,Dominance uncertain at configured bootstrap CI,Tidak Ada Dominasi Signifikan
3402100003,DIS,0.8279571742113946,0.6957779889137974,0.1321791852975972,0.5635988036162002,0.4634721877473611,0.9543396459864898,-0.1263824717750954,0.3644849864640335,0.0989872012833276,0.8279571742113946,0.983,0.017,1.0,0.815,Terrain-constrained,Terrain,Positive terrain component dominates with bootstrap support,Dominan Medan
3402100003,FFAS,1.4820020219249663,0.5592136051362043,0.922788416788762,-0.3635748116525577,0.2100908809849795,0.9402667921711688,0.5417352297537974,1.2719111409399868,-1.0618202599550075,0.3985315624173713,0.223,0.777,0.997,1.0,No significant dominance,No significant dominance,Dominance uncertain at configured bootstrap CI,Tidak Ada Dominasi Signifikan
3402100004,DIS,0.0707909351181681,0.0476388380930011,0.0231520970251669,0.0244867410678341,0.0317332207464255,0.0653421531081448,0.0054487820100233,0.0390577143717426,-0.007324493625317,0.0598933710981214,0.892,0.108,1.0,0.984,No significant dominance,No significant dominance,Dominance uncertain at configured bootstrap CI,Tidak Ada Dominasi Signifikan
3402100004,FFAS,0.870689773727178,0.0382884868721934,0.8324012868549846,-0.794112799982791,0.0143845962699739,0.0643786066679058,0.8063111670592723,0.856305177457204,-0.8419205811872301,-0.7419325603913665,0.0,1.0,0.997,1.0,Residual-constrained,Residual,Positive residual component dominates with bootstrap support,Dominan Residual / Non-Terrain
3402100005,DIS,0.5755684278469858,0.3178098797920648,0.257758548054921,0.0600513317371438,0.2116997700730702,0.4359128529565266,0.139655574890459,0.3638686577739156,-0.1521688877008453,0.2962572780660675,0.658,0.342,1.0,0.999,No significant dominance,No significant dominance,Dominance uncertain at configured bootstrap CI,Tidak Ada Dominasi Signifikan
3402100005,FFAS,2.323817968363735,0.2554314903003393,2.068386478063396,-1.8129549877630564,0.0959630208128323,0.4294848083063062,1.894333160057429,2.2278549475509024,-2.1318919267380703,-1.4648483517511228,0.0,1.0,0.997,1.0,Residual-constrained,Residual,Positive residual component dominates with bootstrap support,Dominan Residual / Non-Terrain
3402100006,DIS,-0.1815978112462405,0.3723256042591583,-0.5539234155053988,-0.1815978112462405,0.2480138278443437,0.5106874477519776,-0.6922852589982182,-0.4296116390905842,-0.1815978112462405,-0.1815978112462404,0.0,1.0,1.0,0.0,No significant dominance,No significant dominance,No positive supply gap,Tidak Ada Dominasi Signifikan
3402100006,FFAS,-1.840373030465929,0.2992470971485064,-2.139620127614436,-1.840373030465929,0.1124241000124001,0.5031567642812056,-2.3435297947471345,-1.952797130478329,-1.8403730304659287,-1.8403730304659287,0.0,1.0,0.997,0.0,No significant dominance,No significant dominance,No positive supply gap,Tidak Ada Dominasi Signifikan
3402110001,DIS,-2.0482012569156662,-0.4303768333408877,-1.6178244235747783,-1.1874475902338908,-0.5903113943177868,-0.2866829587634389,-1.7615182981522275,-1.4578898625978796,-1.4748353393887883,-0.8675784682800929,0.0,1.0,0.0,0.0,No significant dominance,No significant dominance,No positive supply gap,Tidak Ada Dominasi Signifikan
3402110001,FFAS,1.4820020219249663,-0.3459042746025687,1.827906296527535,-1.4820020219249663,-0.5816065626651467,-0.1299527284748801,1.611954750399846,2.0636085845901126,-1.4820020219249663,-1.4820020219249663,0.0,1.0,0.003,1.0,Residual-constrained,Residual,Positive residual component dominates with bootstrap support,Dominan Residual / Non-Terrain
3402110002,DIS,-2.0482012569156662,-0.3321613426864964,-1.7160399142291698,-1.3838785715426734,-0.4555975372039281,-0.2212595779586878,-1.8269416789569783,-1.5926037197117382,-1.605682100998291,-1.1370061825078102,0.0,1.0,0.0,0.0,No significant dominance,No significant dominance,No positive supply gap,Tidak Ada Dominasi Signifikan
3402110002,FFAS,1.2161882105230108,-0.2669661082848813,1.4831543188078922,-1.2161882105230108,-0.4488792188707694,-0.1002964598277994,1.3164846703508102,1.6650674293937802,-1.2161882105230108,-1.2161882105230108,0.0,1.0,0.003,1.0,Residual-constrained,Residual,Positive residual component dominates with bootstrap support,Dominan Residual / Non-Terrain
3402110003,DIS,-1.543423764186849,0.0226833440865146,-1.5661071082733635,-1.543423764186849,0.0151098472166609,0.0311128189023469,-1.5745365830891958,-1.55853361140351,-1.543423764186849,-1.543423764186849,0.0,1.0,1.0,0.0,No significant dominance,No significant dominance,No positive supply gap,Tidak Ada Dominasi Signifikan
3402110003,FFAS,1.7125057201659473,0.0182311525016299,1.6942745676643174,-1.6760434151626873,0.0068492591297131,0.0306540240130885,1.681851696152859,1.705656461036234,-1.6988072019065208,-1.6511976721397703,0.0,1.0,0.997,1.0,Residual-constrained,Residual,Positive residual component dominates with bootstrap support,Dominan Residual / Non-Terrain
3402110004,DIS,-0.7862575250936222,0.3212411876475771,-1.1074987127411993,-0.7862575250936221,0.2139854355927738,0.4406192868711902,-1.2268768119648126,-1.000242960686396,-0.7862575250936223,-0.7862575250936221,0.0,1.0,1.0,0.0,No significant dominance,No significant dominance,No positive supply gap,Tidak Ada Dominasi Signifikan
3402110004,FFAS,2.323817968363735,0.2581893154497218,2.0656286529140133,-1.807439337464292,0.0969991077569172,0.4341218403505234,1.889696128013212,2.2268188606068176,-2.1298197528499,-1.4555742876626885,0.0,1.0,0.997,1.0,Residual-constrained,Residual,Positive residual component dominates with bootstrap support,Dominan Residual / Non-Terrain
3402110005,DIS,-1.29103501782244,0.779494664089529,-2.070529681911969,-1.29103501782244,0.5192376060458102,1.069166707812776,-2.360201725635217,-1.8102726238682505,-1.2910350178224403,-1.29103501782244,0.0,1.0,1.0,0.0,No significant dominance,No significant dominance,No positive supply gap,Tidak Ada Dominasi Signifikan
3402110005,FFAS,1.7125057201659473,0.6264987226319773,1.08600699753397,-0.4595082749019926,0.2353692173523892,1.0534005947244909,0.6591051254414565,1.477136502813558,-1.2417672854611688,0.3942954692830341,0.192,0.808,0.997,1.0,No significant dominance,No significant dominance,Dominance uncertain at configured bootstrap CI,Tidak Ada Dominasi Signifikan
3402120001,DIS,0.5755684278469858,0.0057258538996043,0.5698425739473815,-0.5641167200477771,0.0038141103568313,0.0078536680817533,0.5677147597652326,0.5717543174901545,-0.5679402071333232,-0.5598610916834792,0.0,1.0,1.0,1.0,Residual-constrained,Residual,Positive residual component dominates with bootstrap support,Dominan Residual / Non-Terrain
3402120001,FFAS,0.6794339873288162,0.0046020073251809,0.6748319800036353,-0.6702299726784544,0.0017289274873974,0.0077378565640264,0.6716961307647897,0.6777050598414188,-0.6759761323540213,-0.6639582742007633,0.0,1.0,0.997,1.0,Residual-constrained,Residual,Positive residual component dominates with bootstrap support,Dominan Residual / Non-Terrain
3402120002,DIS,0.5755684278469858,0.4887137283484993,0.0868546994984865,0.4018590288500128,0.3255423776964452,0.6703271646016791,-0.0947587367546934,0.2500260501505406,0.0755163275459045,0.5755684278469858,0.984,0.016,1.0,0.804,Terrain-constrained,Terrain,Positive terrain component dominates with bootstrap support,Dominan Medan
3402120002,FFAS,-8.960299362907294,0.3927910486734001,-9.353090411580697,-8.960299362907294,0.1475676140581545,0.6604424068683599,-9.620741769775654,-9.107866976965449,-8.960299362907294,-8.960299362907294,0.0,1.0,0.997,0.0,No significant dominance,No significant dominance,No positive supply gap,Tidak Ada Dominasi Signifikan
3402120003,DIS,0.5755684278469858,0.4456952206957371,0.1298732071512486,0.3158220135444884,0.2968868551402085,0.6113223268253428,-0.0357538989783571,0.2786815727067772,0.0182052824334313,0.5755684278469858,0.965,0.035,1.0,0.914,Terrain-constrained,Terrain,Positive terrain component dominates with bootstrap support,Dominan Medan
3402120003,FFAS,-0.807301297628798,0.3582160331722113,-1.1655173308010094,-0.8073012976287981,0.13457813132741,0.6023076644086284,-1.4096089620374264,-0.941879428956208,-0.8073012976287981,-0.8073012976287979,0.0,1.0,0.997,0.0,No significant dominance,No significant dominance,No positive supply gap,Tidak Ada Dominasi Signifikan
3402130001,DIS,-1.543423764186849,-0.4446095291173564,-1.0988142350694925,-0.6542047059521361,-0.6098331757842474,-0.2961636534019119,-1.247260110784937,-0.9335905884026016,-0.9510964573830252,-0.3237574126183541,0.001,0.999,0.0,0.0,No significant dominance,No significant dominance,No positive supply gap,Tidak Ada Dominasi Signifikan
3402130001,FFAS,1.7125057201659473,-0.3573434365806461,2.069849156746593,-1.7125057201659477,-0.6008404726406265,-0.1342503056361489,1.846756025802096,2.313346192806574,-1.7125057201659477,-1.712505720165947,0.0,1.0,0.003,1.0,Residual-constrained,Residual,Positive residual component dominates with bootstrap support,Dominan Residual / Non-Terrain
3402130002,DIS,-1.0386462714580311,-0.3947938500112564,-0.6438524214467749,-0.2490585714355184,-0.5415052345153522,-0.2629803935872857,-0.7756658778707457,-0.4971410369426793,-0.5126854842834601,0.0443641975726726,0.07,0.93,0.0,0.0,No significant dominance,No significant dominance,No positive supply gap,Tidak Ada Dominasi Signifikan
3402130002,FFAS,2.3983759933673285,-0.3173053699141224,2.715681363281451,-2.3983759933673285,-0.5335201067491379,-0.1192084099783053,2.517584403345634,2.9318961001164667,-2.3983759933673285,-2.3983759933673285,0.0,1.0,0.003,1.0,Residual-constrained,Residual,Positive residual component dominates with bootstrap support,Dominan Residual / Non-Terrain
3402130003,DIS,-1.29103501782244,-0.3386813986296589,-0.9523536191927812,-0.6136722205631224,-0.4645405448583148,-0.2256027228128823,-1.0654322950095578,-0.8264944729641255,-0.8398295721966755,-0.3619539281058108,0.001,0.999,0.0,0.0,No significant dominance,No significant dominance,No positive supply gap,Tidak Ada Dominasi Signifikan
3402130003,FFAS,3.0096882415651165,-0.2722064350094414,3.281894676574558,-3.0096882415651165,-0.4576903514218647,-0.1022651974409406,3.111953439006057,3.467378592986981,-3.009688241565117,-3.0096882415651165,0.0,1.0,0.003,1.0,Residual-constrained,Residual,Positive residual component dominates with bootstrap support,Dominan Residual / Non-Terrain
3402130004,DIS,-1.543423764186849,-0.419336874182743,-1.124086890004106,-0.7047500158213629,-0.5751688188374429,-0.279329012382274,-1.2640947518045749,-0.968254945349406,-0.9847657394223008,-0.3930861265119635,0.001,0.999,0.0,0.0,No significant dominance,No significant dominance,No positive supply gap,Tidak Ada Dominasi Signifikan
3402130004,FFAS,0.5473785930477971,-0.337031192297938,0.8844097853457351,-0.5473785930477971,-0.5666872821637113,-0.1266192014266995,0.6739977944744966,1.1140658752115085,-0.5473785930477972,-0.547378593047797,0.0,1.0,0.003,1.0,Residual-constrained,Residual,Positive residual component dominates with bootstrap support,Dominan Residual / Non-Terrain
3402130005,DIS,-1.0386462714580311,-0.3500342446865198,-0.6886120267715116,-0.3385777820849918,-0.4801122807560798,-0.2331650896640478,-0.8054811817939835,-0.5585339907019516,-0.5723160921299357,-0.0784217099458718,0.017,0.983,0.0,0.0,No significant dominance,No significant dominance,No positive supply gap,Tidak Ada Dominasi Signifikan
3402130005,FFAS,-0.8818593226323916,-0.2813309920853625,-0.6005283305470291,-0.3191973384616666,-0.4730324638686272,-0.1056932010107234,-0.7761661216216683,-0.4088268587637645,-0.670472920610945,0.0642056051048626,0.088,0.912,0.003,0.0,No significant dominance,No significant dominance,No positive supply gap,Tidak Ada Dominasi Signifikan
3402130006,DIS,-1.543423764186849,-0.4306880839022552,-1.1127356802845936,-0.6820475963823383,-0.590738310310074,-0.2868902892351025,-1.2565334749517465,-0.9526854538767752,-0.9696431857166438,-0.3619471435667013,0.001,0.999,0.0,0.0,No significant dominance,No significant dominance,No positive supply gap,Tidak Ada Dominasi Signifikan
3402130006,FFAS,-1.58479025155994,-0.3461544342099382,-1.2386358173500018,-0.8924813831400635,-0.5820271832820125,-0.1300467109027331,-1.4547435406572071,-1.0027630682779276,-1.324696829754474,-0.4207358849959152,0.002,0.998,0.003,0.0,No significant dominance,No significant dominance,No positive supply gap,Tidak Ada Dominasi Signifikan
3402130007,DIS,-2.0482012569156662,-0.4467000699302239,-1.6015011869854423,-1.1548011170552184,-0.612700593281008,-0.2975562061120479,-1.7506450508036182,-1.4355006636346586,-1.4530888446915704,-0.8228000703536507,0.0,1.0,0.0,0.0,No significant dominance,No significant dominance,No positive supply gap,Tidak Ada Dominasi Signifikan
3402130007,FFAS,-1.597260696311703,-0.359023654815881,-1.238237041495822,-0.8792133866799412,-0.6036656067140491,-0.1348815465895974,-1.462379149722106,-0.993595089597654,-1.3274976031325083,-0.3899294828836049,0.002,0.998,0.003,0.0,No significant dominance,No significant dominance,No positive supply gap,Tidak Ada Dominasi Signifikan
3402130008,DIS,-2.300590003280075,-0.4436905183761946,-1.8568994849038805,-1.413208966527686,-0.6085726467083745,-0.2955514812355654,-2.0050385220445097,-1.6920173565717007,-1.709487040808944,-1.0834447098633262,0.0,1.0,0.0,0.0,No significant dominance,No significant dominance,No positive supply gap,Tidak Ada Dominasi Signifikan
3402130008,FFAS,-11.10307187255394,-0.3566048054110595,-10.74646706714288,-10.38986226173182,-0.599598531539684,-0.1339728093955065,-10.969099063158431,-10.503473341014256,-10.835126253762926,-9.903874809474573,0.0,1.0,0.003,0.0,No significant dominance,No significant dominance,No positive supply gap,Tidak Ada Dominasi Signifikan
3402140001,DIS,-0.1815978112462405,-0.3080778189197818,0.1264800076735412,0.1815978112462405,-0.4225642106085949,-0.2052170419390442,0.0236192306928037,0.2409663993623543,0.1815978112462405,0.1815978112462405,1.0,0.0,0.0,0.984,No significant dominance,No significant dominance,No positive supply gap,Tidak Ada Dominasi Signifikan
3402140001,FFAS,-3.7191985084234735,-0.2476095974947182,-3.471588910928755,-3.223979313434037,-0.416333007295927,-0.0930244150002953,-3.6261740934231774,-3.3028655011275467,-3.5331496784228835,-2.8865324938316195,0.0,1.0,0.003,0.0,No significant dominance,No significant dominance,No positive supply gap,Tidak Ada Dominasi Signifikan
3402140002,DIS,-0.1815978112462405,-0.449964981949476,0.2683671707032354,0.1815978112462405,-0.6171787961420877,-0.2997310319048668,0.1181332206586263,0.4355809848958469,0.1815978112462405,0.1815978112462405,1.0,0.0,0.0,1.0,No significant dominance,No significant dominance,No positive supply gap,Tidak Ada Dominasi Signifikan
3402140002,FFAS,-4.260542942592073,-0.3616477436054513,-3.898895198986621,-3.53724745538117,-0.6080777732383965,-0.1358673901393969,-4.124675552452676,-3.6524651693536767,-3.98880816231328,-3.04438739611528,0.0,1.0,0.003,0.0,No significant dominance,No significant dominance,No positive supply gap,Tidak Ada Dominasi Signifikan
3402140003,DIS,-1.191152796703876,-0.444014965207273,-0.7471378314966028,-0.3031228662893298,-0.6090176629044118,-0.2957676020169117,-0.8953851946869642,-0.5821351337994642,-0.5996175926700525,0.0268825291049473,0.059,0.941,0.0,0.0,No significant dominance,No significant dominance,No positive supply gap,Tidak Ada Dominasi Signifikan
3402140003,FFAS,-10.32863850004429,-0.3568655711797003,-9.97177292886459,-9.61490735768489,-0.6000369854516345,-0.1340707764506018,-10.19456772359369,-9.728601514592656,-10.060496947143088,-9.12856452914102,0.0,1.0,0.003,0.0,No significant dominance,No significant dominance,No positive supply gap,Tidak Ada Dominasi Signifikan
3402140004,DIS,-1.191152796703876,-0.480160598044506,-0.7109921986593699,-0.2308316006148638,-0.6585955613080309,-0.3198449597308833,-0.8713078369729926,-0.5325572353958453,-0.5514628772421094,0.1260383259121854,0.122,0.878,0.0,0.0,No significant dominance,No significant dominance,No positive supply gap,Tidak Ada Dominasi Signifikan
3402140004,FFAS,-8.298319368662279,-0.3859166908915987,-7.91240267777068,-7.526485986879081,-0.6488837997808999,-0.1449849875459959,-8.153334381116283,-7.649435568881379,-8.008349393570288,-7.000551769100479,0.0,1.0,0.003,0.0,No significant dominance,No significant dominance,No positive supply gap,Tidak Ada Dominasi Signifikan
3402150001,DIS,0.0707909351181681,-0.1305929913785753,0.2013839264967435,-0.0707909351181681,-0.1791233283408556,-0.0869907073565091,0.1577816424746772,0.2499142634590237,-0.0707909351181681,-0.0707909351181681,0.0,1.0,0.0,1.0,Residual-constrained,Residual,Positive residual component dominates with bootstrap support,Dominan Residual / Non-Terrain
3402150001,FFAS,-1.0548656515959467,-0.1049607470744267,-0.94990490452152,-0.8449441574470933,-0.1764819454482388,-0.0394326883666162,-1.0154329632293306,-0.8783837061477079,-0.9760002748627143,-0.701901760699469,0.0,1.0,0.003,0.0,No significant dominance,No significant dominance,No positive supply gap,Tidak Ada Dominasi Signifikan
3402150002,DIS,0.0707909351181681,-0.4230335483928976,0.4938244835110658,-0.0707909351181681,-0.5802392332702907,-0.2817914439493379,0.3525823790675061,0.6510301683884587,-0.0707909351181682,-0.0707909351181681,0.0,1.0,0.0,1.0,Residual-constrained,Residual,Positive residual component dominates with bootstrap support,Dominan Residual / Non-Terrain
3402150002,FFAS,-4.358991246552035,-0.3400022988075041,-4.018988947744531,-3.678986648937027,-0.5716829274078362,-0.1277354160151177,-4.2312558305369175,-3.7873083191442,-4.1035204145218005,-3.215625391736363,0.0,1.0,0.003,0.0,No significant dominance,No significant dominance,No positive supply gap,Tidak Ada Dominasi Signifikan
3402150003,DIS,-3.4626515139835554,-0.2707443573136345,-3.191907156669921,-2.9211627993562868,-0.371357068243712,-0.1803484467801265,-3.282303067203429,-3.091294445739844,-3.101954620423302,-2.7199373774961315,0.0,1.0,0.0,0.0,No significant dominance,No significant dominance,No positive supply gap,Tidak Ada Dominasi Signifikan
3402150003,FFAS,-0.3689953783945653,-0.2176037910598523,-0.1513915873347129,0.0662122037251394,-0.3658809741123843,-0.0817515377836719,-0.2872438406108934,-0.003114404282181,-0.2054923028272214,0.3627665698302032,0.677,0.323,0.003,0.046,No significant dominance,No significant dominance,No positive supply gap,Tidak Ada Dominasi Signifikan
3402150004,DIS,-0.4339865576106493,-0.4333079195250189,-0.0006786380856304,0.4326292814393885,-0.5943317165985859,-0.288635416225274,-0.1453511413853753,0.1603451589879364,0.1432842748398987,0.4339865576106493,0.999,0.001,0.0,0.487,No significant dominance,No significant dominance,No positive supply gap,Tidak Ada Dominasi Signifikan
3402150004,FFAS,-11.187346708922222,-0.3482600594910096,-10.839086649431213,-10.490826589940204,-0.5855676005936858,-0.1308377729696454,-11.056508935952577,-10.601779108328538,-10.925671162982932,-10.016211507734852,0.0,1.0,0.003,0.0,No significant dominance,No significant dominance,No positive supply gap,Tidak Ada Dominasi Signifikan
3402160001,DIS,0.323179681482577,0.0420564679024567,0.2811232135801201,-0.2390667456776633,0.0280146878720724,0.057685289458683,0.2654943920238938,0.2951649936105045,-0.267150305738432,-0.2078091025652108,0.0,1.0,1.0,1.0,Residual-constrained,Residual,Positive residual component dominates with bootstrap support,Dominan Residual / Non-Terrain
3402160001,FFAS,1.1011934719681593,0.0338018008757987,1.0673916710923603,-1.0335898702165618,0.0126989938364352,0.0568346524247292,1.04435881954343,1.088494478131724,-1.0757954842952888,-0.9875241671187008,0.0,1.0,0.997,1.0,Residual-constrained,Residual,Positive residual component dominates with bootstrap support,Dominan Residual / Non-Terrain
3402160002,DIS,-0.1815978112462405,-0.1961153671793129,0.0145175559330724,0.1815978112462405,-0.268994813099217,-0.1306365244743814,-0.0509612867718591,0.0873970018529764,0.0796752377025223,0.1815978112462405,1.0,0.0,0.0,0.617,No significant dominance,No significant dominance,No positive supply gap,Tidak Ada Dominasi Signifikan
3402160002,FFAS,1.2161882105230108,-0.157622665922738,1.3738108764457488,-1.2161882105230108,-0.2650281700935061,-0.0592172372824218,1.2754054478054326,1.481216380616517,-1.2161882105230108,-1.2161882105230108,0.0,1.0,0.003,1.0,Residual-constrained,Residual,Positive residual component dominates with bootstrap support,Dominan Residual / Non-Terrain
3402160003,DIS,0.0707909351181681,-0.1301055216357197,0.2008964567538878,-0.0707909351181681,-0.1784547074456297,-0.0866659936234192,0.1574569287415874,0.2492456425637979,-0.0707909351181681,-0.0707909351181681,0.0,1.0,0.0,1.0,Residual-constrained,Residual,Positive residual component dominates with bootstrap support,Dominan Residual / Non-Terrain
3402160003,FFAS,1.1011934719681593,-0.1045689558469941,1.2057624278151535,-1.1011934719681595,-0.1758231841498095,-0.03928549637526,1.140478968343419,1.277016656117969,-1.1011934719681593,-1.1011934719681593,0.0,1.0,0.003,1.0,Residual-constrained,Residual,Positive residual component dominates with bootstrap support,Dominan Residual / Non-Terrain
3402170001,DIS,-1.7958125105512577,-0.1139774048509412,-1.6818351057003165,-1.5678577008493753,-0.1563331377667114,-0.0759227196343188,-1.7198897909169388,-1.6394793727845465,-1.6439670712826202,-1.4831462350178348,0.0,1.0,0.0,0.0,No significant dominance,No significant dominance,No positive supply gap,Tidak Ada Dominasi Signifikan
3402170001,FFAS,0.4898812237703712,-0.0916063981418364,0.5814876219122076,-0.4898812237703712,-0.1540278228785227,-0.0344155948866652,0.5242968186570365,0.6439090466488939,-0.4898812237703712,-0.4898812237703711,0.0,1.0,0.003,1.0,Residual-constrained,Residual,Positive residual component dominates with bootstrap support,Dominan Residual / Non-Terrain
3402170002,DIS,-0.6863753039750583,-0.1050281433647187,-0.5813471606103395,-0.4763190172456207,-0.1440581949333873,-0.0699614304503682,-0.6164138735246901,-0.542317109041671,-0.5464524430743218,-0.3982589141082835,0.0,1.0,0.0,0.0,No significant dominance,No significant dominance,No positive supply gap,Tidak Ada Dominasi Signifikan
3402170002,FFAS,1.1011934719681593,-0.0844136601438583,1.1856071321120176,-1.1011934719681593,-0.1419338884281273,-0.0317133561556864,1.1329068281238457,1.243127360396287,-1.1011934719681593,-1.1011934719681593,0.0,1.0,0.003,1.0,Residual-constrained,Residual,Positive residual component dominates with bootstrap support,Dominan Residual / Non-Terrain
3402170003,DIS,0.323179681482577,-0.2307381581707129,0.55391783965329,-0.323179681482577,-0.3164839585224285,-0.1536994855659716,0.4768791670485486,0.6396636400050054,-0.323179681482577,-0.3231796814825769,0.0,1.0,0.0,1.0,Residual-constrained,Residual,Positive residual component dominates with bootstrap support,Dominan Residual / Non-Terrain
3402170003,FFAS,0.4898812237703712,-0.1854498407955793,0.6753310645659506,-0.4898812237703712,-0.3118170325470579,-0.0696716247126675,0.5595528484830388,0.801698256317429,-0.4898812237703712,-0.4898812237703711,0.0,1.0,0.003,1.0,Residual-constrained,Residual,Positive residual component dominates with bootstrap support,Dominan Residual / Non-Terrain
3402170004,DIS,0.0707909351181681,-0.2359878505848501,0.3067787857030183,-0.0707909351181681,-0.3236845162863596,-0.157196414855125,0.2279873499732931,0.3944754514045278,-0.0707909351181682,-0.0707909351181681,0.0,1.0,0.0,1.0,Residual-constrained,Residual,Positive residual component dominates with bootstrap support,Dominan Residual / Non-Terrain
3402170004,FFAS,-2.07087672870691,-0.1896691456134119,-1.8812075830934984,-1.6915384374800864,-0.3189114096684613,-0.0712567747486841,-1.999619953958226,-1.7519653190384488,-1.928363179209542,-1.4330539093699874,0.0,1.0,0.003,0.0,No significant dominance,No significant dominance,No positive supply gap,Tidak Ada Dominasi Signifikan
3403010006,DIS,0.323179681482577,0.4978535204943072,-0.1746738390117302,0.323179681482577,0.3316305833150028,0.6828634421784351,-0.3596837606958583,-0.0084509018324258,0.323179681482577,0.323179681482577,1.0,0.0,1.0,0.037,Terrain-constrained,Terrain,Positive terrain component dominates with bootstrap support,Dominan Medan
3403010006,FFAS,1.060242537285623,0.400136920772677,0.660105616512946,-0.259968695740269,0.1503273837182009,0.6727938223758643,0.3874487149097587,0.909915153567422,-0.7595877698492213,0.2853451074661055,0.224,0.776,0.997,1.0,No significant dominance,No significant dominance,Dominance uncertain at configured bootstrap CI,Tidak Ada Dominasi Signifikan
3403010007,DIS,2.9469493662452293,0.566864568758901,2.380084797486328,-1.813220228727427,0.3776002777111455,0.7775200430186044,2.1694293232266246,2.569349088534084,-2.1917488108229386,-1.3919092802080206,0.0,1.0,1.0,1.0,Residual-constrained,Residual,Positive residual component dominates with bootstrap support,Dominan Residual / Non-Terrain
3403010007,FFAS,2.323817968363735,0.455602770094124,1.868215198269611,-1.4126124281754868,0.1711653408807143,0.7660546009719498,1.5577633673917852,2.1526526274830204,-1.981487286602306,-0.7917087664198356,0.0,1.0,0.997,1.0,Residual-constrained,Residual,Positive residual component dominates with bootstrap support,Dominan Residual / Non-Terrain
3403010008,DIS,0.5755684278469858,0.3521452628574442,0.2234231649895415,0.1287220978679026,0.2345712827682306,0.4830077853078351,0.0925606425391505,0.3409971450787551,-0.1064258623105245,0.3904471427686844,0.8,0.2,1.0,0.998,No significant dominance,No significant dominance,Dominance uncertain at configured bootstrap CI,Tidak Ada Dominasi Signifikan
3403010008,FFAS,2.323817968363735,0.2830276684687497,2.040790299894985,-1.7577626314262351,0.1063306251235458,0.4758852708205816,1.8479326975431527,2.217487343240189,-2.111156718116643,-1.372047426722572,0.0,1.0,0.997,1.0,Residual-constrained,Residual,Positive residual component dominates with bootstrap support,Dominan Residual / Non-Terrain
3403010009,DIS,12.700208486493022,0.5554683762251227,12.144740110267898,-11.589271734042777,0.3700090368702762,0.7618888524354437,11.938319634057578,12.330199449622746,-11.960190412752471,-11.176430781622132,0.0,1.0,1.0,1.0,Residual-constrained,Residual,Positive residual component dominates with bootstrap support,Dominan Residual / Non-Terrain
3403010009,FFAS,2.323817968363735,0.446443374405868,1.877374593957867,-1.430931219551999,0.1677242487975433,0.7506539105686374,1.5731640577950976,2.156093719566192,-1.9883694707686488,-0.8225101472264602,0.0,1.0,0.997,1.0,Residual-constrained,Residual,Positive residual component dominates with bootstrap support,Dominan Residual / Non-Terrain
3403010010,DIS,0.5755684278469858,0.2260727835965298,0.349495644250456,-0.1234228606539261,0.150591782541429,0.3100848599730894,0.2654835678738964,0.4249766453055568,-0.2743848627641277,0.0446012920991929,0.1,0.9,1.0,1.0,No significant dominance,No significant dominance,Dominance uncertain at configured bootstrap CI,Tidak Ada Dominasi Signifikan
3403010010,FFAS,1.1011934719681593,0.1817001663642099,0.9194933056039494,-0.7377931392397394,0.0682629100507604,0.3055122961871274,0.7956811757810319,1.0329305619173987,-0.9646676518666382,-0.4901688795939045,0.0,1.0,0.997,1.0,Residual-constrained,Residual,Positive residual component dominates with bootstrap support,Dominan Residual / Non-Terrain
3403010011,DIS,2.442171873516412,0.508507664967389,1.9336642085490228,-1.4251565435816338,0.3387275305110824,0.6974768283831394,1.744695045133272,2.1034443430053296,-1.764716812494247,-1.0472182167501327,0.0,1.0,1.0,1.0,Residual-constrained,Residual,Positive residual component dominates with bootstrap support,Dominan Residual / Non-Terrain
3403010011,FFAS,2.323817968363735,0.4086999144795276,1.915118053884208,-1.5064181394046798,0.1535444136245153,0.6871917171162135,1.6366262512475216,2.17027355473922,-2.0167291411147046,-0.949434534131308,0.0,1.0,0.997,1.0,Residual-constrained,Residual,Positive residual component dominates with bootstrap support,Dominan Residual / Non-Terrain
3403011001,DIS,0.323179681482577,0.8261674750707245,-0.5029877935881475,0.323179681482577,0.5503273360436554,1.1331838434777373,-0.8100041619951606,-0.2271476545610784,0.3231796814825769,0.323179681482577,1.0,0.0,1.0,0.0,Terrain-constrained,Terrain,Positive terrain component dominates with bootstrap support,Dominan Medan
3403011001,FFAS,2.323817968363735,0.6640107901398624,1.6598071782238726,-0.9957963880840102,0.2494621207401387,1.1164737228805135,1.207344245483221,2.074355847623596,-1.8248937268834573,-0.0908705226027074,0.032,0.968,0.997,1.0,Residual-constrained,Residual,Positive residual component dominates with bootstrap support,Dominan Residual / Non-Terrain
3403011002,DIS,0.8279571742113946,0.5603984288097288,0.2675587454016658,0.292839683408063,0.3732930474217798,0.768650987359592,0.0593061868518023,0.4546641267896147,-0.0813710793678349,0.7093448005077895,0.896,0.104,1.0,0.981,No significant dominance,No significant dominance,Dominance uncertain at configured bootstrap CI,Tidak Ada Dominasi Signifikan
3403011002,FFAS,3.0096882415651165,0.4504057769585164,2.5592824646066,-2.108876687648084,0.1692128832575369,0.7573163299075985,2.252371911657518,2.84047535830758,-2.671262475050043,-1.4950555817499196,0.0,1.0,0.997,1.0,Residual-constrained,Residual,Positive residual component dominates with bootstrap support,Dominan Residual / Non-Terrain
3403011003,DIS,0.5755684278469858,0.8492051832835801,-0.2736367554365942,0.5755684278469858,0.5656732325741941,1.1647827135922106,-0.5892142857452252,0.0098951952727916,0.5557780373014024,0.5755684278469858,1.0,0.0,1.0,0.056,Terrain-constrained,Terrain,Positive terrain component dominates with bootstrap support,Dominan Medan
3403011003,FFAS,0.3407651737631842,0.6825267536642317,-0.3417615799010474,0.3407651737631842,0.2564183804830915,1.147606630712355,-0.8068414569491708,0.0843467932800926,0.1720715872029987,0.3407651737631842,0.981,0.019,0.997,0.093,Terrain-constrained,Terrain,Positive terrain component dominates with bootstrap support,Dominan Medan
3403011004,DIS,0.8279571742113946,0.5414004175989093,0.2865567566124852,0.2548436609864241,0.3606380770734461,0.7425930269436768,0.0853641472677175,0.4673190971379484,-0.1066810200645023,0.6572288796759591,0.866,0.134,1.0,0.989,No significant dominance,No significant dominance,Dominance uncertain at configured bootstrap CI,Tidak Ada Dominasi Signifikan
3403011004,FFAS,1.7125057201659473,0.435136615661526,1.277369104504421,-0.8422324888428954,0.1634764141886109,0.7316426245828352,0.980863095583112,1.5490293059773363,-1.3855528917887254,-0.2492204710002767,0.004,0.996,0.997,1.0,Residual-constrained,Residual,Positive residual component dominates with bootstrap support,Dominan Residual / Non-Terrain
3403011005,DIS,0.323179681482577,0.4590077508574163,-0.1358280693748393,0.323179681482577,0.305754608326995,0.629581995173741,-0.3064023136911642,0.0174250731555819,0.2883295351714131,0.323179681482577,1.0,0.0,1.0,0.073,Terrain-constrained,Terrain,Positive terrain component dominates with bootstrap support,Dominan Medan
3403011005,FFAS,2.323817968363735,0.3689156357808237,1.954902332582912,-1.5859866968020877,0.1385978635327541,0.6202980725995303,1.7035198957642046,2.185220104830981,-2.046622241298227,-1.0832218231646742,0.0,1.0,0.997,1.0,Residual-constrained,Residual,Positive residual component dominates with bootstrap support,Dominan Residual / Non-Terrain
3403020001,DIS,0.5755684278469858,0.0223312058361188,0.553237222010867,-0.5309060161747482,0.0148752806050392,0.0306298207354378,0.544938607111548,0.5606931472419466,-0.5458178666369073,-0.5143087863761101,0.0,1.0,1.0,1.0,Residual-constrained,Residual,Positive residual component dominates with bootstrap support,Dominan Residual / Non-Terrain
3403020001,FFAS,-0.2369399841135462,0.0179481304692463,-0.2548881145827925,-0.2369399841135462,0.0067429306220096,0.0301781482188321,-0.2671181323323784,-0.2436829147355558,-0.2369399841135462,-0.2369399841135462,0.0,1.0,0.997,0.0,No significant dominance,No significant dominance,No positive supply gap,Tidak Ada Dominasi Signifikan
3403020002,DIS,0.323179681482577,0.0375023277781587,0.2856773537044182,-0.2481750259262595,0.0249810804278191,0.0514387617684632,0.2717409197141137,0.2981986010547577,-0.2732175206269386,-0.2203021579456504,0.0,1.0,1.0,1.0,Residual-constrained,Residual,Positive residual component dominates with bootstrap support,Dominan Residual / Non-Terrain
3403020002,FFAS,-0.5249410516319531,0.0301415282632949,-0.5550825798952481,-0.5249410516319531,0.0113238665313354,0.0506802370882269,-0.5756212887201801,-0.5362649181632886,-0.5249410516319531,-0.5249410516319531,0.0,1.0,0.997,0.0,No significant dominance,No significant dominance,No positive supply gap,Tidak Ada Dominasi Signifikan
3403020003,DIS,0.8279571742113946,-0.1065427006257901,0.9344998748371848,-0.8279571742113945,-0.1461355846516415,-0.0709703085385544,0.8989274827499489,0.974092758863036,-0.8279571742113947,-0.8279571742113945,0.0,1.0,0.0,1.0,Residual-constrained,Residual,Positive residual component dominates with bootstrap support,Dominan Residual / Non-Terrain
3403020003,FFAS,2.323817968363735,-0.0856309464616838,2.409448914825419,-2.323817968363735,-0.143980644606273,-0.0321706782819259,2.355988646645661,2.467798612970008,-2.323817968363735,-2.323817968363735,0.0,1.0,0.003,1.0,Residual-constrained,Residual,Positive residual component dominates with bootstrap support,Dominan Residual / Non-Terrain
3403020004,DIS,0.5755684278469858,0.2067768593262757,0.36879156852071,-0.1620147091944342,0.1377383661088347,0.2836182774848959,0.2919501503620898,0.4378300617381511,-0.3000916956293163,-0.0083318728771939,0.037,0.963,1.0,1.0,Residual-constrained,Residual,Positive residual component dominates with bootstrap support,Dominan Residual / Non-Terrain
3403020004,FFAS,3.0096882415651165,0.1661915651328754,2.843496676432241,-2.6773051112993653,0.0624364858264388,0.279435994400269,2.7302522471648474,2.947251755738677,-2.884815269912239,-2.4508162527645787,0.0,1.0,0.997,1.0,Residual-constrained,Residual,Positive residual component dominates with bootstrap support,Dominan Residual / Non-Terrain
3403020005,DIS,0.8279571742113946,-0.1907048791990064,1.018662053410401,-0.8279571742113945,-0.2615737056971264,-0.1270324859147136,0.9549896601261082,1.089530879908521,-0.8279571742113947,-0.8279571742113945,0.0,1.0,0.0,1.0,Residual-constrained,Residual,Positive residual component dominates with bootstrap support,Dominan Residual / Non-Terrain
3403020005,FFAS,0.266207148759591,-0.1532741258176727,0.4194812745772638,-0.266207148759591,-0.2577164955962064,-0.0575835348594467,0.3237906836190377,0.5239236443557975,-0.266207148759591,-0.266207148759591,0.0,1.0,0.003,1.0,Residual-constrained,Residual,Positive residual component dominates with bootstrap support,Dominan Residual / Non-Terrain
3403020006,DIS,1.0803459205758037,-0.3302060707803976,1.410551991356201,-1.0803459205758037,-0.4529156565920009,-0.2199571306803896,1.3003030512561933,1.5332615771678042,-1.0803459205758037,-1.0803459205758037,0.0,1.0,0.0,1.0,Residual-constrained,Residual,Positive residual component dominates with bootstrap support,Dominan Residual / Non-Terrain
3403020006,FFAS,-1.0309753726395785,-0.2653946089430611,-0.7655807636965172,-0.5001861547534561,-0.4462368857238988,-0.0997060634601897,-0.9312693091793884,-0.5847384869156795,-0.8315632457191989,-0.1385016011917807,0.005,0.995,0.003,0.0,No significant dominance,No significant dominance,No positive supply gap,Tidak Ada Dominasi Signifikan
3403020007,DIS,-1.29103501782244,-0.2596234114322806,-1.0314116063901595,-0.7717881949578789,-0.356103410145078,-0.1729405534584398,-1.1180944643640005,-0.9349316076773622,-0.9451539109055606,-0.5788281975322842,0.0,1.0,0.0,0.0,No significant dominance,No significant dominance,No positive supply gap,Tidak Ada Dominasi Signifikan
3403020007,FFAS,0.9520774219609726,-0.2086656177661768,1.1607430397271494,-0.9520774219609726,-0.3508522490357343,-0.0783935567109344,1.0304709786719068,1.3029296709967069,-0.9520774219609728,-0.9520774219609724,0.0,1.0,0.003,1.0,Residual-constrained,Residual,Positive residual component dominates with bootstrap support,Dominan Residual / Non-Terrain
3403030001,DIS,0.5755684278469858,0.5063033650131596,0.0692650628338261,0.4370383021793335,0.3372592004711613,0.6944533771221254,-0.1188849492751397,0.2383092273758244,0.0989499730953368,0.5755684278469858,0.987,0.013,1.0,0.746,Terrain-constrained,Terrain,Positive terrain component dominates with bootstrap support,Dominan Medan
3403030001,FFAS,3.0096882415651165,0.4069282652697984,2.602759976295318,-2.19583171102552,0.1528788229810657,0.6842128501788133,2.325475391386303,2.8568094185840507,-2.703930595602985,-1.6412625412074895,0.0,1.0,0.997,1.0,Residual-constrained,Residual,Positive residual component dominates with bootstrap support,Dominan Residual / Non-Terrain
3403030002,DIS,0.5755684278469858,0.8241784792365963,-0.2486100513896104,0.5755684278469858,0.5490024245555771,1.130455706614463,-0.5548872787674773,0.0265660032914086,0.5224364212641686,0.5755684278469858,1.0,0.0,1.0,0.071,Terrain-constrained,Terrain,Positive terrain component dominates with bootstrap support,Dominan Medan
3403030002,FFAS,2.323817968363735,0.6624121860610812,1.6614057823026538,-0.9989935962415726,0.2488615413976967,1.1137858155848013,1.2100321527789335,2.0749564269660383,-1.8260948855683417,-0.0962463371941325,0.032,0.968,0.997,1.0,Residual-constrained,Residual,Positive residual component dominates with bootstrap support,Dominan Residual / Non-Terrain
3403030003,DIS,1.0803459205758037,0.6386656169895871,0.4416803035862163,0.1969853134033707,0.4254284491052723,0.8760034501423405,0.2043424704334628,0.6549174714705313,-0.2294890223652589,0.6716609797088775,0.768,0.232,1.0,0.999,No significant dominance,No significant dominance,Dominance uncertain at configured bootstrap CI,Tidak Ada Dominasi Signifikan
3403030003,FFAS,2.323817968363735,0.5133110098967704,1.8105069584669649,-1.2971959485701945,0.1928457414090195,0.8630857551189646,1.4607322132447704,2.130972226954716,-1.938126485545696,-0.5976464581258059,0.002,0.998,0.997,1.0,Residual-constrained,Residual,Positive residual component dominates with bootstrap support,Dominan Residual / Non-Terrain
3403030004,DIS,2.9469493662452293,0.2922909913232522,2.654658374921977,-2.3623673835987247,0.1947011077756534,0.4009107583583421,2.546038607886888,2.752248258469576,-2.5575471506939222,-2.145127849528545,0.0,1.0,1.0,1.0,Residual-constrained,Residual,Positive residual component dominates with bootstrap support,Dominan Residual / Non-Terrain
3403030004,FFAS,1.7125057201659473,0.2349213421681865,1.4775843779977609,-1.242663035829574,0.0882575661339052,0.3949988605145358,1.3175068596514112,1.624248154032042,-1.5359905878981368,-0.9225079991368754,0.0,1.0,0.997,1.0,Residual-constrained,Residual,Positive residual component dominates with bootstrap support,Dominan Residual / Non-Terrain
3403030005,DIS,0.323179681482577,0.5222881243018831,-0.1991084428193061,0.323179681482577,0.3479069810508908,0.7163783154844247,-0.3931986340018478,-0.0247272995683138,0.323179681482577,0.323179681482577,1.0,0.0,1.0,0.026,Terrain-constrained,Terrain,Positive terrain component dominates with bootstrap support,Dominan Medan
3403030005,FFAS,-1.1869210458769657,0.4197756030866158,-1.6066966489635814,-1.1869210458769657,0.1577054375259487,0.7058144796921296,-1.892735525569096,-1.3446264834029145,-1.1869210458769657,-1.1869210458769657,0.0,1.0,0.997,0.0,No significant dominance,No significant dominance,No positive supply gap,Tidak Ada Dominasi Signifikan
3403030006,DIS,2.9469493662452293,0.4435552031116141,2.503394163133615,-2.059838960022001,0.2954613449238252,0.6083870462384632,2.338562320006766,2.6514880213214043,-2.356026676397579,-1.7301752737683032,0.0,1.0,1.0,1.0,Residual-constrained,Residual,Positive residual component dominates with bootstrap support,Dominan Residual / Non-Terrain
3403030006,FFAS,2.323817968363735,0.3564960492587499,1.967321919104985,-1.6108258698462352,0.1339319508118786,0.5994156679656905,1.7244023003980449,2.189886017551856,-2.0559540667399774,-1.1249866324323543,0.0,1.0,0.997,1.0,Residual-constrained,Residual,Positive residual component dominates with bootstrap support,Dominan Residual / Non-Terrain
3403030007,DIS,0.8279571742113946,0.156648170896876,0.6713090033145186,-0.5146608324176426,0.1043466042746468,0.2148610078791632,0.6130961663322313,0.7236105699367478,-0.6192639656621008,-0.398235158453068,0.0,1.0,1.0,1.0,Residual-constrained,Residual,Positive residual component dominates with bootstrap support,Dominan Residual / Non-Terrain
3403030007,FFAS,-0.0639336551499908,0.1259019252994612,-0.189835580449452,-0.0639336551499908,0.0473000766807638,0.211692631120205,-0.2756262862701958,-0.1112337318307547,-0.0639336551499908,-0.0639336551499908,0.002,0.998,0.997,0.0,No significant dominance,No significant dominance,No positive supply gap,Tidak Ada Dominasi Signifikan
3403040005,DIS,-0.4339865576106493,0.5886867009548289,-1.022673258565478,-0.4339865576106492,0.3921364537778073,0.8074516106254555,-1.2414381682361049,-0.8261230113884567,-0.4339865576106494,-0.4339865576106492,0.0,1.0,1.0,0.0,No significant dominance,No significant dominance,No positive supply gap,Tidak Ada Dominasi Signifikan
3403040005,FFAS,0.3743722640842417,0.4731417457609089,-0.0987694816766672,0.3743722640842417,0.1777545561922972,0.7955447926209163,-0.4211725285366746,0.1966177078919443,-0.0188631516996471,0.3743722640842417,0.947,0.053,0.997,0.271,No significant dominance,No significant dominance,Residual component offsets gap; terrain component is positive,Tidak Ada Dominasi Signifikan
3403040006,DIS,0.5755684278469858,0.7455427940948414,-0.1699743662478555,0.5755684278469858,0.4966215593825382,1.0225978078079154,-0.4470293799609299,0.0789468684644475,0.4176746909180908,0.5755684278469858,1.0,0.0,1.0,0.137,Terrain-constrained,Terrain,Positive terrain component dominates with bootstrap support,Dominan Medan
3403040006,FFAS,1.7125057201659473,0.5992107831981857,1.1132949369677616,-0.514084153769576,0.2251174152087098,1.0075184075947212,0.704987312571226,1.4873883049572374,-1.2622708897485275,0.302531095023495,0.161,0.839,0.997,1.0,No significant dominance,No significant dominance,Dominance uncertain at configured bootstrap CI,Tidak Ada Dominasi Signifikan
3403040007,DIS,2.6945606198808205,0.753978937727952,1.9405816821528683,-1.1866027444249163,0.5022410500937817,1.0341689504088516,1.6603916694719687,2.192319569787039,-1.690078519693257,-0.6262227190631175,0.001,0.999,1.0,1.0,Residual-constrained,Residual,Positive residual component dominates with bootstrap support,Dominan Residual / Non-Terrain
3403040007,FFAS,1.7125057201659473,0.6059911159619217,1.1065146042040257,-0.500523488242104,0.2276647174750015,1.01891892016998,0.6935867999959672,1.4848410026909455,-1.257176285215944,0.3253321201740128,0.172,0.828,0.997,1.0,No significant dominance,No significant dominance,Dominance uncertain at configured bootstrap CI,Tidak Ada Dominasi Signifikan
3403040008,DIS,2.9469493662452293,0.5525533365597438,2.3943960296854856,-1.841842693125742,0.3680672683282838,0.7578905398032242,2.189058826442005,2.5788820979169453,-2.210814829588662,-1.4311682866387812,0.0,1.0,1.0,1.0,Residual-constrained,Residual,Positive residual component dominates with bootstrap support,Dominan Residual / Non-Terrain
3403040008,FFAS,2.323817968363735,0.4441004864928192,1.879717481870916,-1.4356169953780968,0.1668440495656565,0.7467145577306775,1.5771034106330577,2.1569739187980783,-1.990129869232422,-0.8303888529023801,0.0,1.0,0.997,1.0,Residual-constrained,Residual,Positive residual component dominates with bootstrap support,Dominan Residual / Non-Terrain
3403040009,DIS,2.9469493662452293,0.4270654718869571,2.519883894358272,-2.092818422471315,0.2844771920362227,0.5857694807073679,2.3611798855378616,2.662472174209007,-2.377994982172784,-1.7754104048304935,0.0,1.0,1.0,1.0,Residual-constrained,Residual,Positive residual component dominates with bootstrap support,Dominan Residual / Non-Terrain
3403040009,FFAS,2.323817968363735,0.3432428532784299,1.980575115085305,-1.637332261806875,0.1289528594703976,0.5771316248809444,1.7466863434827906,2.194865108893337,-2.06591224942294,-1.1695547186018462,0.0,1.0,0.997,1.0,Residual-constrained,Residual,Positive residual component dominates with bootstrap support,Dominan Residual / Non-Terrain
3403041001,DIS,0.0707909351181681,0.6841828900794,-0.6133919549612319,0.0707909351181681,0.4557484512832131,0.9384356325035796,-0.8676446973854117,-0.384957516165045,0.0707909351181681,0.0707909351181682,1.0,0.0,1.0,0.0,Terrain-constrained,Terrain,Positive terrain component dominates with bootstrap support,Dominan Medan
3403041001,FFAS,-0.1214310244274165,0.549894343641289,-0.6713253680687055,-0.1214310244274164,0.2065897289392969,0.9245973019607258,-1.0460283263881422,-0.3280207533667135,-0.1214310244274165,-0.1214310244274164,0.002,0.998,0.997,0.002,No significant dominance,No significant dominance,No positive supply gap,Tidak Ada Dominasi Signifikan
3403041002,DIS,0.5755684278469858,0.4807193410301381,0.0948490868168477,0.3858702542132903,0.3202171500531779,0.6593619416644111,-0.0837935138174254,0.2553512777938078,0.06486587225937,0.5755684278469858,0.982,0.018,1.0,0.827,Terrain-constrained,Terrain,Positive terrain component dominates with bootstrap support,Dominan Medan
3403041002,FFAS,0.1102614755222033,0.3863657661488192,-0.2761042906266158,0.1102614755222033,0.1451537005664793,0.6496388789629368,-0.5393774034407335,-0.034892225044276,0.1102614755222033,0.1102614755222033,0.992,0.008,0.997,0.028,Terrain-constrained,Terrain,Positive terrain component dominates with bootstrap support,Dominan Medan
3403041003,DIS,0.8279571742113946,0.5709935061633344,0.2569636680480601,0.3140298381152743,0.3803506487812222,0.7831833562070525,0.0447738180043419,0.4476065254301723,-0.06725587664895,0.7384095382027103,0.909,0.091,1.0,0.979,No significant dominance,No significant dominance,Dominance uncertain at configured bootstrap CI,Tidak Ada Dominasi Signifikan
3403041003,FFAS,2.323817968363735,0.4589212969922219,1.864896671371513,-1.4059753743792909,0.1724120777862371,0.7716344019863552,1.55218356637738,2.151405890577497,-1.9789938127912607,-0.7805491643910247,0.001,0.999,0.997,1.0,Residual-constrained,Residual,Positive residual component dominates with bootstrap support,Dominan Residual / Non-Terrain
3403041004,DIS,2.9469493662452293,0.5264221684064431,2.420527197838786,-1.894105029432343,0.3506607538001202,0.7220486331002455,2.224900733144984,2.596288612445109,-2.2456278586449887,-1.5028521000447386,0.0,1.0,1.0,1.0,Residual-constrained,Residual,Positive residual component dominates with bootstrap support,Dominan Residual / Non-Terrain
3403041004,FFAS,2.323817968363735,0.4230982343631702,1.9007197340005648,-1.4776214996373946,0.1589537164048388,0.7114011818454372,1.612416786518298,2.164864251958896,-2.0059105355540576,-0.9010156046728608,0.0,1.0,0.997,1.0,Residual-constrained,Residual,Positive residual component dominates with bootstrap support,Dominan Residual / Non-Terrain
3403041005,DIS,0.5755684278469858,0.2276715937775654,0.3478968340694204,-0.1202252402918549,0.151656783251719,0.3122778122746577,0.2632906155723279,0.4239116445952667,-0.2722548613435477,0.0489871967023296,0.108,0.892,1.0,1.0,No significant dominance,No significant dominance,Dominance uncertain at configured bootstrap CI,Tidak Ada Dominasi Signifikan
3403041005,FFAS,2.323817968363735,0.182985168792443,2.140832799571292,-1.9578476307788488,0.068745672433034,0.30767291084319,2.016145057520545,2.255072295930701,-2.1863266234976666,-1.708472146677355,0.0,1.0,0.997,1.0,Residual-constrained,Residual,Positive residual component dominates with bootstrap support,Dominan Residual / Non-Terrain
3403050007,DIS,1.0803459205758037,0.859290924732596,0.2210549958432074,0.6382359288893886,0.5723915546954891,1.1786164695852557,-0.0982705490094525,0.5079543658803144,0.0644371888151747,1.0803459205758037,0.972,0.028,1.0,0.886,Terrain-constrained,Terrain,Positive terrain component dominates with bootstrap support,Dominan Medan
3403050007,FFAS,2.323817968363735,0.6906329081072327,1.6331850602565023,-0.9425521521492696,0.2594637805103594,1.1612363917999953,1.1625815765637395,2.064354187853376,-1.8048904073430163,-0.0013451847637442,0.05,0.95,0.997,1.0,Residual-constrained,Residual,Positive residual component dominates with bootstrap support,Dominan Residual / Non-Terrain
3403050010,DIS,2.9469493662452293,0.7020517807679179,2.2448975854773114,-1.5428458047093936,0.4676512909705603,0.9629448740800104,1.984004492165219,2.4792980752746687,-2.011646784304108,-1.0210596180852085,0.0,1.0,1.0,1.0,Residual-constrained,Residual,Positive residual component dominates with bootstrap support,Dominan Residual / Non-Terrain
3403050010,FFAS,2.323817968363735,0.5642560034536531,1.7595619649100818,-1.1953059614564283,0.2119852589025768,0.948745126115927,1.375072842247808,2.1118327094611584,-1.8998474505585807,-0.4263277161318811,0.003,0.997,0.997,1.0,Residual-constrained,Residual,Positive residual component dominates with bootstrap support,Dominan Residual / Non-Terrain
3403050011,DIS,1.0803459205758037,0.6954816423885037,0.3848642781872997,0.310617364201204,0.4632747851640693,0.9539331725962068,0.1264127479795964,0.6170711354117342,-0.1537963502476649,0.8275204246166101,0.856,0.144,1.0,0.993,No significant dominance,No significant dominance,Dominance uncertain at configured bootstrap CI,Tidak Ada Dominasi Signifikan
3403050011,FFAS,2.323817968363735,0.5589754242632541,1.764842544100481,-1.2058671198372268,0.2100013988461826,0.9398663127062408,1.3839516556574942,2.113816569517552,-1.9038151706713693,-0.4440853429512535,0.002,0.998,0.997,1.0,Residual-constrained,Residual,Positive residual component dominates with bootstrap support,Dominan Residual / Non-Terrain
3403050012,DIS,2.9469493662452293,0.6041920953468864,2.342757270898342,-1.7385651755514562,0.4024649194310417,0.8287190448225301,2.1182303214226987,2.544484446814188,-2.1420195273831464,-1.2895112766001688,0.0,1.0,1.0,1.0,Residual-constrained,Residual,Positive residual component dominates with bootstrap support,Dominan Residual / Non-Terrain
3403050012,FFAS,1.6379476951623535,0.4856038064112861,1.1523438887510675,-0.6667400823397813,0.1824364260124857,0.8164986136366239,0.8214490815257297,1.455511269149868,-1.2730748431373824,-0.0049504678891058,0.048,0.952,0.997,1.0,Residual-constrained,Residual,Positive residual component dominates with bootstrap support,Dominan Residual / Non-Terrain
3403050013,DIS,2.9469493662452293,0.7089265202046445,2.2380228460405847,-1.52909632583594,0.4722306978757816,0.9723743709954522,1.9745749952497769,2.4747186683694475,-2.002487970493666,-1.0022006242543249,0.0,1.0,1.0,1.0,Residual-constrained,Residual,Positive residual component dominates with bootstrap support,Dominan Residual / Non-Terrain
3403050013,FFAS,1.7125057201659473,0.5697813978841174,1.14272432228183,-0.5729429243977125,0.21406109356222,0.9580355740751602,0.754470146090787,1.4984446266037272,-1.2843835330415072,0.203565427984373,0.114,0.886,0.997,1.0,No significant dominance,No significant dominance,Dominance uncertain at configured bootstrap CI,Tidak Ada Dominasi Signifikan
3403050014,DIS,-0.1815978112462405,0.5687351021932382,-0.7503329134394787,-0.1815978112462405,0.3788462789311903,0.7800856950570054,-0.9616835063032462,-0.5604440901774308,-0.1815978112462405,-0.1815978112462404,0.0,1.0,1.0,0.0,No significant dominance,No significant dominance,No positive supply gap,Tidak Ada Dominasi Signifikan
3403050014,FFAS,-1.0787559305523156,0.4571061630758084,-1.535862093628124,-1.0787559305523156,0.1717301503794242,0.7685824194714957,-1.847338350023812,-1.2504860809317395,-1.0787559305523158,-1.0787559305523151,0.0,1.0,0.997,0.0,No significant dominance,No significant dominance,No positive supply gap,Tidak Ada Dominasi Signifikan
3403050015,DIS,0.8279571742113946,0.6076293515126757,0.2203278226987188,0.3873015288139568,0.4047545472439212,0.8334336375298177,-0.0054764633184232,0.4232026269674733,-0.0184480797235521,0.8279571742113946,0.942,0.058,1.0,0.945,No significant dominance,No significant dominance,Dominance uncertain at configured bootstrap CI,Tidak Ada Dominasi Signifikan
3403050015,FFAS,1.7125057201659473,0.4883664123615668,1.2241393078043803,-0.7357728954428134,0.1834743090549905,0.8211436841625294,0.8913620360034179,1.5290314111109566,-1.3455571020559665,-0.0702183518408886,0.032,0.968,0.997,1.0,Residual-constrained,Residual,Positive residual component dominates with bootstrap support,Dominan Residual / Non-Terrain
3403050016,DIS,2.9469493662452293,0.8283738511975406,2.118575515047689,-1.2902016638501483,0.5517970490653125,1.1362101424485709,1.810739223796658,2.3951523171799165,-1.843355268114604,-0.6745290813480873,0.001,0.999,1.0,1.0,Residual-constrained,Residual,Positive residual component dominates with bootstrap support,Dominan Residual / Non-Terrain
3403050016,FFAS,2.323817968363735,0.6657841080197359,1.6580338603439992,-0.9922497523242634,0.250128338286041,1.1194553955349231,1.2043625728288117,2.073689630077694,-1.8235612917916528,-0.0849071772938884,0.032,0.968,0.997,1.0,Residual-constrained,Residual,Positive residual component dominates with bootstrap support,Dominan Residual / Non-Terrain
3403051001,DIS,13.204985979221838,0.7519898330833508,12.452996146138489,-11.70100631305514,0.5009160661247847,1.0314406642994816,12.173545314922356,12.704069913097053,-12.203153846972269,-11.142104650622874,0.0,1.0,1.0,1.0,Residual-constrained,Residual,Positive residual component dominates with bootstrap support,Dominan Residual / Non-Terrain
3403051001,FFAS,2.323817968363735,0.6043924244295306,1.7194255439342043,-1.115033119504674,0.227064105277125,1.0162308658289805,1.3075871025347547,2.09675386308661,-1.869689757809485,-0.2913562367057746,0.005,0.995,0.997,1.0,Residual-constrained,Residual,Positive residual component dominates with bootstrap support,Dominan Residual / Non-Terrain
3403051002,DIS,0.5755684278469858,0.8392337042890471,-0.2636652764420613,0.5755684278469858,0.5590310230500214,1.1511056817153322,-0.5755372538683468,0.0165374047969644,0.542493618253057,0.5755684278469858,1.0,0.0,1.0,0.062,Terrain-constrained,Terrain,Positive terrain component dominates with bootstrap support,Dominan Medan
3403051002,FFAS,1.7125057201659473,0.6745124347206591,1.037993285445288,-0.3634808507246289,0.2534074821217405,1.1341312826605596,0.5783744375053876,1.4590982380442066,-1.205690755922466,0.5557568451551718,0.264,0.736,0.997,1.0,No significant dominance,No significant dominance,Dominance uncertain at configured bootstrap CI,Tidak Ada Dominasi Signifikan
3403051003,DIS,0.8279571742113946,0.7305226188725327,0.0974345553388619,0.6330880635336708,0.4866163083088447,1.0019959075858476,-0.1740387333744532,0.3413408659025498,0.1452754424062948,0.8279571742113946,0.988,0.012,1.0,0.744,Terrain-constrained,Terrain,Positive terrain component dominates with bootstrap support,Dominan Medan
3403051003,FFAS,2.323817968363735,0.5871387049351791,1.736679263428556,-1.1495405584933769,0.220582057817008,0.9872203064774712,1.3365976618862636,2.103235910546727,-1.8826538527297192,-0.3493773554087924,0.004,0.996,0.997,1.0,Residual-constrained,Residual,Positive residual component dominates with bootstrap support,Dominan Residual / Non-Terrain
3403051004,DIS,0.8279571742113946,0.9743228414655318,-0.1463656672541372,0.8279571742113946,0.6490167066239317,1.336395991848439,-0.5084388176370447,0.1789404675874628,0.4700762390364689,0.8279571742113946,1.0,0.0,1.0,0.241,Terrain-constrained,Terrain,Positive terrain component dominates with bootstrap support,Dominan Medan
3403051004,FFAS,2.323817968363735,0.7830868429642067,1.5407311253995282,-0.7576442824353214,0.2941977863468209,1.3166892705445958,1.007128697819139,2.029620182016914,-1.735422395670093,0.3095605727254568,0.122,0.878,0.997,1.0,No significant dominance,No significant dominance,Dominance uncertain at configured bootstrap CI,Tidak Ada Dominasi Signifikan
3403051005,DIS,13.204985979221838,0.6643080064883021,12.540677972733535,-11.876369966245235,0.4425093780070225,0.9111749406269054,12.293811038594932,12.762476601214816,-12.319967223207794,-11.382636097968026,0.0,1.0,1.0,1.0,Residual-constrained,Residual,Positive residual component dominates with bootstrap support,Dominan Residual / Non-Terrain
3403051005,FFAS,1.6379476951623535,0.5339204187949581,1.1040272763673955,-0.5701068575724374,0.2005884873512348,0.897738600856727,0.7402090943056268,1.4373592078111186,-1.236770720459884,0.1575295065511002,0.098,0.902,0.997,1.0,No significant dominance,No significant dominance,Dominance uncertain at configured bootstrap CI,Tidak Ada Dominasi Signifikan
3403051006,DIS,0.323179681482577,0.8043225492411298,-0.4811428677585528,0.323179681482577,0.5357759766635938,1.103221011777122,-0.7800413302945454,-0.2125962951810168,0.3231796814825769,0.323179681482577,1.0,0.0,1.0,0.0,Terrain-constrained,Terrain,Positive terrain component dominates with bootstrap support,Dominan Medan
3403051006,FFAS,-0.2369399841135462,0.6464534946781715,-0.8833934787917177,-0.2369399841135462,0.2428660228673735,1.0869527281633973,-1.3238927122769435,-0.4798060069809199,-0.2369399841135463,-0.2369399841135461,0.002,0.998,0.997,0.002,No significant dominance,No significant dominance,No positive supply gap,Tidak Ada Dominasi Signifikan
3403051007,DIS,0.8279571742113946,1.1678098303001894,-0.3398526560887948,0.8279571742113946,0.7779024136234359,1.6017856813321865,-0.7738285071207922,0.0500547605879586,0.7278476530354773,0.8279571742113946,1.0,0.0,1.0,0.077,Terrain-constrained,Terrain,Positive terrain component dominates with bootstrap support,Dominan Medan
3403051007,FFAS,2.323817968363735,0.9385970176135844,1.3852209507501505,-0.4466239331365661,0.352621382078649,1.5781654787851558,0.7456524895785791,1.971196586285085,-1.6185752042064367,0.8325129892065767,0.288,0.712,0.997,0.999,No significant dominance,No significant dominance,Dominance uncertain at configured bootstrap CI,Tidak Ada Dominasi Signifikan
3403051008,DIS,2.6945606198808205,0.9952941630846626,1.699266456796158,-0.7039722937114954,0.6629861400720144,1.3651605747595976,1.329400045121223,2.031574479808806,-1.3685883397367915,0.0357605296383747,0.055,0.945,1.0,1.0,No significant dominance,No significant dominance,Dominance uncertain at configured bootstrap CI,Tidak Ada Dominasi Signifikan
3403051008,FFAS,2.323817968363735,0.7999420015837156,1.5238759667800197,-0.7239339651963038,0.3005300985276944,1.34502968605155,0.9787882823121848,2.0232878698360404,-1.722757771308346,0.366241403739365,0.144,0.856,0.997,1.0,No significant dominance,No significant dominance,Dominance uncertain at configured bootstrap CI,Tidak Ada Dominasi Signifikan
3403060001,DIS,0.323179681482577,-0.1871475926430208,0.5103272741255978,-0.3231796814825769,-0.256694477485536,-0.1246629033627838,0.4478425848453607,0.5798741589681129,-0.323179681482577,-0.3231796814825769,0.0,1.0,0.0,1.0,Residual-constrained,Residual,Positive residual component dominates with bootstrap support,Dominan Residual / Non-Terrain
3403060001,FFAS,2.323817968363735,-0.1504150485384665,2.4742330169022013,-2.323817968363735,-0.2529092173089874,-0.0565094085168905,2.380327376880625,2.5767271856727225,-2.323817968363735,-2.323817968363735,0.0,1.0,0.003,1.0,Residual-constrained,Residual,Positive residual component dominates with bootstrap support,Dominan Residual / Non-Terrain
3403060002,DIS,0.0707909351181681,0.2667136879832665,-0.1959227528650983,0.0707909351181681,0.1776635341177581,0.365828541036582,-0.2950376059184139,-0.1068725989995899,0.0707909351181681,0.0707909351181682,1.0,0.0,1.0,0.0,Terrain-constrained,Terrain,Positive terrain component dominates with bootstrap support,Dominan Medan
3403060002,FFAS,-0.345105099438197,0.2143642445906318,-0.5594693440288289,-0.345105099438197,0.0805344730244113,0.3604339715024218,-0.7055390709406189,-0.4256395724626085,-0.3451050994381971,-0.345105099438197,0.0,1.0,0.997,0.0,No significant dominance,No significant dominance,No positive supply gap,Tidak Ada Dominasi Signifikan
3403060003,DIS,0.5755684278469858,0.5147371291880457,0.0608312986589401,0.4539058305291056,0.3428771061757984,0.7060212560220592,-0.1304528281750735,0.2326913216711874,0.1101857845046109,0.5755684278469858,0.989,0.011,1.0,0.713,Terrain-constrained,Terrain,Positive terrain component dominates with bootstrap support,Dominan Medan
3403060003,FFAS,2.323817968363735,0.4137066856053846,1.9101112827583504,-1.4964045971529658,0.1554254067674937,0.695610147180157,1.6282078211835778,2.168392561596241,-2.012967154828748,-0.9325976740034208,0.0,1.0,0.997,1.0,Residual-constrained,Residual,Positive residual component dominates with bootstrap support,Dominan Residual / Non-Terrain
3403060004,DIS,0.8279571742113946,-0.0772814245801199,0.9052385987915144,-0.8279571742113946,-0.1060003744732729,-0.0514787640498619,0.8794359382612565,0.9339575486846676,-0.8279571742113946,-0.8279571742113945,0.0,1.0,0.0,1.0,Residual-constrained,Residual,Positive residual component dominates with bootstrap support,Dominan Residual / Non-Terrain
3403060004,FFAS,1.6379476951623535,-0.0621129508810386,1.7000606460433922,-1.6379476951623535,-0.104437275024764,-0.0233352058163817,1.6612829009787355,1.7423849701871177,-1.6379476951623535,-1.6379476951623535,0.0,1.0,0.003,1.0,Residual-constrained,Residual,Positive residual component dominates with bootstrap support,Dominan Residual / Non-Terrain
3403060005,DIS,-0.4339865576106493,-0.337698866252682,-0.0962876913579672,0.2414111748947147,-0.4631928885430034,-0.2249482375639295,-0.2090383200467197,0.0292063309323539,0.0159099175172097,0.4339865576106493,0.967,0.033,0.0,0.087,No significant dominance,No significant dominance,No positive supply gap,Tidak Ada Dominasi Signifikan
3403060005,FFAS,-1.608680530516309,-0.2714167499641441,-1.3372637805521648,-1.0658470305880208,-0.4563625678744912,-0.1019685207768835,-1.5067120097394255,-1.152317962641818,-1.404743488962542,-0.6959553947673266,0.0,1.0,0.003,0.0,No significant dominance,No significant dominance,No positive supply gap,Tidak Ada Dominasi Signifikan
3403070001,DIS,2.9469493662452293,0.6755371839789847,2.2714121822662445,-1.5958749982872598,0.4499893666544571,0.926577050842992,2.020372315402237,2.4969599995907723,-2.046970632936316,-1.0937952645592453,0.0,1.0,1.0,1.0,Residual-constrained,Residual,Positive residual component dominates with bootstrap support,Dominan Residual / Non-Terrain
3403070001,FFAS,2.323817968363735,0.5429455804518856,1.780872387911849,-1.2379268074599636,0.2039791490699781,0.9129135889507998,1.410904379412935,2.1198388192937565,-1.915859670223779,-0.4979907904621353,0.002,0.998,0.997,1.0,Residual-constrained,Residual,Positive residual component dominates with bootstrap support,Dominan Residual / Non-Terrain
3403070002,DIS,0.5755684278469858,0.0496610832917469,0.5259073445552388,-0.4762462612634918,0.033080280327726,0.0681158953043901,0.5074525325425956,0.5424881475192598,-0.5094078671915336,-0.4393366372382055,0.0,1.0,1.0,1.0,Residual-constrained,Residual,Positive residual component dominates with bootstrap support,Dominan Residual / Non-Terrain
3403070002,FFAS,1.6379476951623535,0.0399138142698386,1.5980338808925152,-1.5581200666226769,0.0149952152923368,0.0671114467926367,1.570836248369717,1.6229524798700168,-1.60795726457768,-1.50372480157708,0.0,1.0,0.997,1.0,Residual-constrained,Residual,Positive residual component dominates with bootstrap support,Dominan Residual / Non-Terrain
3403070003,DIS,0.323179681482577,0.858379631673547,-0.5351999501909701,0.3231796814825769,0.5717845234376941,1.177366526199262,-0.8541868447166854,-0.2486048419551171,0.3231796814825769,0.323179681482577,1.0,0.0,1.0,0.0,Terrain-constrained,Terrain,Positive terrain component dominates with bootstrap support,Dominan Medan
3403070003,FFAS,1.0841328162419916,0.6899004798255016,0.39423233641649,0.2956681434090116,0.2591886146317866,1.160004880290559,-0.0758720640485673,0.8249442016102049,-0.5657555869784184,1.0841328162419916,0.734,0.266,0.997,0.912,No significant dominance,No significant dominance,Dominance uncertain at configured bootstrap CI,Tidak Ada Dominasi Signifikan
3403070004,DIS,2.9469493662452293,0.7356140901806475,2.211335276064582,-1.4757211858839343,0.4900078432289257,1.008979446880217,1.9379699193650124,2.456941523016304,-1.966933679787377,-0.9289904724847958,0.0,1.0,1.0,1.0,Residual-constrained,Residual,Positive residual component dominates with bootstrap support,Dominan Residual / Non-Terrain
3403070004,FFAS,2.323817968363735,0.5912308436216921,1.732587124742043,-1.141356281120351,0.2221194328269612,0.9941008653203663,1.3297171030433683,2.101698535536773,-1.8795791027098123,-0.3356162377230023,0.004,0.996,0.997,1.0,Residual-constrained,Residual,Positive residual component dominates with bootstrap support,Dominan Residual / Non-Terrain
3403070005,DIS,-1.0386462714580311,0.3229437278820399,-1.3615899993400713,-1.0386462714580311,0.2151195330488118,0.4429545168878389,-1.4816007883458702,-1.2537658045068432,-1.0386462714580316,-1.0386462714580311,0.0,1.0,1.0,0.0,No significant dominance,No significant dominance,No positive supply gap,Tidak Ada Dominasi Signifikan
3403070005,FFAS,-2.2370534344402646,0.2595576882318066,-2.496611122672072,-2.2370534344402646,0.0975131915357517,0.4364226346704182,-2.673476069110683,-2.3345666259760165,-2.2370534344402646,-2.2370534344402646,0.0,1.0,0.997,0.0,No significant dominance,No significant dominance,No positive supply gap,Tidak Ada Dominasi Signifikan
3403070006,DIS,-1.543423764186849,-0.373428216875057,-1.1699955473117918,-0.7965673304367347,-0.5121998079448602,-0.2487483010376194,-1.2946754631492294,-1.031223956241989,-1.04592716211161,-0.5190241482971287,0.0,1.0,0.0,0.0,No significant dominance,No significant dominance,No positive supply gap,Tidak Ada Dominasi Signifikan
3403070006,FFAS,0.9520774219609726,-0.3001332935873562,1.2522107155483289,-0.9520774219609728,-0.5046468229549171,-0.1127570350283827,1.0648344569893553,1.4567242449158897,-0.9520774219609728,-0.9520774219609724,0.0,1.0,0.003,1.0,Residual-constrained,Residual,Positive residual component dominates with bootstrap support,Dominan Residual / Non-Terrain
3403070007,DIS,1.0803459205758037,0.8274479885187799,0.2528979320570236,0.5745500564617563,0.5511803126808391,1.1349402151511296,-0.0545942945753263,0.5291656078949644,0.0220147047858748,1.0803459205758037,0.959,0.041,1.0,0.927,Terrain-constrained,Terrain,Positive terrain component dominates with bootstrap support,Dominan Medan
3403070007,FFAS,0.9520774219609726,0.6650399697821077,0.2870374521788649,0.3780025176032427,0.2498487730957773,1.1182041948001769,-0.1661267728392043,0.702228648865195,-0.4523798757694177,0.9520774219609726,0.788,0.212,0.997,0.841,No significant dominance,No significant dominance,Dominance uncertain at configured bootstrap CI,Tidak Ada Dominasi Signifikan
3403070008,DIS,2.9469493662452293,0.5745808246413412,2.372368541603888,-1.7977877169625471,0.3827402362209512,0.7881037766585334,2.158845589586696,2.5642091300242784,-2.181468893803327,-1.3707418129281623,0.0,1.0,1.0,1.0,Residual-constrained,Residual,Positive residual component dominates with bootstrap support,Dominan Residual / Non-Terrain
3403070008,FFAS,1.6379476951623535,0.4618045116538263,1.1761431835085274,-0.7143386718547011,0.1734952722986055,0.776482265085729,0.8614654300766246,1.464452422863748,-1.2909571505651425,-0.0849831649908955,0.026,0.974,0.997,1.0,Residual-constrained,Residual,Positive residual component dominates with bootstrap support,Dominan Residual / Non-Terrain
3403070009,DIS,0.323179681482577,0.4732850838733128,-0.1501054023907359,0.323179681482577,0.3152650367589226,0.64916500175504,-0.3259853202724632,0.0079146447236543,0.3073503920352683,0.323179681482577,1.0,0.0,1.0,0.058,Terrain-constrained,Terrain,Positive terrain component dominates with bootstrap support,Dominan Medan
3403070009,FFAS,3.0096882415651165,0.3803906737882976,2.6292975677768187,-2.248906893988521,0.1429089189544818,0.639592304853951,2.3700959367111656,2.866779322610635,-2.723870403656153,-1.7305036318572145,0.0,1.0,0.997,1.0,Residual-constrained,Residual,Positive residual component dominates with bootstrap support,Dominan Residual / Non-Terrain
3403070010,DIS,2.9469493662452293,0.7239016985786327,2.2230476676665964,-1.4991459690879636,0.4822059756130588,0.9929145528576684,1.9540348133875605,2.4647433906321705,-1.9825374150191115,-0.9611202605298924,0.0,1.0,1.0,1.0,Residual-constrained,Residual,Positive residual component dominates with bootstrap support,Dominan Residual / Non-Terrain
3403070010,FFAS,3.0096882415651165,0.5818173110913591,2.427870930473757,-1.846053619382398,0.218582864109187,0.9782728669419304,2.031415374623186,2.7911053774559296,-2.572522513346742,-1.0531425076812555,0.0,1.0,0.997,1.0,Residual-constrained,Residual,Positive residual component dominates with bootstrap support,Dominan Residual / Non-Terrain
3403070011,DIS,0.5755684278469858,0.449639107686113,0.1259293201608728,0.3237097875252401,0.299513960281191,0.6167318220582717,-0.041163394211286,0.2760544675657948,0.0234594927153961,0.5755684278469858,0.968,0.032,1.0,0.906,Terrain-constrained,Terrain,Positive terrain component dominates with bootstrap support,Dominan Medan
3403070011,FFAS,2.323817968363735,0.3613858305749445,1.9624321377887903,-1.601046307213846,0.1357689920696516,0.6076373903100117,1.7161805780537231,2.188048976294083,-2.052279984224432,-1.1085431877437113,0.0,1.0,0.997,1.0,Residual-constrained,Residual,Positive residual component dominates with bootstrap support,Dominan Residual / Non-Terrain
3403080001,DIS,1.0803459205758037,-0.4457855084722869,1.5261314290480903,-1.0803459205758037,-0.6114461669095111,-0.2969469977057842,1.3772929182815878,1.6917920874853145,-1.0803459205758037,-1.0803459205758037,0.0,1.0,0.0,1.0,Residual-constrained,Residual,Positive residual component dominates with bootstrap support,Dominan Residual / Non-Terrain
3403080001,FFAS,-0.345105099438197,-0.3582885996428796,0.0131835002046825,0.345105099438197,-0.6024296783259719,-0.1346053938146111,-0.2104997056235859,0.2573245788877748,-0.0758943118089748,0.345105099438197,0.915,0.085,0.003,0.57,No significant dominance,No significant dominance,No positive supply gap,Tidak Ada Dominasi Signifikan
3403080002,DIS,-0.4339865576106493,-0.3492105387912339,-0.0847760188194153,0.2644345199718185,-0.4789824732527822,-0.2326164020374896,-0.2013701555731597,0.0449959156421328,0.0312462464643299,0.4339865576106493,0.972,0.028,0.0,0.12,No significant dominance,No significant dominance,No positive supply gap,Tidak Ada Dominasi Signifikan
3403080002,FFAS,-3.014028167240129,-0.2806689597264575,-2.7333592075136712,-2.452690247787213,-0.4719193166978435,-0.1054444821665367,-2.908583685073592,-2.5421088505422853,-2.803139202907055,-2.0701895338444416,0.0,1.0,0.003,0.0,No significant dominance,No significant dominance,No positive supply gap,Tidak Ada Dominasi Signifikan
3403080003,DIS,0.5755684278469858,-0.3852203277942145,0.9607887556412004,-0.5755684278469858,-0.5283740461923087,-0.2566032713484704,0.8321716991954563,1.1039424740392942,-0.5755684278469859,-0.5755684278469857,0.0,1.0,0.0,1.0,Residual-constrained,Residual,Positive residual component dominates with bootstrap support,Dominan Residual / Non-Terrain
3403080003,FFAS,-1.567729595833773,-0.3096108984618114,-1.2581186973719616,-0.94850779891015,-0.5205825531498207,-0.1163176750761456,-1.4514119207576273,-1.0471470426839524,-1.3350942456814818,-0.5265644895341317,0.001,0.999,0.003,0.0,No significant dominance,No significant dominance,No positive supply gap,Tidak Ada Dominasi Signifikan
3403080004,DIS,0.5755684278469858,-0.3960072927952054,0.9715757206421912,-0.5755684278469858,-0.5431696110482552,-0.2637886930603131,0.8393571209072989,1.1187380388952408,-0.5755684278469859,-0.5755684278469857,0.0,1.0,0.0,1.0,Residual-constrained,Residual,Positive residual component dominates with bootstrap support,Dominan Residual / Non-Terrain
3403080004,FFAS,-0.1959890494310101,-0.3182806432407448,0.1222915938097346,0.1959890494310101,-0.5351599401042115,-0.1195748102777783,-0.0764142391532319,0.3391708906732013,0.0431605711245463,0.1959890494310101,0.968,0.032,0.003,0.856,No significant dominance,No significant dominance,No positive supply gap,Tidak Ada Dominasi Signifikan
3403080005,DIS,0.5755684278469858,-0.4095290170338501,0.9850974448808358,-0.5755684278469857,-0.5617162131665265,-0.2727957947721461,0.8483642226191319,1.137284641013512,-0.5755684278469859,-0.5755684278469857,0.0,1.0,0.0,1.0,Residual-constrained,Residual,Positive residual component dominates with bootstrap support,Dominan Residual / Non-Terrain
3403080005,FFAS,3.0096882415651165,-0.329148380190795,3.338836621755912,-3.0096882415651165,-0.5534330508910904,-0.1236577088503067,3.133345950415423,3.5631212924562066,-3.0096882415651165,-3.009688241565116,0.0,1.0,0.003,1.0,Residual-constrained,Residual,Positive residual component dominates with bootstrap support,Dominan Residual / Non-Terrain
3403080006,DIS,0.5755684278469858,-0.2534882718079102,0.829056699654896,-0.5755684278469858,-0.3476883595535239,-0.1688538093688754,0.7444222372158613,0.9232567874005098,-0.5755684278469859,-0.5755684278469857,0.0,1.0,0.0,1.0,Residual-constrained,Residual,Positive residual component dominates with bootstrap support,Dominan Residual / Non-Terrain
3403080006,FFAS,1.7125057201659473,-0.2037346576006876,1.9162403777666348,-1.7125057201659473,-0.3425612882033362,-0.0765410449770377,1.789046765142985,2.055067008369284,-1.7125057201659477,-1.712505720165947,0.0,1.0,0.003,1.0,Residual-constrained,Residual,Positive residual component dominates with bootstrap support,Dominan Residual / Non-Terrain
3403080007,DIS,0.0707909351181681,-0.0909486503294558,0.161739585447624,-0.0707909351181681,-0.1247465486711673,-0.0605827873438017,0.1313737224619699,0.1955374837893354,-0.0707909351181681,-0.0707909351181681,0.0,1.0,0.0,1.0,Residual-constrained,Residual,Positive residual component dominates with bootstrap support,Dominan Residual / Non-Terrain
3403080007,FFAS,-7.886790916518905,-0.0730976309158699,-7.813693285603035,-7.740595654687166,-0.1229070149676287,-0.0274620387200514,-7.859328877798853,-7.763883901551276,-7.831866839078801,-7.640976886583648,0.0,1.0,0.003,0.0,No significant dominance,No significant dominance,No positive supply gap,Tidak Ada Dominasi Signifikan
3403080008,DIS,1.0803459205758037,-0.4156199485525625,1.495965869128366,-1.0803459205758037,-0.5700706272496316,-0.2768530909231842,1.3571990114989876,1.650416547825435,-1.0803459205758037,-1.0803459205758037,0.0,1.0,0.0,1.0,Residual-constrained,Residual,Positive residual component dominates with bootstrap support,Dominan Residual / Non-Terrain
3403080008,FFAS,-0.4196631244417899,-0.334043809232082,-0.0856193152097078,0.2484244940223741,-0.5616642693712478,-0.1254968719011287,-0.2941662525406613,0.1420011449294578,-0.1686693806395326,0.4196631244417899,0.846,0.154,0.003,0.267,No significant dominance,No significant dominance,No positive supply gap,Tidak Ada Dominasi Signifikan
3403080009,DIS,0.5755684278469858,-0.1452044895437576,0.7207729173907435,-0.5755684278469858,-0.1991646809108921,-0.0967237301436421,0.6722921579906279,0.7747331087578778,-0.5755684278469859,-0.5755684278469857,0.0,1.0,0.0,1.0,Residual-constrained,Residual,Positive residual component dominates with bootstrap support,Dominan Residual / Non-Terrain
3403080009,FFAS,0.9520774219609726,-0.1167043616980347,1.0687817836590072,-0.9520774219609724,-0.1962277648439327,-0.04384464529964,0.9959220672606124,1.1483051868049052,-0.9520774219609728,-0.9520774219609724,0.0,1.0,0.003,1.0,Residual-constrained,Residual,Positive residual component dominates with bootstrap support,Dominan Residual / Non-Terrain
3403090001,DIS,0.323179681482577,0.0477351264047504,0.2754445550778265,-0.227709428673076,0.0317973603932842,0.0654742236174331,0.2577054578651438,0.2913823210892927,-0.2595849606960085,-0.1922312342477106,0.0,1.0,1.0,1.0,Residual-constrained,Residual,Positive residual component dominates with bootstrap support,Dominan Residual / Non-Terrain
3403090001,FFAS,2.323817968363735,0.038365876118194,2.285452092245541,-2.2470862161273466,0.014413670624964,0.0645087296431287,2.2593092387206064,2.3094042977387708,-2.2949906271138065,-2.1948005090774774,0.0,1.0,0.997,1.0,Residual-constrained,Residual,Positive residual component dominates with bootstrap support,Dominan Residual / Non-Terrain
3403090002,DIS,0.323179681482577,-0.074972722464721,0.398152403947298,-0.323179681482577,-0.1028337236240018,-0.0499408895592485,0.3731205710418255,0.4260134051065788,-0.323179681482577,-0.3231796814825769,0.0,1.0,0.0,1.0,Residual-constrained,Residual,Positive residual component dominates with bootstrap support,Dominan Residual / Non-Terrain
3403090002,FFAS,0.9520774219609726,-0.0602573911282023,1.012334813089175,-0.9520774219609726,-0.1013173201444526,-0.0226380908327456,0.9747155127937182,1.0533947421054253,-0.9520774219609728,-0.9520774219609724,0.0,1.0,0.003,1.0,Residual-constrained,Residual,Positive residual component dominates with bootstrap support,Dominan Residual / Non-Terrain
3403090003,DIS,-1.0386462714580311,-0.3853252052368821,-0.6533210662211493,-0.2679958609842672,-0.5285178976838792,-0.2566731323940524,-0.7819731390639789,-0.5101283737741522,-0.5253000066699264,0.0183895239097269,0.056,0.944,0.0,0.0,No significant dominance,No significant dominance,No positive supply gap,Tidak Ada Dominasi Signifikan
3403090003,FFAS,2.323817968363735,-0.3096951910001585,2.6335131593638934,-2.323817968363735,-0.5207242833829688,-0.1163493429280705,2.4401673112918054,2.844542251746704,-2.323817968363735,-2.323817968363735,0.0,1.0,0.003,1.0,Residual-constrained,Residual,Positive residual component dominates with bootstrap support,Dominan Residual / Non-Terrain
3403090004,DIS,-1.29103501782244,-0.2715614575233691,-1.019473560299071,-0.7479121027757019,-0.3724778152884855,-0.1808927342221678,-1.1101422836002723,-0.9185572025339548,-0.9292495493781048,-0.5460793872454694,0.0,1.0,0.0,0.0,No significant dominance,No significant dominance,No positive supply gap,Tidak Ada Dominasi Signifikan
3403090004,FFAS,2.323817968363735,-0.2182605142694447,2.54207848263318,-2.323817968363735,-0.3669851944316975,-0.081998262034297,2.405816230398032,2.6908031627954325,-2.323817968363735,-2.323817968363735,0.0,1.0,0.003,1.0,Residual-constrained,Residual,Positive residual component dominates with bootstrap support,Dominan Residual / Non-Terrain
3403090005,DIS,0.8279571742113946,-0.3117741343659011,1.1397313085772958,-0.8279571742113947,-0.4276341329552487,-0.2076792345259235,1.0356364087373182,1.2555913071666434,-0.8279571742113947,-0.8279571742113945,0.0,1.0,0.0,1.0,Residual-constrained,Residual,Positive residual component dominates with bootstrap support,Dominan Residual / Non-Terrain
3403090005,FFAS,1.7125057201659473,-0.2505804156569483,1.963086135822896,-1.7125057201659477,-0.4213281677102441,-0.0941405212595432,1.8066462414254905,2.133833887876192,-1.7125057201659477,-1.712505720165947,0.0,1.0,0.003,1.0,Residual-constrained,Residual,Positive residual component dominates with bootstrap support,Dominan Residual / Non-Terrain
3403090006,DIS,-1.29103501782244,-0.2985437382720919,-0.9924912795503482,-0.6939475412782563,-0.4094871209404849,-0.1988661925497973,-1.0921688252726427,-0.8815478968819553,-0.8933026327228455,-0.4720607759414705,0.0,1.0,0.0,0.0,No significant dominance,No significant dominance,No positive supply gap,Tidak Ada Dominasi Signifikan
3403090006,FFAS,2.323817968363735,-0.2399468261860464,2.563764794549781,-2.323817968363735,-0.4034487546036285,-0.0901455895206592,2.413963557884394,2.7272667229673635,-2.323817968363735,-2.323817968363735,0.0,1.0,0.003,1.0,Residual-constrained,Residual,Positive residual component dominates with bootstrap support,Dominan Residual / Non-Terrain
3403090007,DIS,0.323179681482577,-0.3529820775595489,0.6761617590421259,-0.323179681482577,-0.4841555730494533,-0.2351287024436203,0.5583083839261974,0.8073352545320303,-0.323179681482577,-0.3231796814825769,0.0,1.0,0.0,1.0,Residual-constrained,Residual,Positive residual component dominates with bootstrap support,Dominan Residual / Non-Terrain
3403090007,FFAS,0.9520774219609726,-0.2837002366928833,1.2357776586538558,-0.9520774219609724,-0.4770161330900507,-0.1065833021854645,1.058660724146437,1.429093555051023,-0.9520774219609728,-0.9520774219609724,0.0,1.0,0.003,1.0,Residual-constrained,Residual,Positive residual component dominates with bootstrap support,Dominan Residual / Non-Terrain
3403090008,DIS,-2.552978749644484,-0.3995094542713308,-2.1534692953731533,-1.7539598411018225,-0.5479732288639477,-0.2661215556501721,-2.286857193994312,-2.0050055207805366,-2.02073563834414,-1.4570322919165888,0.0,1.0,0.0,0.0,No significant dominance,No significant dominance,No positive supply gap,Tidak Ada Dominasi Signifikan
3403090008,FFAS,-2.531884125188873,-0.3210954151594291,-2.210788710029444,-1.8896932948700145,-0.5398927229592176,-0.1206322915456458,-2.411251833643227,-1.9919914022296552,-2.290619542097581,-1.4520986792704376,0.0,1.0,0.003,0.0,No significant dominance,No significant dominance,No positive supply gap,Tidak Ada Dominasi Signifikan
3403090009,DIS,0.323179681482577,-0.4186729024235895,0.7418525839061665,-0.323179681482577,-0.574258105098762,-0.2788867269856093,0.6020664084681863,0.8974377865813387,-0.323179681482577,-0.3231796814825769,0.0,1.0,0.0,1.0,Residual-constrained,Residual,Positive residual component dominates with bootstrap support,Dominan Residual / Non-Terrain
3403090009,FFAS,1.4820020219249663,-0.3364975421292621,1.8184995640542283,-1.4820020219249663,-0.5657899979638388,-0.1264187144695777,1.608420736394544,2.047792019888805,-1.4820020219249663,-1.4820020219249663,0.0,1.0,0.003,1.0,Residual-constrained,Residual,Positive residual component dominates with bootstrap support,Dominan Residual / Non-Terrain
3403090010,DIS,-1.543423764186849,-0.4067133210375724,-1.1367104431492765,-0.7299971221117041,-0.5578541618180953,-0.2709202011140834,-1.2725035630727657,-0.9855696023687536,-1.001583361958682,-0.4277154405506584,0.001,0.999,0.0,0.0,No significant dominance,No significant dominance,No positive supply gap,Tidak Ada Dominasi Signifikan
3403090010,FFAS,-9.092106803671872,-0.3268853371883796,-8.765221466483492,-8.438336129295113,-0.549627950004984,-0.122807506541712,-8.969299297130158,-8.542478853666887,-8.846491790588447,-7.992850903661904,0.0,1.0,0.003,0.0,No significant dominance,No significant dominance,No positive supply gap,Tidak Ada Dominasi Signifikan
3403090011,DIS,-1.7958125105512577,-0.3877878907812722,-1.4080246197699855,-1.020236728988713,-0.5318957545406021,-0.2583135784489415,-1.5374989321023165,-1.263916756010656,-1.2791853536533746,-0.7320210014700538,0.0,1.0,0.0,0.0,No significant dominance,No significant dominance,No positive supply gap,Tidak Ada Dominasi Signifikan
3403090011,FFAS,-5.753775700619949,-0.311674510960747,-5.442101189659202,-5.130426678698456,-0.5240523297912275,-0.1170929533668221,-5.636682747253127,-5.229723370828721,-5.519589793886304,-4.705671041037493,0.0,1.0,0.003,0.0,No significant dominance,No significant dominance,No positive supply gap,Tidak Ada Dominasi Signifikan
3403090012,DIS,0.5755684278469858,-0.4265423246004535,1.0021107524474393,-0.5755684278469857,-0.5850519239519725,-0.2841287127493622,0.8596971405963479,1.1606203517989582,-0.5755684278469859,-0.5755684278469857,0.0,1.0,0.0,1.0,Residual-constrained,Residual,Positive residual component dominates with bootstrap support,Dominan Residual / Non-Terrain
3403090012,FFAS,0.3407651737631842,-0.342822387145893,0.6835875609090774,-0.3407651737631843,-0.5764246493388154,-0.1287948946079593,0.4695600683711435,0.9171898231019996,-0.3407651737631843,-0.3407651737631842,0.0,1.0,0.003,1.0,Residual-constrained,Residual,Positive residual component dominates with bootstrap support,Dominan Residual / Non-Terrain
3403090013,DIS,0.323179681482577,-0.2872706407228651,0.610450322205442,-0.3231796814825769,-0.3940247693057407,-0.1913569478380092,0.5145366293205862,0.7172044507883176,-0.323179681482577,-0.3231796814825769,0.0,1.0,0.0,1.0,Residual-constrained,Residual,Positive residual component dominates with bootstrap support,Dominan Residual / Non-Terrain
3403090013,FFAS,2.323817968363735,-0.2308863649153519,2.554704333279087,-2.323817968363735,-0.3882144134210457,-0.0867416660949641,2.410559634458699,2.712032381784781,-2.323817968363735,-2.323817968363735,0.0,1.0,0.003,1.0,Residual-constrained,Residual,Positive residual component dominates with bootstrap support,Dominan Residual / Non-Terrain
3403090014,DIS,0.8279571742113946,-0.3030995771104097,1.1310567513218044,-0.8279571742113947,-0.4157359786126271,-0.2019009315427854,1.02985810575418,1.2436931528240216,-0.8279571742113947,-0.8279571742113945,0.0,1.0,0.0,1.0,Residual-constrained,Residual,Positive residual component dominates with bootstrap support,Dominan Residual / Non-Terrain
3403090014,FFAS,2.323817968363735,-0.243608464096111,2.567426432459846,-2.323817968363735,-0.4096054655637458,-0.0915212297542084,2.415339198117944,2.7334234339274803,-2.323817968363735,-2.323817968363735,0.0,1.0,0.003,1.0,Residual-constrained,Residual,Positive residual component dominates with bootstrap support,Dominan Residual / Non-Terrain
3403100001,DIS,0.5755684278469858,0.3722407128988763,0.2033277149481095,0.1689129979507667,0.2479572799438674,0.5105710094742372,0.0649974183727485,0.3276111479031184,-0.079653867959251,0.4455735911014885,0.86,0.14,1.0,0.993,No significant dominance,No significant dominance,Dominance uncertain at configured bootstrap CI,Tidak Ada Dominasi Signifikan
3403100001,FFAS,2.323817968363735,0.2991788679081674,2.0246391004555675,-1.7254602325474,0.112398466978654,0.5030420430220004,1.8207759253417344,2.211419501385081,-2.099021034406427,-1.3177338823197342,0.0,1.0,0.997,1.0,Residual-constrained,Residual,Positive residual component dominates with bootstrap support,Dominan Residual / Non-Terrain
3403100002,DIS,-1.0386462714580311,-0.305116839716854,-0.7335294317411774,-0.4284125920243233,-0.4185028866096756,-0.2032446721157364,-0.8354015993422949,-0.6201433848483558,-0.6321569272265584,-0.2016404982386803,0.001,0.999,0.0,0.0,No significant dominance,No significant dominance,No positive supply gap,Tidak Ada Dominasi Signifikan
3403100002,FFAS,2.323817968363735,-0.2452297868637618,2.569047755227497,-2.323817968363735,-0.412331572267537,-0.0921303442776896,2.415948312641425,2.736149540631272,-2.323817968363735,-2.323817968363735,0.0,1.0,0.003,1.0,Residual-constrained,Residual,Positive residual component dominates with bootstrap support,Dominan Residual / Non-Terrain
3403100003,DIS,-1.543423764186849,-0.1227211299933781,-1.4207026341934708,-1.2979815042000926,-0.1683261638324874,-0.0817470967853599,-1.4616766674014892,-1.3750976003543611,-1.3799295706161292,-1.206771436521874,0.0,1.0,0.0,0.0,No significant dominance,No significant dominance,No positive supply gap,Tidak Ada Dominasi Signifikan
3403100003,FFAS,-0.9564173476359852,-0.0986339416070379,-0.8577834060289472,-0.7591494644219093,-0.1658439977537013,-0.0370557717067639,-0.9193615759292212,-0.7905733498822837,-0.8823058042224571,-0.6247293521285824,0.0,1.0,0.003,0.0,No significant dominance,No significant dominance,No positive supply gap,Tidak Ada Dominasi Signifikan
3403100004,DIS,0.0707909351181681,-0.0091967587414308,0.079987693859599,-0.0707909351181681,-0.0126144138236135,-0.0061261522525739,0.0769170873707421,0.0834053489417817,-0.0707909351181681,-0.0707909351181681,0.0,1.0,0.0,1.0,Residual-constrained,Residual,Positive residual component dominates with bootstrap support,Dominan Residual / Non-Terrain
3403100004,FFAS,1.7125057201659473,-0.0073916575305756,1.719897377696523,-1.7125057201659473,-0.0124283995440515,-0.0027769707823178,1.7152826909482652,1.7249341197099988,-1.7125057201659473,-1.7125057201659473,0.0,1.0,0.003,1.0,Residual-constrained,Residual,Positive residual component dominates with bootstrap support,Dominan Residual / Non-Terrain
3403100005,DIS,0.8279571742113946,-0.2729188289918854,1.10087600320328,-0.8279571742113947,-0.3743396065888373,-0.1817969075851125,1.009754081796507,1.2022967808002318,-0.8279571742113947,-0.8279571742113945,0.0,1.0,0.0,1.0,Residual-constrained,Residual,Positive residual component dominates with bootstrap support,Dominan Residual / Non-Terrain
3403100005,FFAS,0.3407651737631842,-0.2193514665624355,0.5601166403256198,-0.3407651737631842,-0.3688195314426726,-0.0824081217484418,0.423173295511626,0.7095847052058569,-0.3407651737631843,-0.3407651737631842,0.0,1.0,0.003,1.0,Residual-constrained,Residual,Positive residual component dominates with bootstrap support,Dominan Residual / Non-Terrain
3403100006,DIS,-1.0386462714580311,-0.2522262563390659,-0.7864200151189654,-0.5341937587798995,-0.3459573599890701,-0.1680131546203264,-0.870633116837705,-0.6926889114689614,-0.7026199622173785,-0.3467315514798913,0.0,1.0,0.0,0.0,No significant dominance,No significant dominance,No positive supply gap,Tidak Ada Dominasi Signifikan
3403100006,FFAS,1.7125057201659473,-0.202720345231922,1.9152260653978688,-1.7125057201659477,-0.3408558142512023,-0.0761599781052902,1.7886656982712374,2.0533615344171494,-1.7125057201659477,-1.712505720165947,0.0,1.0,0.003,1.0,Residual-constrained,Residual,Positive residual component dominates with bootstrap support,Dominan Residual / Non-Terrain
3403100007,DIS,-1.29103501782244,-0.3022746823515332,-0.9887603354709068,-0.6864856531193737,-0.4146045404459912,-0.2013514519894661,-1.0896835658329742,-0.876430477376449,-0.888332113843508,-0.4618259369304578,0.0,1.0,0.0,0.0,No significant dominance,No significant dominance,No positive supply gap,Tidak Ada Dominasi Signifikan
3403100007,FFAS,-2.07087672870691,-0.2429454762187718,-1.827931252488138,-1.5849857762693662,-0.4084907117756611,-0.0912721519314351,-1.9796045767754749,-1.662386016931249,-1.88833242484404,-1.2538953051555877,0.0,1.0,0.003,0.0,No significant dominance,No significant dominance,No positive supply gap,Tidak Ada Dominasi Signifikan
3403100008,DIS,-1.29103501782244,-0.3063604284209654,-0.9846745894014748,-0.6783141609805095,-0.4202086117440495,-0.2040730524130956,-1.0869619654093443,-0.8708264060783907,-0.8828889129962488,-0.4506177943343412,0.0,1.0,0.0,0.0,No significant dominance,No significant dominance,No positive supply gap,Tidak Ada Dominasi Signifikan
3403100008,FFAS,1.5565600469285596,-0.2462292891958468,1.8027893361244065,-1.5565600469285596,-0.4140121444906114,-0.0925058471688311,1.6490658940973908,1.970572191419171,-1.55656004692856,-1.5565600469285594,0.0,1.0,0.003,1.0,Residual-constrained,Residual,Positive residual component dominates with bootstrap support,Dominan Residual / Non-Terrain
3403100009,DIS,-1.0386462714580311,-0.2933487359136301,-0.7452975355444013,-0.4519487996307711,-0.4023615768866794,-0.1954056934440584,-0.8432405780139729,-0.636284694571352,-0.6478348845699144,-0.2339231176846726,0.001,0.999,0.0,0.0,No significant dominance,No significant dominance,No positive supply gap,Tidak Ada Dominasi Signifikan
3403100009,FFAS,0.2593775255293901,-0.2357714770892724,0.4951490026186625,-0.2593775255293902,-0.3964282850274952,-0.0885769532033302,0.3479544787327203,0.6558058105568854,-0.2593775255293902,-0.2593775255293901,0.0,1.0,0.003,1.0,Residual-constrained,Residual,Positive residual component dominates with bootstrap support,Dominan Residual / Non-Terrain
3403100010,DIS,-2.0482012569156662,-0.3774043676357405,-1.6707968892799256,-1.293392521644185,-0.5176535566546513,-0.251396897746958,-1.7968043591687082,-1.530547700261015,-1.54540746142175,-1.012894143606364,0.0,1.0,0.0,0.0,No significant dominance,No significant dominance,No positive supply gap,Tidak Ada Dominasi Signifikan
3403100010,FFAS,-3.200693742664086,-0.3033290221629584,-2.897364720501128,-2.5940356983381694,-0.5100201497639089,-0.1139576378493274,-3.086736104814759,-2.6906735929001773,-2.972778466965431,-2.1806534431362685,0.0,1.0,0.003,0.0,No significant dominance,No significant dominance,No positive supply gap,Tidak Ada Dominasi Signifikan
3403100011,DIS,-1.543423764186849,-0.0885265757866965,-1.4548971884001525,-1.3663706126134556,-0.1214243944804343,-0.0589693931216414,-1.4844543710652074,-1.4219993697064146,-1.425484977943566,-1.3005749752259803,0.0,1.0,0.0,0.0,No significant dominance,No significant dominance,No positive supply gap,Tidak Ada Dominasi Signifikan
3403100011,FFAS,-0.0639336551499908,-0.0711509509999394,0.0072172958499485,0.0639336551499908,-0.1196338498244269,-0.0267306908151055,-0.0372029643348853,0.0557001946744361,-0.0104722735197797,0.0639336551499908,0.928,0.072,0.003,0.622,No significant dominance,No significant dominance,No positive supply gap,Tidak Ada Dominasi Signifikan
3403100012,DIS,-1.29103501782244,0.0296662646812619,-1.320701282503702,-1.29103501782244,0.0197613158409646,0.040690698735462,-1.3317257165579022,-1.3107963336634048,-1.29103501782244,-1.29103501782244,0.0,1.0,1.0,0.0,No significant dominance,No significant dominance,No positive supply gap,Tidak Ada Dominasi Signifikan
3403100012,FFAS,1.7125057201659473,0.0238434947464092,1.688662225419538,-1.6648187306731288,0.0089577592015376,0.0400906668103967,1.6724150533555506,1.7035479609644095,-1.694590201762872,-1.632324386545154,0.0,1.0,0.997,1.0,Residual-constrained,Residual,Positive residual component dominates with bootstrap support,Dominan Residual / Non-Terrain
3403100013,DIS,2.9469493662452293,0.2620520612233431,2.6848973050218863,-2.422845243798544,0.1745583275902331,0.3594345830461438,2.587514783199085,2.7723910386549964,-2.597832711064763,-2.2280802001529416,0.0,1.0,1.0,1.0,Residual-constrained,Residual,Positive residual component dominates with bootstrap support,Dominan Residual / Non-Terrain
3403100013,FFAS,-0.4196631244417899,0.2106175823682672,-0.6302807068100571,-0.4196631244417899,0.0791268900188834,0.3541342998978412,-0.7737974243396312,-0.4987900144606734,-0.41966312444179,-0.4196631244417899,0.0,1.0,0.997,0.0,No significant dominance,No significant dominance,No positive supply gap,Tidak Ada Dominasi Signifikan
3403110001,DIS,0.5755684278469858,0.3349512495922961,0.2406171782546896,0.0943340713376065,0.2231179929672757,0.4594242158445858,0.1161442120023998,0.3524504348797101,-0.1293324419124343,0.3432800038421859,0.748,0.252,1.0,0.999,No significant dominance,No significant dominance,Dominance uncertain at configured bootstrap CI,Tidak Ada Dominasi Signifikan
3403110001,FFAS,1.0266354469645658,0.2692084239712719,0.7574270229932938,-0.4882185990220218,0.1011388750939399,0.4526494686610334,0.5739859783035324,0.9254965718706256,-0.8243576967766859,-0.1213365096424988,0.007,0.993,0.997,1.0,Residual-constrained,Residual,Positive residual component dominates with bootstrap support,Dominan Residual / Non-Terrain
3403110002,DIS,0.8279571742113946,0.1522007969716719,0.6757563772397227,-0.5235555802680508,0.1013841160159096,0.2087609223274849,0.6191962518839096,0.7265730581954849,-0.6251889421795753,-0.4104353295564246,0.0,1.0,1.0,1.0,Residual-constrained,Residual,Positive residual component dominates with bootstrap support,Dominan Residual / Non-Terrain
3403110002,FFAS,0.266207148759591,0.1223274632645458,0.1438796854950452,-0.0215522222304994,0.0459571875395388,0.2056824984617034,0.0605246502978875,0.2202499612200522,-0.1742927736805134,0.1451578481638158,0.439,0.561,0.997,0.998,No significant dominance,No significant dominance,Dominance uncertain at configured bootstrap CI,Tidak Ada Dominasi Signifikan
3403110003,DIS,1.0803459205758037,0.2005610781407412,0.8797848424350622,-0.6792237642943209,0.1335979049983647,0.2750926177045498,0.8052533028712536,0.9467480155774388,-0.8131501105790739,-0.5301606851667039,0.0,1.0,1.0,1.0,Residual-constrained,Residual,Positive residual component dominates with bootstrap support,Dominan Residual / Non-Terrain
3403110003,FFAS,1.0266354469645658,0.1611957913934288,0.865439655571137,-0.7042438641777082,0.0605596242900205,0.2710360554408828,0.7555993915236829,0.9660758226745452,-0.9055161983845248,-0.4845633360828002,0.0,1.0,0.997,1.0,Residual-constrained,Residual,Positive residual component dominates with bootstrap support,Dominan Residual / Non-Terrain
3403110004,DIS,-0.1815978112462405,0.3008337610629746,-0.4824315723092152,-0.1815978112462405,0.2003916243538972,0.4126281509448455,-0.5942259621910861,-0.3819894356001377,-0.1815978112462405,-0.1815978112462404,0.0,1.0,1.0,0.0,No significant dominance,No significant dominance,No positive supply gap,Tidak Ada Dominasi Signifikan
3403110004,FFAS,-1.4356742015527533,0.2417873729137933,-1.6774615744665466,-1.4356742015527533,0.0908370642630023,0.4065434664483416,-1.842217668001095,-1.5265112658157558,-1.4356742015527533,-1.4356742015527533,0.0,1.0,0.997,0.0,No significant dominance,No significant dominance,No positive supply gap,Tidak Ada Dominasi Signifikan
3403110005,DIS,0.8279571742113946,0.787015280040186,0.0409418941712086,0.7460733858689773,0.5242472447285459,1.0794820987540084,-0.2515249245426141,0.3037099294828486,0.2205373152456972,0.8279571742113946,0.997,0.003,1.0,0.604,Terrain-constrained,Terrain,Positive terrain component dominates with bootstrap support,Dominan Medan
3403110005,FFAS,1.1011934719681593,0.6325432236446885,0.4686502483234708,0.1638929753212177,0.2376400750912058,1.0635638731663897,0.0376295988017696,0.8635533968769533,-0.6259133217857475,1.0259342743646198,0.657,0.343,0.997,0.967,No significant dominance,No significant dominance,Dominance uncertain at configured bootstrap CI,Tidak Ada Dominasi Signifikan
3403110006,DIS,1.0803459205758037,0.5888613576139539,0.4914845629618496,0.0973767946521042,0.3922527962105935,0.8076911723490142,0.2726547482267891,0.68809312436521,-0.2958403281546164,0.535036424122225,0.637,0.363,1.0,0.999,No significant dominance,No significant dominance,Dominance uncertain at configured bootstrap CI,Tidak Ada Dominasi Signifikan
3403110006,FFAS,1.0266354469645658,0.4732821215439411,0.5533533254206247,-0.0800712038766835,0.1778072939505623,0.7957808217267853,0.2308546252377804,0.8488281530140034,-0.6710208590634412,0.5649261964890049,0.444,0.556,0.997,0.998,No significant dominance,No significant dominance,Dominance uncertain at configured bootstrap CI,Tidak Ada Dominasi Signifikan
3403110007,DIS,0.8279571742113946,0.2633740474970187,0.5645831267143758,-0.301209079217357,0.1754389301390274,0.3612478394763855,0.4667093347350089,0.6525182440723672,-0.4770793139333398,-0.1054614952586234,0.006,0.994,1.0,1.0,Residual-constrained,Residual,Positive residual component dominates with bootstrap support,Dominan Residual / Non-Terrain
3403110007,FFAS,-0.4196631244417899,0.2116800947239639,-0.6313432191657539,-0.4196631244417899,0.0795260651369698,0.3559208177421091,-0.775583942183899,-0.4991891895787598,-0.41966312444179,-0.4196631244417899,0.0,1.0,0.997,0.0,No significant dominance,No significant dominance,No positive supply gap,Tidak Ada Dominasi Signifikan
3403110008,DIS,0.323179681482577,0.0965328283041001,0.2266468531784768,-0.1301140248743766,0.0643025244207383,0.1324058919047283,0.1907737895778486,0.2588771570618386,-0.1945746326411003,-0.0583678976731203,0.001,0.999,1.0,1.0,Residual-constrained,Residual,Positive residual component dominates with bootstrap support,Dominan Residual / Non-Terrain
3403110008,FFAS,-2.369108828721284,0.0775857698720879,-2.446694598593372,-2.369108828721284,0.0291481870158626,0.1304534122305381,-2.499562240951822,-2.3982570157371463,-2.369108828721284,-2.369108828721284,0.0,1.0,0.997,0.0,No significant dominance,No significant dominance,No positive supply gap,Tidak Ada Dominasi Signifikan
3403110009,DIS,-0.4339865576106493,0.8361374485543962,-1.2701240061650454,-0.4339865576106492,0.556968542715735,1.1468588103730766,-1.5808453679837262,-0.9909551003263845,-0.4339865576106494,-0.4339865576106492,0.0,1.0,1.0,0.0,No significant dominance,No significant dominance,No positive supply gap,Tidak Ada Dominasi Signifikan
3403110009,FFAS,-5.8469153332182895,0.6720238990679276,-6.518939232286217,-5.8469153332182895,0.2524725645109332,1.129947036401337,-6.976862369619627,-6.099387897729223,-5.8469153332182895,-5.8469153332182895,0.0,1.0,0.997,0.0,No significant dominance,No significant dominance,No positive supply gap,Tidak Ada Dominasi Signifikan
3403110010,DIS,0.8279571742113946,0.8217048225027397,0.0062523517086549,0.8154524707940848,0.5473546703632287,1.1270628015078124,-0.299105627296418,0.2806025038481659,0.2667521665150628,0.8279571742113946,0.999,0.001,1.0,0.52,Terrain-constrained,Terrain,Positive terrain component dominates with bootstrap support,Dominan Medan
3403110010,FFAS,-0.2705470744346035,0.6604240482900533,-0.9309711227246568,-0.2705470744346036,0.2481146181969762,1.110442942830653,-1.3809900172652565,-0.5186616926315798,-0.2705470744346036,-0.2705470744346034,0.002,0.998,0.997,0.001,No significant dominance,No significant dominance,No positive supply gap,Tidak Ada Dominasi Signifikan
3403110011,DIS,0.8279571742113946,1.1223019084522683,-0.2943447342408739,0.8279571742113946,0.7475886405021869,1.539366325276204,-0.7114091510648098,0.0803685337092076,0.6672201067929793,0.8279571742113946,1.0,0.0,1.0,0.101,Terrain-constrained,Terrain,Positive terrain component dominates with bootstrap support,Dominan Medan
3403110011,FFAS,0.266207148759591,0.9020211996884424,-0.6358140509288513,0.266207148759591,0.3388802181655005,1.5166665691097851,-1.250459420350194,-0.0726730694059097,0.2662071487595909,0.2662071487595912,0.992,0.008,0.997,0.031,Terrain-constrained,Terrain,Positive terrain component dominates with bootstrap support,Dominan Medan
3403120001,DIS,0.323179681482577,0.5324994713381519,-0.2093197898555749,0.323179681482577,0.3547089716659365,0.7303843540066426,-0.4072046725240658,-0.0315292901833595,0.323179681482577,0.323179681482577,1.0,0.0,1.0,0.025,Terrain-constrained,Terrain,Positive terrain component dominates with bootstrap support,Dominan Medan
3403120001,FFAS,1.7125057201659473,0.4279827097793173,1.28452301038663,-0.8565403006073126,0.1607887642897662,0.7196139828016318,0.9928917373643156,1.551716955876181,-1.390928191586415,-0.2732777545626837,0.004,0.996,0.997,1.0,Residual-constrained,Residual,Positive residual component dominates with bootstrap support,Dominan Residual / Non-Terrain
3403120002,DIS,0.5755684278469858,1.0960673087687869,-0.5204988809218009,0.5755684278469858,0.7301132280808175,1.5033825503171585,-0.9278141224701733,-0.1545448002338316,0.5755684278469858,0.5755684278469858,1.0,0.0,1.0,0.003,Terrain-constrained,Terrain,Positive terrain component dominates with bootstrap support,Dominan Medan
3403120002,FFAS,1.4820020219249663,0.8809358171352978,0.6010662047896685,0.2798696123456292,0.3309586537475238,1.4812134169817743,0.0007886049431919,1.1510433681774423,-0.8200847144299188,1.4803635838990992,0.682,0.318,0.997,0.95,No significant dominance,No significant dominance,Dominance uncertain at configured bootstrap CI,Tidak Ada Dominasi Signifikan
3403120003,DIS,2.6945606198808205,1.489054364678558,1.2055062552022626,0.2835481094762953,0.9918900785431882,2.0424095586301068,0.6521510612507132,1.7026705413376322,-0.7107804627944441,1.3902584973793932,0.66,0.34,1.0,0.999,No significant dominance,No significant dominance,Dominance uncertain at configured bootstrap CI,Tidak Ada Dominasi Signifikan
3403120003,FFAS,2.323817968363735,1.1967890229118228,1.1270289454519122,0.0697600774599105,0.4496215003843786,2.012291841871201,0.3115261264925341,1.874196467979356,-1.424574967594978,1.7007657153786666,0.564,0.436,0.997,0.995,No significant dominance,No significant dominance,Dominance uncertain at configured bootstrap CI,Tidak Ada Dominasi Signifikan
3403120004,DIS,1.0803459205758037,1.2620561908700485,-0.1817102702942448,1.0803459205758037,0.8406818743372341,1.7310554194021812,-0.6507094988263781,0.2396640462385693,0.6010178280986647,1.0803459205758037,1.0,0.0,1.0,0.248,Terrain-constrained,Terrain,Positive terrain component dominates with bootstrap support,Dominan Medan
3403120004,FFAS,2.323817968363735,1.0143450980429685,1.3094728703207663,-0.2951277722777981,0.3810791678051861,1.7055289834357863,0.6182889849279486,1.9427388005585489,-1.561659632753363,1.0872399985078376,0.374,0.626,0.997,0.998,No significant dominance,No significant dominance,Dominance uncertain at configured bootstrap CI,Tidak Ada Dominasi Signifikan
3403120005,DIS,1.0803459205758037,1.3213767767910918,-0.2410308562152883,1.0803459205758037,0.8801965502444185,1.812420435067564,-0.732074514491761,0.2001493703313849,0.6800471799130334,1.0803459205758037,1.0,0.0,1.0,0.2,Terrain-constrained,Terrain,Positive terrain component dominates with bootstrap support,Dominan Medan
3403120005,FFAS,2.323817968363735,1.0620224883028788,1.2617954800608562,-0.1997729917579773,0.3989910798737946,1.7856941768199135,0.5381237915438213,1.92482688848994,-1.525835808616146,1.2475703852760922,0.434,0.566,0.997,0.998,No significant dominance,No significant dominance,Dominance uncertain at configured bootstrap CI,Tidak Ada Dominasi Signifikan
3403120006,DIS,2.9469493662452293,0.7969600589229034,2.149989307322326,-1.3530292483994226,0.5308716687529855,1.0931225083524247,1.8538268578928043,2.416077697492244,-1.8852060287392585,-0.7607043495403799,0.001,0.999,1.0,1.0,Residual-constrained,Residual,Positive residual component dominates with bootstrap support,Dominan Residual / Non-Terrain
3403120006,FFAS,2.323817968363735,0.6405360830623438,1.6832818853013911,-1.0427458022390477,0.2406429113262708,1.0770031389780348,1.2468148293857002,2.0831750570374643,-1.8425321457111927,-0.1698116904076655,0.018,0.982,0.997,1.0,Residual-constrained,Residual,Positive residual component dominates with bootstrap support,Dominan Residual / Non-Terrain
3403120007,DIS,2.6945606198808205,0.8240160214664711,1.8705445984143487,-1.0465285769478785,0.5488942080564407,1.1302328770721386,1.5643277428086817,2.14566641182438,-1.596772203767939,-0.4340948657365432,0.002,0.998,1.0,1.0,Residual-constrained,Residual,Positive residual component dominates with bootstrap support,Dominan Residual / Non-Terrain
3403120007,FFAS,2.323817968363735,0.6622816148203097,1.661536353543425,-0.9992547387231157,0.2488124871065402,1.1135662719245925,1.2102516964391423,2.0750054812571945,-1.8261929941506545,-0.0966854245145499,0.032,0.968,0.997,1.0,Residual-constrained,Residual,Positive residual component dominates with bootstrap support,Dominan Residual / Non-Terrain
3403130001,DIS,0.5755684278469858,-0.1586119179110685,0.7341803457580544,-0.5755684278469858,-0.2175545130779368,-0.1056546969986937,0.6812231248456796,0.7931229409249226,-0.5755684278469859,-0.5755684278469857,0.0,1.0,0.0,1.0,Residual-constrained,Residual,Positive residual component dominates with bootstrap support,Dominan Residual / Non-Terrain
3403130001,FFAS,0.9520774219609726,-0.127480236290725,1.0795576582516977,-0.9520774219609724,-0.2143464174357984,-0.0478930321159989,0.9999704540769716,1.166423839396771,-0.9520774219609728,-0.9520774219609724,0.0,1.0,0.003,1.0,Residual-constrained,Residual,Positive residual component dominates with bootstrap support,Dominan Residual / Non-Terrain
3403130002,DIS,0.5755684278469858,-0.2426462970531371,0.8182147249001229,-0.5755684278469858,-0.3328173424846776,-0.1616317445160608,0.7372001723630467,0.9083857703316636,-0.5755684278469859,-0.5755684278469857,0.0,1.0,0.0,1.0,Residual-constrained,Residual,Positive residual component dominates with bootstrap support,Dominan Residual / Non-Terrain
3403130002,FFAS,-0.2369399841135462,-0.1950207001515916,-0.0419192839619545,0.153101416189637,-0.3279095616671375,-0.0732672995235445,-0.1636726845900017,0.0909695775535912,-0.0904053850664572,0.2369399841135462,0.858,0.142,0.003,0.31,No significant dominance,No significant dominance,No positive supply gap,Tidak Ada Dominasi Signifikan
3403130003,DIS,0.323179681482577,0.4652837650777084,-0.1421040835951315,0.323179681482577,0.3099351919145174,0.6381902714984206,-0.3150105900158437,0.0132444895680595,0.2966907023464578,0.323179681482577,1.0,0.0,1.0,0.069,Terrain-constrained,Terrain,Positive terrain component dominates with bootstrap support,Dominan Medan
3403130003,FFAS,2.323817968363735,0.3739598202677383,1.949858148095997,-1.5758983278282583,0.1404929124961078,0.6287794098257153,1.6950385585380197,2.183325055867627,-2.042832143371519,-1.0662591487123043,0.0,1.0,0.997,1.0,Residual-constrained,Residual,Positive residual component dominates with bootstrap support,Dominan Residual / Non-Terrain
3403130004,DIS,2.9469493662452293,0.2603135524690905,2.686635813776139,-2.4263222613070483,0.1734002707551653,0.3570500180620345,2.5898993481831947,2.773549095490064,-2.6001488247348985,-2.2328493301211605,0.0,1.0,1.0,1.0,Residual-constrained,Residual,Positive residual component dominates with bootstrap support,Dominan Residual / Non-Terrain
3403130004,FFAS,2.323817968363735,0.2092203008165122,2.1145976675472227,-1.9053773667307103,0.0786019455084208,0.3517848981122594,1.972033070251476,2.245216022855314,-2.1666140773468934,-1.620248172139216,0.0,1.0,0.997,1.0,Residual-constrained,Residual,Positive residual component dominates with bootstrap support,Dominan Residual / Non-Terrain
3403130005,DIS,0.8279571742113946,-0.1153249197380259,0.9432820939494204,-0.8279571742113946,-0.1581814096304269,-0.0768203273233954,0.90477750153479,0.9861385838418216,-0.8279571742113947,-0.8279571742113945,0.0,1.0,0.0,1.0,Residual-constrained,Residual,Positive residual component dominates with bootstrap support,Dominan Residual / Non-Terrain
3403130005,FFAS,2.323817968363735,-0.092689428461835,2.41650739682557,-2.323817968363735,-0.1558488398127606,-0.0348224783958863,2.358640446759621,2.4796668081764954,-2.323817968363735,-2.323817968363735,0.0,1.0,0.003,1.0,Residual-constrained,Residual,Positive residual component dominates with bootstrap support,Dominan Residual / Non-Terrain
3403130006,DIS,-1.0386462714580311,0.90675049799702,-1.945396769455052,-1.0386462714580316,0.6040053634116254,1.2437127403347057,-2.282359011792737,-1.6426516348696567,-1.0386462714580316,-1.0386462714580311,0.0,1.0,1.0,0.0,No significant dominance,No significant dominance,No positive supply gap,Tidak Ada Dominasi Signifikan
3403130006,FFAS,2.323817968363735,0.7287773154991032,1.5950406528646317,-0.8662633373655285,0.273794247580552,1.2253727419320504,1.0984452264316846,2.050023720783183,-1.776229473202631,0.1269275155003656,0.081,0.919,0.997,1.0,No significant dominance,No significant dominance,Dominance uncertain at configured bootstrap CI,Tidak Ada Dominasi Signifikan
3403130007,DIS,0.5755684278469858,0.7394371054685184,-0.1638686776215325,0.5755684278469858,0.4925544332152333,1.014223152652116,-0.4386547248051303,0.0830139946317524,0.4095404385834809,0.5755684278469858,1.0,0.0,1.0,0.146,Terrain-constrained,Terrain,Positive terrain component dominates with bootstrap support,Dominan Medan
3403130007,FFAS,2.323817968363735,0.5943034935124405,1.7295144748512945,-1.135210981338854,0.2232737962340326,0.9992672465201502,1.3245507218435848,2.1005441721297022,-1.8772703758956693,-0.3252834753234346,0.005,0.995,0.997,1.0,Residual-constrained,Residual,Positive residual component dominates with bootstrap support,Dominan Residual / Non-Terrain
3403140001,DIS,0.8279571742113946,-0.1907580448875795,1.018715219098974,-0.8279571742113946,-0.2616466285622069,-0.1270679006855007,0.9550250748968953,1.0896038027736017,-0.8279571742113947,-0.8279571742113945,0.0,1.0,0.0,1.0,Residual-constrained,Residual,Positive residual component dominates with bootstrap support,Dominan Residual / Non-Terrain
3403140001,FFAS,1.0266354469645658,-0.1533168563680067,1.1799523033325725,-1.0266354469645658,-0.2577883431283859,-0.0575995882939164,1.0842350352584822,1.2844237900929516,-1.0266354469645658,-1.0266354469645655,0.0,1.0,0.003,1.0,Residual-constrained,Residual,Positive residual component dominates with bootstrap support,Dominan Residual / Non-Terrain
3403140002,DIS,0.8279571742113946,0.0200902774940368,0.8078668967173578,-0.787776619223321,0.013382551634249,0.0275561294219166,0.800401044789478,0.8145746225771455,-0.8011920709428966,-0.7728449153675614,0.0,1.0,1.0,1.0,Residual-constrained,Residual,Positive residual component dominates with bootstrap support,Dominan Residual / Non-Terrain
3403140002,FFAS,1.6379476951623535,0.0161470421379182,1.6218006530244355,-1.6056536108865174,0.0060662799990901,0.0271497820772353,1.6107979130851184,1.6318814151632637,-1.6258151351641734,-1.5836481310078832,0.0,1.0,0.997,1.0,Residual-constrained,Residual,Positive residual component dominates with bootstrap support,Dominan Residual / Non-Terrain
3403140003,DIS,0.323179681482577,0.3139370137191694,0.0092426677634075,0.3046943459557618,0.2091199734421656,0.4306007710915482,-0.1074210896089714,0.1140597080404113,0.0950602654017543,0.323179681482577,0.997,0.003,1.0,0.567,Terrain-constrained,Terrain,Positive terrain component dominates with bootstrap support,Dominan Medan
3403140003,FFAS,1.2907462355266042,0.2523187741274484,1.0384274613991558,-0.7861086872717074,0.0947936049098347,0.4242510592988752,0.866495176227729,1.1959526306167694,-1.1011590257069344,-0.4422441169288538,0.0,1.0,0.997,1.0,Residual-constrained,Residual,Positive residual component dominates with bootstrap support,Dominan Residual / Non-Terrain
3403140004,DIS,0.8279571742113946,0.7213296855653635,0.1066274886460311,0.6147021969193324,0.4804927042575858,0.989386740785907,-0.1614295665745127,0.3474644699538087,0.133028234303777,0.8279571742113946,0.987,0.013,1.0,0.766,Terrain-constrained,Terrain,Positive terrain component dominates with bootstrap support,Dominan Medan
3403140004,FFAS,2.323817968363735,0.5797501219986819,1.744067846365053,-1.164317724366371,0.2178062421285088,0.9747970765835942,1.3490208917801407,2.106011726235226,-1.8882054841067173,-0.3742238151965465,0.004,0.996,0.997,1.0,Residual-constrained,Residual,Positive residual component dominates with bootstrap support,Dominan Residual / Non-Terrain
3403140005,DIS,-1.543423764186849,0.1034039393219609,-1.64682770350881,-1.543423764186849,0.0688795143606968,0.1418304120258033,-1.6852541762126525,-1.6123032785475455,-1.543423764186849,-1.543423764186849,0.0,1.0,1.0,0.0,No significant dominance,No significant dominance,No positive supply gap,Tidak Ada Dominasi Signifikan
3403140005,FFAS,2.323817968363735,0.0831082480545145,2.240709720309221,-2.157601472254706,0.0312229260706889,0.1397389567840558,2.184079011579679,2.2925950422930463,-2.261372116222357,-2.044340054795623,0.0,1.0,0.997,1.0,Residual-constrained,Residual,Positive residual component dominates with bootstrap support,Dominan Residual / Non-Terrain
3403140006,DIS,0.8279571742113946,0.9431845619853966,-0.1152273877740019,0.8279571742113946,0.62827485111356,1.2936862552813309,-0.4657290810699365,0.1996823230978345,0.4285925280157254,0.8279571742113946,1.0,0.0,1.0,0.282,Terrain-constrained,Terrain,Positive terrain component dominates with bootstrap support,Dominan Medan
3403140006,FFAS,0.9520774219609726,0.7580602543062225,0.19401716765475,0.5640430866514724,0.2847955507593588,1.2746093389758733,-0.3225319170149007,0.6672818712016136,-0.3824863204422549,0.9520774219609726,0.846,0.154,0.997,0.733,No significant dominance,No significant dominance,Dominance uncertain at configured bootstrap CI,Tidak Ada Dominasi Signifikan
3403150001,DIS,0.8279571742113946,-0.0892889992380094,0.917246173449404,-0.8279571742113946,-0.122470146053797,-0.0594772592378454,0.8874344334492401,0.9504273202651916,-0.8279571742113947,-0.8279571742113945,0.0,1.0,0.0,1.0,Residual-constrained,Residual,Positive residual component dominates with bootstrap support,Dominan Residual / Non-Terrain
3403150001,FFAS,1.7125057201659473,-0.0717637291757979,1.7842694493417453,-1.7125057201659473,-0.1206641805682339,-0.0269609053621624,1.7394666255281095,1.8331699007341813,-1.7125057201659473,-1.7125057201659473,0.0,1.0,0.003,1.0,Residual-constrained,Residual,Positive residual component dominates with bootstrap support,Dominan Residual / Non-Terrain
3403150002,DIS,0.8279571742113946,-0.3052030425044724,1.133160216715867,-0.8279571742113945,-0.4186211236610477,-0.2033020935852339,1.0312592677966284,1.2465782978724422,-0.8279571742113947,-0.8279571742113945,0.0,1.0,0.0,1.0,Residual-constrained,Residual,Positive residual component dominates with bootstrap support,Dominan Residual / Non-Terrain
3403150002,FFAS,2.323817968363735,-0.2452990701299831,2.5691170384937183,-2.323817968363735,-0.4124480657753537,-0.0921563732982718,2.415974341662007,2.7362660341390885,-2.323817968363735,-2.323817968363735,0.0,1.0,0.003,1.0,Residual-constrained,Residual,Positive residual component dominates with bootstrap support,Dominan Residual / Non-Terrain
3403150003,DIS,0.323179681482577,0.3195891541780559,0.003590527304521,0.3159986268735349,0.2128849817431972,0.4383533326996275,-0.1151736512170506,0.1102946997393797,0.1025902820038175,0.323179681482577,0.999,0.001,1.0,0.531,Terrain-constrained,Terrain,Positive terrain component dominates with bootstrap support,Dominan Medan
3403150003,FFAS,-3.143196373386661,0.2568615361767114,-3.400057909563372,-3.143196373386661,0.096500274547821,0.4318893003223873,-3.575085673709048,-3.239696647934482,-3.143196373386661,-3.143196373386661,0.0,1.0,0.997,0.0,No significant dominance,No significant dominance,No positive supply gap,Tidak Ada Dominasi Signifikan
3403150004,DIS,0.8279571742113946,0.4992033733322227,0.3287538008791718,0.1704495724530509,0.3325297483617477,0.6847149208109817,0.1432422534004126,0.4954274258496469,-0.1628976774878992,0.541472667410569,0.785,0.215,1.0,0.999,No significant dominance,No significant dominance,Dominance uncertain at configured bootstrap CI,Tidak Ada Dominasi Signifikan
3403150004,FFAS,2.323817968363735,0.4012218301603288,1.9225961382034065,-1.5213743080430775,0.1507349731740853,0.6746179987913777,1.6491999695723574,2.1730829951896493,-2.022348022015564,-0.9745819707809796,0.0,1.0,0.997,1.0,Residual-constrained,Residual,Positive residual component dominates with bootstrap support,Dominan Residual / Non-Terrain
3403150005,DIS,1.0803459205758037,0.9280047424675834,0.1523411781082201,0.7756635643593632,0.6181632576546835,1.2728653845214144,-0.1925194639456111,0.46218266292112,0.1559805947335635,1.0803459205758037,0.984,0.016,1.0,0.793,Terrain-constrained,Terrain,Positive terrain component dominates with bootstrap support,Dominan Medan
3403150005,FFAS,0.9520774219609726,0.7458598660600734,0.2062175559008991,0.5396423101591742,0.2802119886080624,1.2540954962973576,-0.3020180743363851,0.6718654333529099,-0.3916534447448477,0.9520774219609726,0.842,0.158,0.997,0.742,No significant dominance,No significant dominance,Dominance uncertain at configured bootstrap CI,Tidak Ada Dominasi Signifikan
3403150006,DIS,0.5755684278469858,0.3102162831124366,0.2653521447345491,0.0448641383778875,0.2066415174090665,0.4254973605401686,0.1500710673068171,0.3689269104379192,-0.1622853930288527,0.2754262932333514,0.616,0.384,1.0,0.999,No significant dominance,No significant dominance,Dominance uncertain at configured bootstrap CI,Tidak Ada Dominasi Signifikan
3403150006,FFAS,2.323817968363735,0.24932833290987,2.074489635453865,-1.8251613025439948,0.0936701264676716,0.4192229045025626,1.9045950638611724,2.230147841896063,-2.136477715428392,-1.4853721593586098,0.0,1.0,0.997,1.0,Residual-constrained,Residual,Positive residual component dominates with bootstrap support,Dominan Residual / Non-Terrain
3403150007,DIS,-1.0386462714580311,-0.1988270209709352,-0.839819250487096,-0.6409922295161607,-0.2727141585812072,-0.1324428134562715,-0.9062034580017598,-0.7659321128768242,-0.7737606445454882,-0.493217954295617,0.0,1.0,0.0,0.0,No significant dominance,No significant dominance,No positive supply gap,Tidak Ada Dominasi Signifikan
3403150007,FFAS,1.770003089443373,-0.1598020876878066,1.9298051771311795,-1.770003089443373,-0.2686926694780122,-0.0600360239400704,1.8300391133834435,2.038695758921385,-1.7700030894433731,-1.7700030894433727,0.0,1.0,0.003,1.0,Residual-constrained,Residual,Positive residual component dominates with bootstrap support,Dominan Residual / Non-Terrain
3403150008,DIS,1.0803459205758037,-0.3093307786766556,1.3896766992524592,-1.0803459205758037,-0.4242827892211162,-0.206051664489528,1.2863975850653315,1.5046287097969198,-1.0803459205758037,-1.0803459205758037,0.0,1.0,0.0,1.0,Residual-constrained,Residual,Positive residual component dominates with bootstrap support,Dominan Residual / Non-Terrain
3403150008,FFAS,1.7125057201659473,-0.2486166315686559,1.961122351734604,-1.7125057201659473,-0.4180262434575862,-0.0934027474904784,1.8059084676564257,2.1305319636235334,-1.7125057201659477,-1.712505720165947,0.0,1.0,0.003,1.0,Residual-constrained,Residual,Positive residual component dominates with bootstrap support,Dominan Residual / Non-Terrain
3403150009,DIS,0.323179681482577,-0.2791669111941791,0.602346592676756,-0.323179681482577,-0.3829095709338436,-0.1859588850745745,0.5091385665571515,0.7060892524164206,-0.323179681482577,-0.3231796814825769,0.0,1.0,0.0,1.0,Residual-constrained,Residual,Positive residual component dominates with bootstrap support,Dominan Residual / Non-Terrain
3403150009,FFAS,2.323817968363735,-0.2243732014106255,2.5481911697743604,-2.323817968363735,-0.377263121644116,-0.0842947366101676,2.4081127049739024,2.701081090007851,-2.323817968363735,-2.323817968363735,0.0,1.0,0.003,1.0,Residual-constrained,Residual,Positive residual component dominates with bootstrap support,Dominan Residual / Non-Terrain
3403150010,DIS,0.5755684278469858,0.2599132719226878,0.315655155924298,-0.0557418840016101,0.1731336355590108,0.3565009871915041,0.2190674406554816,0.4024347922879749,-0.2293011567289641,0.1374335465360223,0.304,0.696,1.0,1.0,No significant dominance,No significant dominance,Dominance uncertain at configured bootstrap CI,Tidak Ada Dominasi Signifikan
3403150010,FFAS,2.323817968363735,0.208898585655949,2.114919382707786,-1.9060207970518368,0.0784810803848112,0.3512439633437966,1.9725740050199383,2.245336887978924,-2.166855807594113,-1.621330041676142,0.0,1.0,0.997,1.0,Residual-constrained,Residual,Positive residual component dominates with bootstrap support,Dominan Residual / Non-Terrain
3404010001,DIS,0.8279571742113946,-0.2464386991756988,1.0743958733870933,-0.8279571742113945,-0.3380190587745736,-0.1641579424363275,0.992115116647722,1.1659762329859682,-0.8279571742113947,-0.8279571742113945,0.0,1.0,0.0,1.0,Residual-constrained,Residual,Positive residual component dominates with bootstrap support,Dominan Residual / Non-Terrain
3404010001,FFAS,2.323817968363735,-0.1980687455006471,2.521886713864382,-2.323817968363735,-0.333034572568921,-0.0744124192537937,2.3982303876175286,2.656852540932656,-2.323817968363735,-2.323817968363735,0.0,1.0,0.003,1.0,Residual-constrained,Residual,Positive residual component dominates with bootstrap support,Dominan Residual / Non-Terrain
3404010002,DIS,0.5755684278469858,-0.371775261021026,0.9473436888680118,-0.5755684278469858,-0.5099325886167094,-0.2476472327685389,0.8232156606155248,1.085501016463695,-0.5755684278469859,-0.5755684278469857,0.0,1.0,0.0,1.0,Residual-constrained,Residual,Positive residual component dominates with bootstrap support,Dominan Residual / Non-Terrain
3404010002,FFAS,1.1011934719681593,-0.2988047729715966,1.399998244939756,-1.1011934719681593,-0.5024130364264058,-0.1122579233043329,1.213451395272492,1.603606508394565,-1.1011934719681595,-1.101193471968159,0.0,1.0,0.003,1.0,Residual-constrained,Residual,Positive residual component dominates with bootstrap support,Dominan Residual / Non-Terrain
3404010003,DIS,0.323179681482577,-0.3517671309518103,0.6749468124343874,-0.323179681482577,-0.482489133849024,-0.2343194012422933,0.5574990827248703,0.805668815331601,-0.323179681482577,-0.3231796814825769,0.0,1.0,0.0,1.0,Residual-constrained,Residual,Positive residual component dominates with bootstrap support,Dominan Residual / Non-Terrain
3404010003,FFAS,0.3743722640842417,-0.2827237547066937,0.6570960187909354,-0.3743722640842416,-0.4753742674838951,-0.1062164478048481,0.4805887118890897,0.8497465315681368,-0.3743722640842417,-0.3743722640842416,0.0,1.0,0.003,1.0,Residual-constrained,Residual,Positive residual component dominates with bootstrap support,Dominan Residual / Non-Terrain
3404010004,DIS,0.5755684278469858,-0.1704501135851375,0.7460185414321233,-0.5755684278469858,-0.2337919618744229,-0.1135403653231654,0.6891087931701512,0.8093603897214087,-0.5755684278469859,-0.5755684278469857,0.0,1.0,0.0,1.0,Residual-constrained,Residual,Positive residual component dominates with bootstrap support,Dominan Residual / Non-Terrain
3404010004,FFAS,1.7125057201659473,-0.1369948805977959,1.8495006007637431,-1.712505720165947,-0.2303444260662935,-0.0514675875030131,1.7639733076689603,1.942850146232241,-1.7125057201659477,-1.712505720165947,0.0,1.0,0.003,1.0,Residual-constrained,Residual,Positive residual component dominates with bootstrap support,Dominan Residual / Non-Terrain
3404020001,DIS,0.5755684278469858,-0.286905121067786,0.8624735489147719,-0.5755684278469859,-0.3935234170011445,-0.1911134675944495,0.7666818954414354,0.9690918448481304,-0.5755684278469859,-0.5755684278469857,0.0,1.0,0.0,1.0,Residual-constrained,Residual,Positive residual component dominates with bootstrap support,Dominan Residual / Non-Terrain
3404020001,FFAS,2.323817968363735,-0.2305925879242401,2.554410556287975,-2.323817968363735,-0.3877204541423205,-0.0866312970583225,2.410449265422057,2.7115384225060555,-2.323817968363735,-2.323817968363735,0.0,1.0,0.003,1.0,Residual-constrained,Residual,Positive residual component dominates with bootstrap support,Dominan Residual / Non-Terrain
3404020002,DIS,0.5755684278469858,-0.3257933349718019,0.9013617628187878,-0.5755684278469859,-0.4468630812065947,-0.2170177155914562,0.7925861434384421,1.0224315090535805,-0.5755684278469859,-0.5755684278469857,0.0,1.0,0.0,1.0,Residual-constrained,Residual,Positive residual component dominates with bootstrap support,Dominan Residual / Non-Terrain
3404020002,FFAS,3.0096882415651165,-0.2618479864005878,3.2715362279657043,-3.0096882415651165,-0.4402735626387226,-0.0983736333339807,3.1080618748990974,3.449961804203839,-3.0096882415651165,-3.0096882415651165,0.0,1.0,0.003,1.0,Residual-constrained,Residual,Positive residual component dominates with bootstrap support,Dominan Residual / Non-Terrain
3404020003,DIS,0.323179681482577,-0.3195712143201573,0.6427508958027344,-0.323179681482577,-0.4383287261183491,-0.2128730316307754,0.5360527131133525,0.761508407600926,-0.323179681482577,-0.3231796814825769,0.0,1.0,0.0,1.0,Residual-constrained,Residual,Positive residual component dominates with bootstrap support,Dominan Residual / Non-Terrain
3404020003,FFAS,0.4728205680442037,-0.2568471174788351,0.7296676855230388,-0.4728205680442037,-0.4318650565939178,-0.0964948575892355,0.5693154256334393,0.9046856246381216,-0.4728205680442038,-0.4728205680442037,0.0,1.0,0.003,1.0,Residual-constrained,Residual,Positive residual component dominates with bootstrap support,Dominan Residual / Non-Terrain
3404020004,DIS,0.5755684278469858,-0.2347974197642487,0.8103658476112345,-0.5755684278469858,-0.322051703311523,-0.156403444129438,0.7319718719764239,0.8976201311585087,-0.5755684278469859,-0.5755684278469857,0.0,1.0,0.0,1.0,Residual-constrained,Residual,Positive residual component dominates with bootstrap support,Dominan Residual / Non-Terrain
3404020004,FFAS,0.266207148759591,-0.1887123675585427,0.4549195163181337,-0.266207148759591,-0.3173026744298889,-0.0708973229352655,0.3371044716948566,0.58350982318948,-0.2662071487595911,-0.266207148759591,0.0,1.0,0.003,1.0,Residual-constrained,Residual,Positive residual component dominates with bootstrap support,Dominan Residual / Non-Terrain
3404020005,DIS,0.8279571742113946,-0.1077232591633334,0.935680433374728,-0.8279571742113945,-0.1477548566532526,-0.0717567031311933,0.8997138773425879,0.9757120308646472,-0.8279571742113947,-0.8279571742113945,0.0,1.0,0.0,1.0,Residual-constrained,Residual,Positive residual component dominates with bootstrap support,Dominan Residual / Non-Terrain
3404020005,FFAS,1.1586908412455852,-0.0865797899237837,1.2452706311693689,-1.1586908412455852,-0.145576038549101,-0.0325271491492984,1.1912179903948836,1.3042668797946864,-1.1586908412455852,-1.1586908412455852,0.0,1.0,0.003,1.0,Residual-constrained,Residual,Positive residual component dominates with bootstrap support,Dominan Residual / Non-Terrain
3404030001,DIS,0.0707909351181681,-0.3684191308033158,0.439210065921484,-0.0707909351181682,-0.5053292694906557,-0.2454116446367623,0.3162025797549305,0.5761202046088237,-0.0707909351181682,-0.0707909351181681,0.0,1.0,0.0,1.0,Residual-constrained,Residual,Positive residual component dominates with bootstrap support,Dominan Residual / Non-Terrain
3404030001,FFAS,1.7125057201659473,-0.2961073699087573,2.008613090074705,-1.7125057201659473,-0.497877598622687,-0.1112445363254781,1.8237502564914247,2.2103833187886344,-1.7125057201659477,-1.712505720165947,0.0,1.0,0.003,1.0,Residual-constrained,Residual,Positive residual component dominates with bootstrap support,Dominan Residual / Non-Terrain
3404030002,DIS,-0.1815978112462405,-0.1782352464291631,-0.0033625648170773,0.1748726816120857,-0.2444701681998685,-0.1187262042094418,-0.0628716070367987,0.062872356953628,0.0558545971726431,0.1815978112462405,0.998,0.002,0.0,0.454,No significant dominance,No significant dominance,No positive supply gap,Tidak Ada Dominasi Signifikan
3404030002,FFAS,1.7125057201659473,-0.1432519802381112,1.8557577004040584,-1.712505720165947,-0.2408651697553919,-0.0538183163904558,1.7663240365564032,1.9533708899213391,-1.7125057201659477,-1.712505720165947,0.0,1.0,0.003,1.0,Residual-constrained,Residual,Positive residual component dominates with bootstrap support,Dominan Residual / Non-Terrain
3404030003,DIS,0.323179681482577,-0.3566846856285536,0.6798643671111306,-0.323179681482577,-0.4892341264531287,-0.2375950866774643,0.5607747681600412,0.8124138079357056,-0.323179681482577,-0.3231796814825769,0.0,1.0,0.0,1.0,Residual-constrained,Residual,Positive residual component dominates with bootstrap support,Dominan Residual / Non-Terrain
3404030003,FFAS,0.6048759623252228,-0.2866761123883862,0.891552074713609,-0.6048759623252227,-0.482019797286363,-0.1077013085086793,0.712577270833902,1.0868957596115858,-0.6048759623252229,-0.6048759623252227,0.0,1.0,0.003,1.0,Residual-constrained,Residual,Positive residual component dominates with bootstrap support,Dominan Residual / Non-Terrain
3404030004,DIS,0.5755684278469858,-0.3428651149438421,0.918433542790828,-0.5755684278469857,-0.4702789936304852,-0.2283895832539202,0.803958011100906,1.045847421477471,-0.5755684278469859,-0.5755684278469857,0.0,1.0,0.0,1.0,Residual-constrained,Residual,Positive residual component dominates with bootstrap support,Dominan Residual / Non-Terrain
3404030004,FFAS,1.4820020219249663,-0.2755689890427675,1.7575710109677338,-1.4820020219249663,-0.4633441800579682,-0.1035284748947304,1.5855304968196966,1.9453462019829344,-1.4820020219249663,-1.4820020219249663,0.0,1.0,0.003,1.0,Residual-constrained,Residual,Positive residual component dominates with bootstrap support,Dominan Residual / Non-Terrain
3404030005,DIS,0.5755684278469858,-0.3614493508500956,0.9370177786970816,-0.5755684278469858,-0.4957694135608299,-0.2407689292670513,0.8163373571140371,1.0713378414078156,-0.5755684278469859,-0.5755684278469857,0.0,1.0,0.0,1.0,Residual-constrained,Residual,Positive residual component dominates with bootstrap support,Dominan Residual / Non-Terrain
3404030005,FFAS,1.7125057201659473,-0.2905055891155319,2.0030113092814794,-1.7125057201659477,-0.488458713945142,-0.1091400040839086,1.821645724249856,2.200964434111089,-1.7125057201659477,-1.712505720165947,0.0,1.0,0.003,1.0,Residual-constrained,Residual,Positive residual component dominates with bootstrap support,Dominan Residual / Non-Terrain
3404040001,DIS,0.8279571742113946,-0.0556878859376688,0.8836450601490634,-0.8279571742113946,-0.0763823492526079,-0.0370948589029805,0.8650520331143752,0.9043395234640026,-0.8279571742113946,-0.8279571742113945,0.0,1.0,0.0,1.0,Residual-constrained,Residual,Positive residual component dominates with bootstrap support,Dominan Residual / Non-Terrain
3404040001,FFAS,2.3983759933673285,-0.0447577013843646,2.443133694751693,-2.3983759933673285,-0.0752560022129315,-0.0168150145639134,2.415191007931242,2.47363199558026,-2.3983759933673285,-2.3983759933673285,0.0,1.0,0.003,1.0,Residual-constrained,Residual,Positive residual component dominates with bootstrap support,Dominan Residual / Non-Terrain
3404040002,DIS,-0.1815978112462405,-0.3726511779446403,0.1910533666983997,0.1815978112462405,-0.5111340095586117,-0.2482306992468422,0.0666328880006017,0.329536198312371,0.1815978112462405,0.1815978112462405,1.0,0.0,0.0,1.0,No significant dominance,No significant dominance,No positive supply gap,Tidak Ada Dominasi Signifikan
3404040002,FFAS,0.3168748948068159,-0.2995087685972973,0.6163836634041133,-0.3168748948068159,-0.5035967410119173,-0.1125224073223443,0.4293973021291602,0.8204716358187333,-0.316874894806816,-0.3168748948068159,0.0,1.0,0.003,1.0,Residual-constrained,Residual,Positive residual component dominates with bootstrap support,Dominan Residual / Non-Terrain
3404040003,DIS,0.323179681482577,-0.3594918992176433,0.6826715807002203,-0.323179681482577,-0.4930845432031651,-0.2394650300276996,0.5626447115102766,0.8162642246857419,-0.323179681482577,-0.3231796814825769,0.0,1.0,0.0,1.0,Residual-constrained,Residual,Positive residual component dominates with bootstrap support,Dominan Residual / Non-Terrain
3404040003,FFAS,2.323817968363735,-0.2889323378748994,2.6127503062386346,-2.323817968363735,-0.4858134351398301,-0.1085489495456795,2.4323669179094147,2.809631403503565,-2.323817968363735,-2.323817968363735,0.0,1.0,0.003,1.0,Residual-constrained,Residual,Positive residual component dominates with bootstrap support,Dominan Residual / Non-Terrain
3404040004,DIS,0.0707909351181681,-0.3771725183877256,0.4479634535058937,-0.0707909351181681,-0.517335548708441,-0.2512424581413407,0.3220333932595089,0.588126483826609,-0.0707909351181682,-0.0707909351181681,0.0,1.0,0.0,1.0,Residual-constrained,Residual,Positive residual component dominates with bootstrap support,Dominan Residual / Non-Terrain
3404040004,FFAS,-1.5761780452603886,-0.3031426793123704,-1.2730353659480182,-0.969892686635648,-0.509706831216654,-0.1138876307298909,-1.4622904145304978,-1.066471214043735,-1.3484027838006072,-0.5567643828270806,0.0,1.0,0.003,0.0,No significant dominance,No significant dominance,No positive supply gap,Tidak Ada Dominasi Signifikan
3404040005,DIS,0.8279571742113946,-0.3913592974766874,1.219316471688082,-0.8279571742113945,-0.536794350149666,-0.2606925667193864,1.0886497409307812,1.3647515243610604,-0.8279571742113947,-0.8279571742113945,0.0,1.0,0.0,1.0,Residual-constrained,Residual,Positive residual component dominates with bootstrap support,Dominan Residual / Non-Terrain
3404040005,FFAS,-0.7554447498729344,-0.3145449369376719,-0.4408998129352625,-0.1263548759975905,-0.5288786898810015,-0.1181713433000345,-0.6372734065729,-0.226566059991933,-0.5191020632728656,0.3023126298890684,0.325,0.675,0.003,0.001,No significant dominance,No significant dominance,No positive supply gap,Tidak Ada Dominasi Signifikan
3404040006,DIS,0.0707909351181681,-0.4076505250057172,0.4784414601238853,-0.0707909351181681,-0.5591396450001269,-0.2715444921672679,0.3423354272854361,0.629930580118295,-0.0707909351181682,-0.0707909351181681,0.0,1.0,0.0,1.0,Residual-constrained,Residual,Positive residual component dominates with bootstrap support,Dominan Residual / Non-Terrain
3404040006,FFAS,0.3743722640842417,-0.3276385906947062,0.7020108547789479,-0.3743722640842416,-0.5508944772346156,-0.1230904962459962,0.4974627603302379,0.9252667413188572,-0.3743722640842417,-0.3743722640842416,0.0,1.0,0.003,1.0,Residual-constrained,Residual,Positive residual component dominates with bootstrap support,Dominan Residual / Non-Terrain
3404040007,DIS,-0.1815978112462405,-0.4235371902507322,0.2419393790044917,0.1815978112462405,-0.580930036083786,-0.2821269302645289,0.1005291190182884,0.3993322248375454,0.1815978112462405,0.1815978112462405,1.0,0.0,0.0,1.0,No significant dominance,No significant dominance,No positive supply gap,Tidak Ada Dominasi Signifikan
3404040007,FFAS,2.323817968363735,-0.3404070879550551,2.66422505631879,-2.323817968363735,-0.572363543526217,-0.1278874911932626,2.451705459556998,2.896181511889952,-2.323817968363735,-2.323817968363735,0.0,1.0,0.003,1.0,Residual-constrained,Residual,Positive residual component dominates with bootstrap support,Dominan Residual / Non-Terrain
3404050001,DIS,-0.1815978112462405,-0.2417689151703412,0.0601711039241007,0.1815978112462405,-0.3316139121825355,-0.1610473021979816,-0.0205505090482589,0.1500161009362949,0.1404967931497227,0.1815978112462405,1.0,0.0,0.0,0.884,No significant dominance,No significant dominance,No positive supply gap,Tidak Ada Dominasi Signifikan
3404050001,FFAS,0.2593775255293901,-0.1943155271027497,0.4536930526321399,-0.2593775255293902,-0.326723877351752,-0.0730023731595981,0.3323798986889882,0.5861014028811422,-0.2593775255293902,-0.2593775255293901,0.0,1.0,0.003,1.0,Residual-constrained,Residual,Positive residual component dominates with bootstrap support,Dominan Residual / Non-Terrain
3404050002,DIS,-1.9483190357971023,-0.2937902039411469,-1.6545288318559557,-1.3607386279148088,-0.4029671011312053,-0.1956997644779139,-1.7526192713191886,-1.5453519346658977,-1.556919506841275,-1.1423848335346922,0.0,1.0,0.0,0.0,No significant dominance,No significant dominance,No positive supply gap,Tidak Ada Dominasi Signifikan
3404050002,FFAS,-3.334452159785022,-0.2361262956250031,-3.0983258641600187,-2.8621995685350154,-0.3970248801091066,-0.0887102549293197,-3.245741904855702,-2.937427279675916,-3.157031649926383,-2.540402399566809,0.0,1.0,0.003,0.0,No significant dominance,No significant dominance,No positive supply gap,Tidak Ada Dominasi Signifikan
3404050003,DIS,-2.45309652852592,-0.4012287917794169,-2.051867736746503,-1.6506389449670862,-0.5503314982759479,-0.2672668421194851,-2.185829686406435,-1.9027650302499723,-1.9185628442869496,-1.3524335319740248,0.0,1.0,0.0,0.0,No significant dominance,No significant dominance,No positive supply gap,Tidak Ada Dominasi Signifikan
3404050003,FFAS,-6.870101861403727,-0.3224772883167616,-6.547624573086965,-6.225147284770204,-0.5422162169316435,-0.121151447278566,-6.748950414125161,-6.327885644472084,-6.627798966846594,-5.78566942754044,0.0,1.0,0.003,0.0,No significant dominance,No significant dominance,No positive supply gap,Tidak Ada Dominasi Signifikan
3404050004,DIS,0.0707909351181681,-0.4391807468616192,0.5099716819797874,-0.0707909351181682,-0.602386975676414,-0.2925474286449337,0.3633383637631019,0.673177910794582,-0.0707909351181682,-0.0707909351181681,0.0,1.0,0.0,1.0,Residual-constrained,Residual,Positive residual component dominates with bootstrap support,Dominan Residual / Non-Terrain
3404050004,FFAS,-6.390845007486958,-0.3529801929237583,-6.0378648145632,-5.6848846216394415,-0.5935040754588664,-0.1326110792378491,-6.258233928249109,-5.797340932028091,-6.12562284901126,-5.203836856569225,0.0,1.0,0.003,0.0,No significant dominance,No significant dominance,No positive supply gap,Tidak Ada Dominasi Signifikan
3404050005,DIS,-1.6959302894326935,-0.4447630905829187,-1.2511671988497748,-0.806404108266856,-0.610043803020258,-0.2962659438875724,-1.3996643455451212,-1.0858864864124358,-1.1033984016575489,-0.4758426833921779,0.001,0.999,0.0,0.0,No significant dominance,No significant dominance,No positive supply gap,Tidak Ada Dominasi Signifikan
3404050005,FFAS,0.4153231987667778,-0.3574668576461804,0.7727900564129584,-0.4153231987667779,-0.601047993931794,-0.134296673678972,0.5496198724457498,1.016371192698572,-0.4153231987667779,-0.4153231987667778,0.0,1.0,0.003,1.0,Residual-constrained,Residual,Positive residual component dominates with bootstrap support,Dominan Residual / Non-Terrain
3404060001,DIS,0.8279571742113946,-0.44306313118988,1.2710203054012743,-0.8279571742113945,-0.6077121129248633,-0.2951335655836779,1.1230907397950725,1.435669287136258,-0.8279571742113947,-0.8279571742113945,0.0,1.0,0.0,1.0,Residual-constrained,Residual,Positive residual component dominates with bootstrap support,Dominan Residual / Non-Terrain
3404060001,FFAS,2.323817968363735,-0.3561005591487957,2.679918527512531,-2.323817968363735,-0.5987506873328758,-0.133783369187866,2.457601337551601,2.922568655696611,-2.323817968363735,-2.323817968363735,0.0,1.0,0.003,1.0,Residual-constrained,Residual,Positive residual component dominates with bootstrap support,Dominan Residual / Non-Terrain
3404060002,DIS,-0.6863753039750583,-0.4045912067449543,-0.2817840972301039,0.1228071095148504,-0.554943437657474,-0.2695066166524866,-0.4168686873225717,-0.1314318663175844,-0.1473620706700851,0.4235115713398893,0.762,0.238,0.0,0.001,No significant dominance,No significant dominance,No positive supply gap,Tidak Ada Dominasi Signifikan
3404060002,FFAS,-1.8050629173049548,-0.325179742583499,-1.4798831747214558,-1.1547034321379568,-0.5467601478750898,-0.1221667319435058,-1.682896185361449,-1.2583027694298652,-1.5607294534179432,-0.7115426215547755,0.0,1.0,0.003,0.0,No significant dominance,No significant dominance,No positive supply gap,Tidak Ada Dominasi Signifikan
3404060003,DIS,0.323179681482577,-0.4851402851487825,0.8083199666313595,-0.323179681482577,-0.6654257756924175,-0.3231620328681341,0.6463417143507111,0.9886054571749944,-0.323179681482577,-0.3231796814825769,0.0,1.0,0.0,1.0,Residual-constrained,Residual,Positive residual component dominates with bootstrap support,Dominan Residual / Non-Terrain
3404060003,FFAS,-2.6246916076272724,-0.3899189859086917,-2.2347726217185806,-1.8448536358098888,-0.6556132946688652,-0.146488609200369,-2.4782029984269034,-1.969078312958407,-2.331714389226535,-1.3134650182895418,0.0,1.0,0.003,0.0,No significant dominance,No significant dominance,No positive supply gap,Tidak Ada Dominasi Signifikan
3404060004,DIS,-2.7054852748903286,-0.4439896943589564,-2.2614955805313723,-1.817505886172416,-0.6089830010254497,-0.2957507685793179,-2.4097345063110107,-2.09650227386488,-2.113983737731693,-1.4875192728394298,0.0,1.0,0.0,0.0,No significant dominance,No significant dominance,No positive supply gap,Tidak Ada Dominasi Signifikan
3404060004,FFAS,-6.834875944886255,-0.3568452603874402,-6.478030684498815,-6.121185424111374,-0.6000028347026015,-0.1340631458919025,-6.700812798994352,-6.234873110183654,-6.566749653102449,-5.6348702754810525,0.0,1.0,0.003,0.0,No significant dominance,No significant dominance,No positive supply gap,Tidak Ada Dominasi Signifikan
3404060005,DIS,-10.277147665822596,-0.3982117792478933,-9.878935886574702,-9.48072410732681,-0.5461933181133848,-0.2652571473307359,-10.01189051849186,-9.73095434770921,-9.746633371161124,-9.184761029595826,0.0,1.0,0.0,0.0,No significant dominance,No significant dominance,No positive supply gap,Tidak Ada Dominasi Signifikan
3404060005,FFAS,-11.93582341992078,-0.3200524423437978,-11.615770977576982,-11.295718535233185,-0.5381390590735967,-0.1202404572346297,-11.81558296268615,-11.397684360847183,-11.69534250545152,-10.859545301773586,0.0,1.0,0.003,0.0,No significant dominance,No significant dominance,No positive supply gap,Tidak Ada Dominasi Signifikan
3404070001,DIS,-8.357919916025885,-0.375843018982132,-7.982076897043753,-7.606233878061621,-0.5155119871524708,-0.2503568509391335,-8.107563065086751,-7.842407928873414,-7.8572062141476176,-7.326895941720943,0.0,1.0,0.0,0.0,No significant dominance,No significant dominance,No positive supply gap,Tidak Ada Dominasi Signifikan
3404070001,FFAS,-25.834808341365083,-0.3020741284707592,-25.53273421289432,-25.23066008442356,-0.5079101602077846,-0.1134861870138771,-25.721322154351206,-25.326898181157297,-25.60783596733733,-24.81898802094951,0.0,1.0,0.003,0.0,No significant dominance,No significant dominance,No positive supply gap,Tidak Ada Dominasi Signifikan
3404070002,DIS,-6.086421198746208,-0.4348966242326568,-5.651524574513551,-5.216627950280894,-0.596510808079521,-0.2896936854695813,-5.796727513276626,-5.489910390666687,-5.507033827807045,-4.893399582587166,0.0,1.0,0.0,0.0,No significant dominance,No significant dominance,No positive supply gap,Tidak Ada Dominasi Signifikan
3404070002,FFAS,-10.504882481400674,-0.3495369399057551,-10.15534554149492,-9.805808601589163,-0.5877145588231204,-0.1313174839938094,-10.373564997406865,-9.917167922577557,-10.242247513413052,-9.329453363754434,0.0,1.0,0.003,0.0,No significant dominance,No significant dominance,No positive supply gap,Tidak Ada Dominasi Signifikan
3404070003,DIS,-9.61986364784793,-0.4280198286331734,-9.191843819214755,-8.763823990581583,-0.5870784909000457,-0.2851129089115881,-9.334750738936345,-9.032785156947885,-9.049637830024755,-8.445706666047839,0.0,1.0,0.0,0.0,No significant dominance,No significant dominance,No positive supply gap,Tidak Ada Dominasi Signifikan
3404070003,FFAS,-11.82587108511271,-0.3440098928875311,-11.481861192225178,-11.137851299337648,-0.5784213321879442,-0.1292410284737023,-11.696630056639007,-11.247449752924766,-11.567389028165309,-10.669028420736822,0.0,1.0,0.003,0.0,No significant dominance,No significant dominance,No positive supply gap,Tidak Ada Dominasi Signifikan
3404080001,DIS,-1.191152796703876,-0.4572098095744807,-0.7339429871293952,-0.2767331775549145,-0.6271159116315757,-0.3045569622486183,-0.8865958344552577,-0.5640368850723004,-0.5820388722066395,0.063079026559275,0.075,0.925,0.0,0.0,No significant dominance,No significant dominance,No positive supply gap,Tidak Ada Dominasi Signifikan
3404080001,FFAS,-0.6569964459129725,-0.3674705868677023,-0.2895258590452702,0.0779447278224321,-0.6178683543423358,-0.1380549733089905,-0.5189414726039819,-0.0391280915706367,-0.3808864992949914,0.578740262771699,0.627,0.373,0.003,0.024,No significant dominance,No significant dominance,No positive supply gap,Tidak Ada Dominasi Signifikan
3404080002,DIS,-0.4339865576106493,-0.4440482512015517,0.0100616935909024,0.4339865576106493,-0.6090633184791818,-0.2957897745099131,-0.1381967831007362,0.1750767608685324,0.1575929914091769,0.4339865576106493,1.0,0.0,0.0,0.523,No significant dominance,No significant dominance,No positive supply gap,Tidak Ada Dominasi Signifikan
3404080002,FFAS,-2.773807657634459,-0.3568923239387092,-2.4169153336957496,-2.06002300975704,-0.6000819677815779,-0.1340808271908866,-2.639726830443572,-2.173725689852881,-2.5056460032526853,-1.5736437220713035,0.0,1.0,0.003,0.0,No significant dominance,No significant dominance,No positive supply gap,Tidak Ada Dominasi Signifikan
3404080003,DIS,0.323179681482577,-0.3747969494397214,0.6979766309222983,-0.3231796814825769,-0.5140771822970601,-0.2496600422629726,0.5728397237455496,0.837256863779637,-0.323179681482577,-0.3231796814825769,0.0,1.0,0.0,1.0,Residual-constrained,Residual,Positive residual component dominates with bootstrap support,Dominan Residual / Non-Terrain
3404080003,FFAS,1.7870637451695408,-0.3012333770682208,2.088297122237761,-1.7870637451695408,-0.5064965132274225,-0.1131703252372209,1.9002340704067613,2.293560258396964,-1.787063745169541,-1.7870637451695406,0.0,1.0,0.003,1.0,Residual-constrained,Residual,Positive residual component dominates with bootstrap support,Dominan Residual / Non-Terrain
3404080004,DIS,-0.4339865576106493,-0.4198372693354646,-0.0141492882751846,0.4056879810602799,-0.5758551684209461,-0.2796623359996711,-0.1543242216109782,0.1418686108102967,0.1253381143886929,0.4339865576106493,0.997,0.003,0.0,0.425,No significant dominance,No significant dominance,No positive supply gap,Tidak Ada Dominasi Signifikan
3404080004,FFAS,1.7125057201659473,-0.3374333719900305,2.0499390921559777,-1.712505720165947,-0.5673635107201825,-0.1267702962588888,1.839276016424836,2.27986923088613,-1.7125057201659477,-1.712505720165947,0.0,1.0,0.003,1.0,Residual-constrained,Residual,Positive residual component dominates with bootstrap support,Dominan Residual / Non-Terrain
3404090001,DIS,-2.0482012569156662,0.0116860816998271,-2.059887338615493,-2.0482012569156662,0.0077843420428816,0.016028806961532,-2.0642300638771984,-2.055985598958548,-2.0482012569156662,-2.0482012569156662,0.0,1.0,1.0,0.0,No significant dominance,No significant dominance,No positive supply gap,Tidak Ada Dominasi Signifikan
3404090001,FFAS,-0.2944373533909719,0.0093923866253351,-0.3038297400163071,-0.2944373533909719,0.0035286244156874,0.0157924434633243,-0.3102297968542963,-0.2979659778066594,-0.2944373533909719,-0.2944373533909719,0.0,1.0,0.997,0.0,No significant dominance,No significant dominance,No positive supply gap,Tidak Ada Dominasi Signifikan
3404090002,DIS,1.0803459205758037,0.8094623253279398,0.2708835952478636,0.5385787300800762,0.5391996884013053,1.1102708066388332,-0.0299248860630298,0.5411462321744981,-0.0019465437731928,1.0803459205758037,0.949,0.051,1.0,0.94,No significant dominance,No significant dominance,Dominance uncertain at configured bootstrap CI,Tidak Ada Dominasi Signifikan
3404090002,FFAS,0.9520774219609726,0.6505844570841323,0.3014929648768403,0.3490914922072919,0.2444179835550481,1.0938985655578333,-0.1418211435968607,0.7076594384059243,-0.4632414548508763,0.9520774219609726,0.773,0.227,0.997,0.864,No significant dominance,No significant dominance,Dominance uncertain at configured bootstrap CI,Tidak Ada Dominasi Signifikan
3404090003,DIS,1.0803459205758037,0.9088497299731612,0.1714961906026422,0.7373535393705191,0.6054037054863586,1.2465920787628757,-0.1662461581870722,0.4749422150894449,0.1304614903969136,1.0803459205758037,0.983,0.017,1.0,0.814,Terrain-constrained,Terrain,Positive terrain component dominates with bootstrap support,Dominan Medan
3404090003,FFAS,3.0096882415651165,0.7304645190325577,2.2792237225325587,-1.5487592035000008,0.2744281128397101,1.2282096211488118,1.781478620416305,2.735260128725406,-2.460832015885696,-0.5532689992674928,0.003,0.997,0.997,1.0,Residual-constrained,Residual,Positive residual component dominates with bootstrap support,Dominan Residual / Non-Terrain
3404090004,DIS,0.8279571742113946,1.0413824236828173,-0.2134252494714227,0.8279571742113946,0.6936864889034629,1.4283759322503409,-0.6004187580389464,0.1342706853079317,0.5594158035955311,0.8279571742113946,1.0,0.0,1.0,0.164,Terrain-constrained,Terrain,Positive terrain component dominates with bootstrap support,Dominan Medan
3404090004,FFAS,2.323817968363735,0.8369842518046322,1.4868337165591028,-0.6498494647544706,0.3144464963247096,1.407312859189907,0.916505109173828,2.009371472039025,-1.6949249757143157,0.4908077500160787,0.184,0.816,0.997,1.0,No significant dominance,No significant dominance,Dominance uncertain at configured bootstrap CI,Tidak Ada Dominasi Signifikan
3404090005,DIS,0.0707909351181681,-0.3727361619102044,0.4435270970283725,-0.0707909351181681,-0.511250574855162,-0.2482873088336228,0.3190782439517911,0.58204150997333,-0.0707909351181682,-0.0707909351181681,0.0,1.0,0.0,1.0,Residual-constrained,Residual,Positive residual component dominates with bootstrap support,Dominan Residual / Non-Terrain
3404090005,FFAS,2.455873362644754,-0.2995770722667423,2.7554504349114968,-2.455873362644754,-0.5037115874168917,-0.1125480683183508,2.568421430963105,2.959584950061646,-2.455873362644754,-2.4558733626447538,0.0,1.0,0.003,1.0,Residual-constrained,Residual,Positive residual component dominates with bootstrap support,Dominan Residual / Non-Terrain
3404090006,DIS,0.0707909351181681,-0.1450763007557933,0.2158672358739615,-0.0707909351181681,-0.198988855224431,-0.0966383409261774,0.1674292760443456,0.2697797903425991,-0.0707909351181681,-0.0707909351181681,0.0,1.0,0.0,1.0,Residual-constrained,Residual,Positive residual component dominates with bootstrap support,Dominan Residual / Non-Terrain
3404090006,FFAS,-4.045233120364408,-0.1166013332674178,-3.92863178709699,-3.812030453829572,-0.1960545319127793,-0.0438059385629726,-4.001427181801436,-3.849178588451629,-3.957621243238463,-3.6531240565388488,0.0,1.0,0.003,0.0,No significant dominance,No significant dominance,No positive supply gap,Tidak Ada Dominasi Signifikan
3404100001,DIS,-6.338809945110617,-0.4527308885389621,-5.886079056571655,-5.433348168032692,-0.6209725555847551,-0.3015734598036499,-6.037236485306967,-5.717837389525863,-5.735663025503317,-5.096864833941107,0.0,1.0,0.0,0.0,No significant dominance,No significant dominance,No positive supply gap,Tidak Ada Dominasi Signifikan
3404100001,FFAS,-4.251930736292522,-0.3638707696568951,-3.888059966635627,-3.524189196978732,-0.611815589262731,-0.1367025584852861,-4.115228177807236,-3.640115147029791,-3.97852561932195,-3.02829955776706,0.0,1.0,0.003,0.0,No significant dominance,No significant dominance,No positive supply gap,Tidak Ada Dominasi Signifikan
3404100002,DIS,-3.0577562423733022,-0.4221282278961823,-2.63562801447712,-2.213499786580938,-0.57899748194141,-0.2811883911395182,-2.7765678512337844,-2.478758760431892,-2.495379460094266,-1.8997612784904825,0.0,1.0,0.0,0.0,No significant dominance,No significant dominance,No positive supply gap,Tidak Ada Dominasi Signifikan
3404100002,FFAS,-0.7907548630339085,-0.3392746708186362,-0.4514801922152723,-0.112205521396636,-0.5704594871540533,-0.1274620535578982,-0.6632928094760103,-0.2202953758798553,-0.5358307559181121,0.3501641112741979,0.361,0.639,0.003,0.002,No significant dominance,No significant dominance,No positive supply gap,Tidak Ada Dominasi Signifikan
3404100003,DIS,-1.29103501782244,-0.4341901818246467,-0.8568448359977934,-0.4226546541731466,-0.5955418409545008,-0.2892231094904977,-1.0018119083319423,-0.6954931768679395,-0.7125887988414448,-0.0999513359134388,0.016,0.984,0.0,0.0,No significant dominance,No significant dominance,No positive supply gap,Tidak Ada Dominasi Signifikan
3404100003,FFAS,-0.3519347226683979,-0.3489691550489488,-0.0029655676194491,0.3460035874294997,-0.5867598802511952,-0.131104172980485,-0.2208305496879129,0.2348251575827972,-0.0897263767074279,0.3519347226683979,0.907,0.093,0.003,0.52,No significant dominance,No significant dominance,No positive supply gap,Tidak Ada Dominasi Signifikan
3404100004,DIS,-1.7958125105512577,-0.4635220106889723,-1.332290499862285,-0.868768489173313,-0.6357738224493693,-0.308761650678906,-1.4870508598723515,-1.1600386881018887,-1.1782892091934456,-0.5242648656525195,0.001,0.999,0.0,0.0,No significant dominance,No significant dominance,No positive supply gap,Tidak Ada Dominasi Signifikan
3404100004,FFAS,2.323817968363735,-0.3725438556370841,2.696361824000819,-2.323817968363735,-0.6263985941430054,-0.1399609489423505,2.463778917306086,2.95021656250674,-2.323817968363735,-2.323817968363735,0.0,1.0,0.003,1.0,Residual-constrained,Residual,Positive residual component dominates with bootstrap support,Dominan Residual / Non-Terrain
3404110001,DIS,-3.814922481466528,-0.4403541173571084,-3.374568364109419,-2.9342142467523105,-0.6039963884504863,-0.2933290351332787,-3.521593446333249,-3.2109260930160417,-3.2282644111999703,-2.606929704565556,0.0,1.0,0.0,0.0,No significant dominance,No significant dominance,No positive supply gap,Tidak Ada Dominasi Signifikan
3404110001,FFAS,1.4820020219249663,-0.3539232591825335,1.8359252811075,-1.4820020219249663,-0.5950897555599923,-0.1329653796685137,1.61496740159348,2.0770917774849584,-1.4820020219249663,-1.4820020219249663,0.0,1.0,0.003,1.0,Residual-constrained,Residual,Positive residual component dominates with bootstrap support,Dominan Residual / Non-Terrain
3404110002,DIS,-0.6863753039750583,-0.4139607342097306,-0.2724145697653277,0.1415461644444029,-0.5677948236832873,-0.2757478537445626,-0.4106274502304957,-0.1185804802917711,-0.134879596485933,0.449214343391516,0.785,0.215,0.0,0.001,No significant dominance,No significant dominance,No positive supply gap,Tidak Ada Dominasi Signifikan
3404110002,FFAS,-3.781038135158866,-0.3327102585174392,-3.448327876641427,-3.115617618123988,-0.5594220251891712,-0.124995870419934,-3.656042264738932,-3.221616109969695,-3.531046394318998,-2.662194084780524,0.0,1.0,0.003,0.0,No significant dominance,No significant dominance,No positive supply gap,Tidak Ada Dominasi Signifikan
3404110003,DIS,0.323179681482577,-0.4853566831144968,0.8085363645970738,-0.323179681482577,-0.6657225904253963,-0.3233061800532876,0.6464858615358645,0.9889022719079732,-0.323179681482577,-0.3231796814825769,0.0,1.0,0.0,1.0,Residual-constrained,Residual,Positive residual component dominates with bootstrap support,Dominan Residual / Non-Terrain
3404110003,FFAS,-1.0787559305523156,-0.3900929101898264,-0.688663020362489,-0.2985701101726626,-0.6559057325215949,-0.1465539507891871,-0.9322019797631286,-0.4228501980307207,-0.7856480289739416,0.2330555344908741,0.186,0.814,0.003,0.0,No significant dominance,No significant dominance,No positive supply gap,Tidak Ada Dominasi Signifikan
3404110004,DIS,-1.543423764186849,-0.4864129839542931,-1.0570107802325557,-0.5705977962782625,-0.6671714286835313,-0.3240098040094062,-1.2194139601774427,-0.8762523355033178,-0.8954041561680364,-0.2090809068197867,0.005,0.995,0.0,0.0,No significant dominance,No significant dominance,No positive supply gap,Tidak Ada Dominasi Signifikan
3404110004,FFAS,1.1586908412455852,-0.3909418847336361,1.5496327259792213,-1.1586908412455852,-0.6573332059657514,-0.1468729019166357,1.305563743162221,1.8160240472113367,-1.1586908412455852,-1.1586908412455852,0.0,1.0,0.003,1.0,Residual-constrained,Residual,Positive residual component dominates with bootstrap support,Dominan Residual / Non-Terrain
3404110005,DIS,0.323179681482577,-0.425137277339515,0.748316958822092,-0.323179681482577,-0.5831247398113939,-0.2831927815496239,0.6063724630322008,0.9063044212939708,-0.323179681482577,-0.3231796814825769,0.0,1.0,0.0,1.0,Residual-constrained,Residual,Positive residual component dominates with bootstrap support,Dominan Residual / Non-Terrain
3404110005,FFAS,0.1848195005257967,-0.3416931166649415,0.5265126171907383,-0.1848195005257967,-0.5745258837814945,-0.1283706391391467,0.3131901396649434,0.7593453843072913,-0.1848195005257968,-0.1848195005257967,0.002,0.998,0.003,1.0,Residual-constrained,Residual,Positive residual component dominates with bootstrap support,Dominan Residual / Non-Terrain
3404120001,DIS,-3.56253373510212,-0.490181714552263,-3.0723520205498565,-2.5821703059975936,-0.6723406767511512,-0.3265202338348716,-3.2360135012672475,-2.890193058350968,-2.909493267432376,-2.217852381599817,0.0,1.0,0.0,0.0,No significant dominance,No significant dominance,No positive supply gap,Tidak Ada Dominasi Signifikan
3404120001,FFAS,-4.51663994262934,-0.3939709047056074,-4.122669037923733,-3.7286981332181255,-0.6624262274271554,-0.1480108740056329,-4.368629068623708,-3.8542137152021847,-4.220618194618075,-3.1917874877750294,0.0,1.0,0.003,0.0,No significant dominance,No significant dominance,No positive supply gap,Tidak Ada Dominasi Signifikan
3404120002,DIS,-0.1815978112462405,-0.4794831941408483,0.2978853828946077,0.1815978112462405,-0.6576664238361544,-0.3193937269034306,0.1377959156571901,0.4760686125899137,0.1815978112462405,0.1815978112462405,1.0,0.0,0.0,1.0,No significant dominance,No significant dominance,No positive supply gap,Tidak Ada Dominasi Signifikan
3404120002,FFAS,-1.45948028386562,-0.3853722449833727,-1.0741080388822473,-0.6887357938988745,-0.6479683635273172,-0.1447804447389946,-1.3146998391266256,-0.8115119203383028,-1.1699193943876312,-0.1635435568109856,0.009,0.991,0.003,0.0,No significant dominance,No significant dominance,No positive supply gap,Tidak Ada Dominasi Signifikan
3404120003,DIS,-1.543423764186849,-0.4611424265974432,-1.0822813375894058,-0.6211389109919626,-0.6325099488062117,-0.3071765602299375,-1.2362472039569117,-0.9109138153806374,-0.929070643726974,-0.2784038665744259,0.001,0.999,0.0,0.0,No significant dominance,No significant dominance,No positive supply gap,Tidak Ada Dominasi Signifikan
3404120003,FFAS,2.3983759933673285,-0.3706313263249307,2.769007319692259,-2.3983759933673285,-0.6231828501325681,-0.1392424310729542,2.537618424440282,3.021558843499897,-2.3983759933673285,-2.3983759933673285,0.0,1.0,0.003,1.0,Residual-constrained,Residual,Positive residual component dominates with bootstrap support,Dominan Residual / Non-Terrain
3404120004,DIS,0.0707909351181681,-0.4557516235897413,0.5265425587079094,-0.0707909351181681,-0.6251158416112074,-0.3035856342398884,0.3743765693580566,0.6959067767293754,-0.0707909351181682,-0.0707909351181681,0.0,1.0,0.0,1.0,Residual-constrained,Residual,Positive residual component dominates with bootstrap support,Dominan Residual / Non-Terrain
3404120004,FFAS,-0.1214310244274165,-0.3662986075086567,0.2448675830812401,0.1214310244274165,-0.6158977776927348,-0.137614672547749,0.0161836481203324,0.4944667532653182,0.1214310244274164,0.1214310244274165,0.989,0.011,0.003,0.962,No significant dominance,No significant dominance,No positive supply gap,Tidak Ada Dominasi Signifikan
3404120005,DIS,-1.9483190357971023,-0.4303592338087044,-1.5179598019883982,-1.087600568179694,-0.5902872545324228,-0.2866712353490534,-1.661647800448049,-1.3580317812646798,-1.3749765650989956,-0.767744526732257,0.0,1.0,0.0,0.0,No significant dominance,No significant dominance,No positive supply gap,Tidak Ada Dominasi Signifikan
3404120005,FFAS,-1.1362532998297412,-0.3458901294327045,-0.7903631703970367,-0.4444730409643322,-0.5815827788491401,-0.1299474142779951,-1.0063058855517462,-0.5546705209806011,-0.876358471273751,0.0269122578685389,0.064,0.936,0.003,0.0,No significant dominance,No significant dominance,No positive supply gap,Tidak Ada Dominasi Signifikan
3404120006,DIS,0.323179681482577,-0.4242084452839543,0.7473881267665313,-0.323179681482577,-0.5818507396716819,-0.2825740672015131,0.6057537486840902,0.9050304211542588,-0.323179681482577,-0.3231796814825769,0.0,1.0,0.0,1.0,Residual-constrained,Residual,Positive residual component dominates with bootstrap support,Dominan Residual / Non-Terrain
3404120006,FFAS,1.7125057201659473,-0.3409465918673303,2.053452312033277,-1.712505720165947,-0.5732706702632986,-0.1280901773424974,1.8405958975084449,2.2857763904292456,-1.7125057201659477,-1.712505720165947,0.0,1.0,0.003,1.0,Residual-constrained,Residual,Positive residual component dominates with bootstrap support,Dominan Residual / Non-Terrain
3404130001,DIS,-2.0482012569156662,-0.4479415697612161,-1.60025968715445,-1.152318117393234,-0.6144034532853192,-0.2983831949675824,-1.749818061948084,-1.4337978036303471,-1.4514348669805015,-0.819394350345028,0.0,1.0,0.0,0.0,No significant dominance,No significant dominance,No positive supply gap,Tidak Ada Dominasi Signifikan
3404130001,FFAS,0.0288738272884089,-0.3600214782700965,0.3888953055585055,-0.0288738272884089,-0.6053433560567532,-0.1352564187433472,0.1641302460317561,0.634217183345162,-0.0288738272884089,-0.0288738272884089,0.003,0.997,0.003,0.998,Residual-constrained,Residual,Positive residual component dominates with bootstrap support,Dominan Residual / Non-Terrain
3404130002,DIS,0.0707909351181681,-0.427294113805209,0.4980850489233771,-0.0707909351181681,-0.5860830894314135,-0.2846294951727855,0.3554204302909537,0.6568740245495814,-0.0707909351181682,-0.0707909351181681,0.0,1.0,0.0,1.0,Residual-constrained,Residual,Positive residual component dominates with bootstrap support,Dominan Residual / Non-Terrain
3404130002,FFAS,-8.274429089705912,-0.3434266183204809,-7.931002471385431,-7.587575853064949,-0.5774406090777084,-0.129021898133306,-8.145407191572605,-7.696988480628203,-8.0163852934393,-7.119547871550495,0.0,1.0,0.003,0.0,No significant dominance,No significant dominance,No positive supply gap,Tidak Ada Dominasi Signifikan
3404130003,DIS,-1.543423764186849,-0.3800269179113677,-1.1633968462754811,-0.7833699283641133,-0.5212506864022177,-0.2531438330238556,-1.290279931162993,-1.0221730777846312,-1.0371360981391378,-0.5009223913824136,0.0,1.0,0.0,0.0,No significant dominance,No significant dominance,No positive supply gap,Tidak Ada Dominasi Signifikan
3404130003,FFAS,-10.67720619594595,-0.3054368292762215,-10.371769366669728,-10.066332537393508,-0.5135642356278798,-0.1147495196084702,-10.56245667633748,-10.163641960318069,-10.447707156729008,-9.65007772469019,0.0,1.0,0.003,0.0,No significant dominance,No significant dominance,No positive supply gap,Tidak Ada Dominasi Signifikan
3404130004,DIS,-1.29103501782244,-0.4261681392606796,-0.8648668785617605,-0.4386987393010808,-0.5845386856627725,-0.2838794601130166,-1.0071555577094236,-0.7064963321596678,-0.723276097596407,-0.1219576464968955,0.012,0.988,0.0,0.0,No significant dominance,No significant dominance,No positive supply gap,Tidak Ada Dominasi Signifikan
3404130004,FFAS,0.870689773727178,-0.342521645334312,1.2132114190614902,-0.8706897737271782,-0.5759189793482256,-0.1286819089588911,0.9993716826860692,1.4466087530754037,-0.8706897737271782,-0.8706897737271779,0.0,1.0,0.003,1.0,Residual-constrained,Residual,Positive residual component dominates with bootstrap support,Dominan Residual / Non-Terrain
3404130005,DIS,0.8279571742113946,-0.38843143196452,1.2163886061759146,-0.8279571742113945,-0.5327784453913967,-0.2587422546141232,1.0866994288255176,1.360735619602791,-0.8279571742113947,-0.8279571742113945,0.0,1.0,0.0,1.0,Residual-constrained,Residual,Positive residual component dominates with bootstrap support,Dominan Residual / Non-Terrain
3404130005,FFAS,3.0096882415651165,-0.3121917405812175,3.321879982146334,-3.0096882415651165,-0.5249220043334577,-0.1172872712904887,3.1269755128556054,3.534610245898574,-3.0096882415651165,-3.009688241565116,0.0,1.0,0.003,1.0,Residual-constrained,Residual,Positive residual component dominates with bootstrap support,Dominan Residual / Non-Terrain
3404140001,DIS,0.5755684278469858,-0.3069772798776582,0.8825457077246441,-0.5755684278469859,-0.421054694560963,-0.2044839499963821,0.780052377843368,0.9966231224079488,-0.5755684278469859,-0.5755684278469857,0.0,1.0,0.0,1.0,Residual-constrained,Residual,Positive residual component dominates with bootstrap support,Dominan Residual / Non-Terrain
3404140001,FFAS,3.0096882415651165,-0.2467250676372851,3.2564133092024017,-3.0096882415651165,-0.4148457508272191,-0.0926921061020517,3.102380347667168,3.424533992392336,-3.009688241565117,-3.009688241565116,0.0,1.0,0.003,1.0,Residual-constrained,Residual,Positive residual component dominates with bootstrap support,Dominan Residual / Non-Terrain
3404140002,DIS,1.0803459205758037,-0.442562018079623,1.5229079386554265,-1.0803459205758037,-0.6070247785799117,-0.2947997637198359,1.375145684295639,1.687370699155715,-1.0803459205758037,-1.0803459205758037,0.0,1.0,0.0,1.0,Residual-constrained,Residual,Positive residual component dominates with bootstrap support,Dominan Residual / Non-Terrain
3404140002,FFAS,2.3983759933673285,-0.3556978024168599,2.7540737957841883,-2.3983759933673285,-0.5980734885364152,-0.1336320575676588,2.532008050934987,2.996449481903744,-2.3983759933673285,-2.3983759933673285,0.0,1.0,0.003,1.0,Residual-constrained,Residual,Positive residual component dominates with bootstrap support,Dominan Residual / Non-Terrain
3404140003,DIS,0.5755684278469858,-0.33187121139468,0.907439639241666,-0.5755684278469859,-0.4551995887221806,-0.2210663154716666,0.7966347433186525,1.0307680165691664,-0.5755684278469859,-0.5755684278469857,0.0,1.0,0.0,1.0,Residual-constrained,Residual,Positive residual component dominates with bootstrap support,Dominan Residual / Non-Terrain
3404140003,FFAS,1.1586908412455852,-0.2667329227454642,1.4254237639910494,-1.1586908412455852,-0.4484871386046338,-0.1002088543851579,1.258899695630743,1.607177979850219,-1.1586908412455852,-1.1586908412455852,0.0,1.0,0.003,1.0,Residual-constrained,Residual,Positive residual component dominates with bootstrap support,Dominan Residual / Non-Terrain
3404140004,DIS,0.8279571742113946,-0.3900387835011584,1.217995957712553,-0.8279571742113946,-0.5349831131458999,-0.2598129448990053,1.0877701191104,1.3629402873572942,-0.8279571742113947,-0.8279571742113945,0.0,1.0,0.0,1.0,Residual-constrained,Residual,Positive residual component dominates with bootstrap support,Dominan Residual / Non-Terrain
3404140004,FFAS,2.323817968363735,-0.3134836079036202,2.637301576267355,-2.323817968363735,-0.5270941616844049,-0.1177726127438912,2.441590581107626,2.85091213004814,-2.323817968363735,-2.323817968363735,0.0,1.0,0.003,1.0,Residual-constrained,Residual,Positive residual component dominates with bootstrap support,Dominan Residual / Non-Terrain
3404140005,DIS,1.0803459205758037,-0.3808032489685122,1.4611491695443155,-1.0803459205758037,-0.5223155138587463,-0.2536609632855253,1.3340068838613288,1.6026614344345496,-1.0803459205758037,-1.0803459205758037,0.0,1.0,0.0,1.0,Residual-constrained,Residual,Positive residual component dominates with bootstrap support,Dominan Residual / Non-Terrain
3404140005,FFAS,2.323817968363735,-0.3060607853314033,2.6298787536951385,-2.323817968363735,-0.5146133609586534,-0.1149839335714444,2.438801901935179,2.8384313293223884,-2.323817968363735,-2.323817968363735,0.0,1.0,0.003,1.0,Residual-constrained,Residual,Positive residual component dominates with bootstrap support,Dominan Residual / Non-Terrain
3404140006,DIS,0.8279571742113946,-0.346358426275872,1.1743156004872666,-0.8279571742113945,-0.4750704724542613,-0.2307165505787505,1.058673724790145,1.3030276466656558,-0.8279571742113947,-0.8279571742113945,0.0,1.0,0.0,1.0,Residual-constrained,Residual,Positive residual component dominates with bootstrap support,Dominan Residual / Non-Terrain
3404140006,FFAS,0.6048759623252228,-0.2783766478864991,0.8832526102117219,-0.6048759623252228,-0.4680650029246856,-0.1045832838524652,0.7094592461776879,1.0729409652499085,-0.6048759623252229,-0.6048759623252227,0.0,1.0,0.003,1.0,Residual-constrained,Residual,Positive residual component dominates with bootstrap support,Dominan Residual / Non-Terrain
3404140007,DIS,0.323179681482577,-0.2628633290952331,0.58604301057781,-0.323179681482577,-0.360547330367841,-0.1750987299907473,0.4982784114733243,0.683727011850418,-0.323179681482577,-0.3231796814825769,0.0,1.0,0.0,1.0,Residual-constrained,Residual,Positive residual component dominates with bootstrap support,Dominan Residual / Non-Terrain
3404140007,FFAS,-0.90574960158876,-0.2112696179868113,-0.6944799836019487,-0.4832103656151374,-0.3552306384593475,-0.0793718531890841,-0.8263777483996759,-0.5505189631294125,-0.7470058952105918,-0.1952883246700649,0.002,0.998,0.003,0.0,No significant dominance,No significant dominance,No positive supply gap,Tidak Ada Dominasi Signifikan
3404140008,DIS,-1.543423764186849,-0.3367921866468606,-1.2066315775399885,-0.8698393908931277,-0.4619492730394524,-0.2243442794232704,-1.3190794847635785,-1.0814744911473966,-1.094735205340308,-0.6195252181079441,0.0,1.0,0.0,0.0,No significant dominance,No significant dominance,No positive supply gap,Tidak Ada Dominasi Signifikan
3404140008,FFAS,2.323817968363735,-0.270688029626402,2.594505997990137,-2.323817968363735,-0.4551372909354729,-0.1016947479352684,2.425512716299004,2.778955259299208,-2.323817968363735,-2.323817968363735,0.0,1.0,0.003,1.0,Residual-constrained,Residual,Positive residual component dominates with bootstrap support,Dominan Residual / Non-Terrain
3404150001,DIS,0.323179681482577,-0.3753716602852852,0.6985513417678622,-0.3231796814825769,-0.5148654644123887,-0.2500428691088339,0.5732225505914109,0.8380451458949655,-0.323179681482577,-0.3231796814825769,0.0,1.0,0.0,1.0,Residual-constrained,Residual,Positive residual component dominates with bootstrap support,Dominan Residual / Non-Terrain
3404150001,FFAS,1.7125057201659473,-0.3016952860808361,2.0142010062467834,-1.7125057201659473,-0.5072731712013661,-0.1133438597694711,1.8258495799354184,2.219778891367313,-1.7125057201659477,-1.712505720165947,0.0,1.0,0.003,1.0,Residual-constrained,Residual,Positive residual component dominates with bootstrap support,Dominan Residual / Non-Terrain
3404150002,DIS,-0.1815978112462405,-0.3509986647219446,0.1694008534757041,0.1815978112462405,-0.4814350939089168,-0.2338075099056302,0.0522096986593897,0.2998372826626762,0.1815978112462405,0.1815978112462405,1.0,0.0,0.0,0.997,No significant dominance,No significant dominance,No positive supply gap,Tidak Ada Dominasi Signifikan
3404150002,FFAS,-2.531884125188873,-0.2821061198034978,-2.249778005385375,-1.967671885581877,-0.4743357705950015,-0.105984408634578,-2.425899716554295,-2.057548354593872,-2.319915307919717,-1.5832125839988702,0.0,1.0,0.003,0.0,No significant dominance,No significant dominance,No positive supply gap,Tidak Ada Dominasi Signifikan
3404150003,DIS,0.323179681482577,-0.0709078797546801,0.3940875612372571,-0.323179681482577,-0.0972583236908317,-0.0472332132980137,0.3704128947805907,0.4204380051734087,-0.323179681482577,-0.3231796814825769,0.0,1.0,0.0,1.0,Residual-constrained,Residual,Positive residual component dominates with bootstrap support,Dominan Residual / Non-Terrain
3404150003,FFAS,1.7125057201659473,-0.0569903786868599,1.7694960988528072,-1.7125057201659473,-0.0958241360015951,-0.0214107073862657,1.733916427552213,1.8083298561675425,-1.7125057201659473,-1.7125057201659473,0.0,1.0,0.003,1.0,Residual-constrained,Residual,Positive residual component dominates with bootstrap support,Dominan Residual / Non-Terrain
3404150004,DIS,-0.1815978112462405,-0.1580723548142376,-0.0235254564320029,0.1345468983822347,-0.2168144401480345,-0.1052952827991926,-0.0763025284470479,0.0352166289017939,0.0289927543521447,0.1815978112462405,0.987,0.013,0.0,0.232,No significant dominance,No significant dominance,No positive supply gap,Tidak Ada Dominasi Signifikan
3404150004,FFAS,-0.9564173476359852,-0.1270465763742215,-0.8293707712617635,-0.7023241948875419,-0.2136172577464798,-0.0477301104827102,-0.9086872371532748,-0.7428000898895053,-0.8609571266705646,-0.5291828321430255,0.0,1.0,0.003,0.0,No significant dominance,No significant dominance,No positive supply gap,Tidak Ada Dominasi Signifikan
3404160001,DIS,0.0707909351181681,0.4949265214447881,-0.4241355863266199,0.0707909351181681,0.3296808483785285,0.6788487258734803,-0.6080577907553123,-0.2588899132603604,0.0707909351181681,0.0707909351181682,1.0,0.0,1.0,0.0,Terrain-constrained,Terrain,Positive terrain component dominates with bootstrap support,Dominan Medan
3404160001,FFAS,1.0266354469645658,0.3977844208132185,0.6288510261513472,-0.2310666053381287,0.1494435733379449,0.6688383077565013,0.3577971392080643,0.8771918736266208,-0.727748300288676,0.311041168548437,0.249,0.751,0.997,1.0,No significant dominance,No significant dominance,Dominance uncertain at configured bootstrap CI,Tidak Ada Dominasi Signifikan
3404160002,DIS,1.0803459205758037,-0.2838597288914229,1.3642056494672263,-1.0803459205758037,-0.3893463108871416,-0.1890848685340924,1.269430789109896,1.469692231462945,-1.0803459205758037,-1.0803459205758037,0.0,1.0,0.0,1.0,Residual-constrained,Residual,Positive residual component dominates with bootstrap support,Dominan Residual / Non-Terrain
3404160002,FFAS,-0.1214310244274165,-0.2281449325440285,0.106713908116612,0.1214310244274165,-0.3836049443414968,-0.0857117377513721,-0.0357192866760444,0.2621739199140803,0.0499924510753276,0.1214310244274165,0.978,0.022,0.003,0.899,No significant dominance,No significant dominance,No positive supply gap,Tidak Ada Dominasi Signifikan
3404160003,DIS,-1.543423764186849,-0.3628925919843177,-1.1805311722025311,-0.8176385802182133,-0.4977489849974842,-0.2417303022000599,-1.301693461986789,-1.0456747791893648,-1.059963159786729,-0.5479257941918807,0.0,1.0,0.0,0.0,No significant dominance,No significant dominance,No positive supply gap,Tidak Ada Dominasi Signifikan
3404160003,FFAS,2.323817968363735,-0.2916655569366024,2.6154835253003377,-2.323817968363735,-0.4904090942866112,-0.1095757922321307,2.433393760595866,2.8142270626503465,-2.323817968363735,-2.323817968363735,0.0,1.0,0.003,1.0,Residual-constrained,Residual,Positive residual component dominates with bootstrap support,Dominan Residual / Non-Terrain
3404160004,DIS,-0.1815978112462405,-0.3154212732441709,0.1338234619979304,0.1815978112462405,-0.4326366039753299,-0.210108669578287,0.0285108583320464,0.2510387927290892,0.1815978112462405,0.1815978112462405,1.0,0.0,0.0,0.987,No significant dominance,No significant dominance,No positive supply gap,Tidak Ada Dominasi Signifikan
3404160004,FFAS,-1.0212585612748897,-0.2535117094216931,-0.7677468518531966,-0.5142351424315035,-0.4262568714466574,-0.095241778603436,-0.9260167826714536,-0.5950016898282323,-0.8307750040680177,-0.1687448183815749,0.004,0.996,0.003,0.0,No significant dominance,No significant dominance,No positive supply gap,Tidak Ada Dominasi Signifikan
3404160005,DIS,0.323179681482577,0.4840716196370965,-0.1608919381545195,0.323179681482577,0.3224501725469352,0.663959977862721,-0.3407802963801442,0.0007295089356417,0.3217206636112935,0.323179681482577,1.0,0.0,1.0,0.051,Terrain-constrained,Terrain,Positive terrain component dominates with bootstrap support,Dominan Medan
3404160005,FFAS,-0.9564173476359852,0.3890600735789015,-1.3454774212148866,-0.956417347635985,0.1461659245474973,0.6541691117418577,-1.6105864593778427,-1.1025832721834825,-0.9564173476359852,-0.956417347635985,0.0,1.0,0.997,0.0,No significant dominance,No significant dominance,No positive supply gap,Tidak Ada Dominasi Signifikan
3404170001,DIS,0.323179681482577,-0.2906709958914062,0.6138506773739832,-0.323179681482577,-0.3986887480453383,-0.1936219951292322,0.5168016766118092,0.7218684295279152,-0.323179681482577,-0.3231796814825769,0.0,1.0,0.0,1.0,Residual-constrained,Residual,Positive residual component dominates with bootstrap support,Dominan Residual / Non-Terrain
3404170001,FFAS,1.7125057201659473,-0.2336193126412665,1.9461250328072133,-1.712505720165947,-0.3928096163413884,-0.087768406843311,1.8002741270092584,2.105315336507336,-1.7125057201659477,-1.712505720165947,0.0,1.0,0.003,1.0,Residual-constrained,Residual,Positive residual component dominates with bootstrap support,Dominan Residual / Non-Terrain
3404170002,DIS,0.323179681482577,-0.43025098307666,0.753430664559237,-0.323179681482577,-0.5901387761859631,-0.2865991272852669,0.6097788087678438,0.91331845766854,-0.323179681482577,-0.3231796814825769,0.0,1.0,0.0,1.0,Residual-constrained,Residual,Positive residual component dominates with bootstrap support,Dominan Residual / Non-Terrain
3404170002,FFAS,-0.8482522323113344,-0.3458031257000632,-0.5024491066112712,-0.1566459809112079,-0.5814364899894876,-0.1299147278578656,-0.7183375044534688,-0.2668157423218468,-0.5884227765956032,0.3146207476676406,0.296,0.704,0.003,0.001,No significant dominance,No significant dominance,No positive supply gap,Tidak Ada Dominasi Signifikan
3404170003,DIS,0.5755684278469858,0.8155652670352856,-0.2399968391882998,0.5755684278469858,0.5432649847887548,1.118641694078887,-0.5430732662319016,0.0323034430582309,0.5109615417305239,0.5755684278469858,1.0,0.0,1.0,0.073,Terrain-constrained,Terrain,Positive terrain component dominates with bootstrap support,Dominan Medan
3404170003,FFAS,1.7125057201659473,0.6554895390046294,1.057016181161318,-0.4015266421566885,0.2462607730947084,1.102146014476032,0.6103597056899152,1.4662449470712389,-1.2199841739765305,0.4917863087861169,0.238,0.762,0.997,1.0,No significant dominance,No significant dominance,Dominance uncertain at configured bootstrap CI,Tidak Ada Dominasi Signifikan
3404170004,DIS,0.323179681482577,0.0907404052345025,0.2324392762480744,-0.1416988710135719,0.0604440709554084,0.1244609165394201,0.1987187649431567,0.2627356105271685,-0.20229153957176,-0.0742578484037366,0.001,0.999,1.0,1.0,Residual-constrained,Residual,Positive residual component dominates with bootstrap support,Dominan Residual / Non-Terrain
3404170004,FFAS,1.7870637451695408,0.0729302592942373,1.7141334858753037,-1.641203226581066,0.0273991588989639,0.1226255948156018,1.664438150353939,1.7596645862705769,-1.732265427371613,-1.5418125555383373,0.0,1.0,0.997,1.0,Residual-constrained,Residual,Positive residual component dominates with bootstrap support,Dominan Residual / Non-Terrain
3404170005,DIS,0.5755684278469858,0.2186598063691438,0.3569086214778419,-0.1382488151086981,0.1456538442507085,0.2999171079377976,0.2756513199091882,0.4299145835962772,-0.2842607393455687,0.0242657880286093,0.07,0.93,1.0,1.0,No significant dominance,No significant dominance,Dominance uncertain at configured bootstrap CI,Tidak Ada Dominasi Signifikan
3404170005,FFAS,0.4898812237703712,0.1757421771978801,0.314139046572491,-0.1383968693746108,0.0660245539353932,0.2954944795428935,0.1943867442274776,0.4238566698349779,-0.3578321158995847,0.1011077353154159,0.182,0.818,0.997,1.0,No significant dominance,No significant dominance,Dominance uncertain at configured bootstrap CI,Tidak Ada Dominasi Signifikan
3471010001,DIS,-1.543423764186849,-0.4883247083606531,-1.0550990558261957,-0.5667743474655424,-0.6697935788841111,-0.3252832433925187,-1.21814052079433,-0.873630185302738,-0.8928572774018114,-0.203836606418627,0.005,0.995,0.0,0.0,No significant dominance,No significant dominance,No positive supply gap,Tidak Ada Dominasi Signifikan
3471010001,FFAS,0.0681217391310281,-0.3924783838962158,0.460600123027244,-0.0681217391310281,-0.6599166894960218,-0.1474501490718089,0.215571888202837,0.7280384286270499,-0.0681217391310282,-0.0681217391310281,0.002,0.998,0.003,0.998,Residual-constrained,Residual,Positive residual component dominates with bootstrap support,Dominan Residual / Non-Terrain
3471010002,DIS,-1.543423764186849,-0.5290393347358693,-1.0143844294509796,-0.4853450947151103,-0.7256383781455172,-0.3524041027184894,-1.1910196614683597,-0.8177853860413318,-0.8386155587498703,-0.0921470078958146,0.02,0.98,0.0,0.0,No significant dominance,No significant dominance,No positive supply gap,Tidak Ada Dominasi Signifikan
3471010002,FFAS,-0.0131817124592639,-0.4252017142685985,0.4120200018093346,0.0131817124592639,-0.7149379919031824,-0.1597439724758764,0.1465622600166124,0.7017562794439185,0.0131817124592639,0.0131817124592639,0.997,0.003,0.003,0.997,No significant dominance,No significant dominance,No positive supply gap,Tidak Ada Dominasi Signifikan
3471010003,DIS,-1.0386462714580311,-0.5191008918504134,-0.5195453796076179,-0.0004444877572045,-0.7120066590970753,-0.3457838992335885,-0.6928623722244428,-0.3266396123609563,-0.3470784729908542,0.3853670467361187,0.489,0.511,0.0,0.0,No significant dominance,No significant dominance,No positive supply gap,Tidak Ada Dominasi Signifikan
3471010003,FFAS,-0.1872926464879561,-0.4172139472452519,0.2299213007572957,0.1872926464879561,-0.7015072884891919,-0.156743049401716,-0.0305495970862401,0.5142146420012357,0.1261934523154758,0.1872926464879561,0.982,0.018,0.003,0.928,No significant dominance,No significant dominance,No positive supply gap,Tidak Ada Dominasi Signifikan
3471020001,DIS,-0.7862575250936222,-0.5317810805206058,-0.2544764445730164,0.2773046359475893,-0.7293989982618209,-0.3542304366027829,-0.4320270884908392,-0.0568585268318015,-0.0777966518880562,0.6725404714300192,0.895,0.105,0.0,0.019,No significant dominance,No significant dominance,No positive supply gap,Tidak Ada Dominasi Signifikan
3471020001,FFAS,2.455873362644754,-0.4274053216966563,2.8832786843414104,-2.455873362644754,-0.718643157279264,-0.1605718454418657,2.61644520808662,3.174516519924018,-2.455873362644754,-2.4558733626447538,0.0,1.0,0.003,1.0,Residual-constrained,Residual,Positive residual component dominates with bootstrap support,Dominan Residual / Non-Terrain
3471020002,DIS,-0.7862575250936222,-0.5444493371229046,-0.2418081879707176,0.3026411491521869,-0.7467749712212092,-0.3626690257734153,-0.4235884993202069,-0.0394825538724132,-0.0609194735467915,0.7072924173487958,0.912,0.088,0.0,0.021,No significant dominance,No significant dominance,No positive supply gap,Tidak Ada Dominasi Signifikan
3471020002,FFAS,3.0096882415651165,-0.4375871060563792,3.4472753476214955,-3.009688241565116,-0.7357629012028107,-0.1643970385818149,3.174085280146932,3.7454511427679273,-3.009688241565117,-3.009688241565116,0.0,1.0,0.003,1.0,Residual-constrained,Residual,Positive residual component dominates with bootstrap support,Dominan Residual / Non-Terrain
3471020003,DIS,-1.0386462714580311,-0.5603799339893114,-0.4782663374687199,0.0821135965205914,-0.768625619583303,-0.3732807276372833,-0.6653655438207481,-0.2700206518747285,-0.2920848161834647,0.4986049677085743,0.616,0.384,0.0,0.001,No significant dominance,No significant dominance,No positive supply gap,Tidak Ada Dominasi Signifikan
3471020003,FFAS,3.0096882415651165,-0.4503909122238356,3.460079153788952,-3.0096882415651165,-0.7572913362088285,-0.1692072987274469,3.178895540292563,3.7669795777739448,-3.009688241565117,-3.009688241565116,0.0,1.0,0.003,1.0,Residual-constrained,Residual,Positive residual component dominates with bootstrap support,Dominan Residual / Non-Terrain
3471030001,DIS,-1.29103501782244,-0.4354180968800163,-0.8556169209424238,-0.4201988240624075,-0.5972260678744588,-0.2900410492444824,-1.000993968577958,-0.6938089499479815,-0.7109529193334755,-0.0965828820735228,0.017,0.983,0.0,0.0,No significant dominance,No significant dominance,No positive supply gap,Tidak Ada Dominasi Signifikan
3471030001,FFAS,-2.0543302941120207,-0.3499560600902914,-1.7043742340217294,-1.354418173931438,-0.5884192712761591,-0.131474943197232,-1.9228553509147888,-1.4659110228358618,-1.7913804077175566,-0.8774917515597027,0.0,1.0,0.003,0.0,No significant dominance,No significant dominance,No positive supply gap,Tidak Ada Dominasi Signifikan
3471030002,DIS,-0.7862575250936222,-0.51680422235454,-0.2694533027390822,0.2473509196154578,-0.7088565123713051,-0.3442540399210702,-0.442003485172552,-0.0774010127223172,-0.0977494452514819,0.6314554996489876,0.871,0.129,0.0,0.011,No significant dominance,No significant dominance,No positive supply gap,Tidak Ada Dominasi Signifikan
3471030002,FFAS,-6.256838636849583,-0.4153680583998765,-5.841470578449706,-5.426102520049829,-0.698403594359785,-0.1560495676799492,-6.100789069169634,-5.558435042489798,-5.944739501489685,-4.860031448130012,0.0,1.0,0.003,0.0,No significant dominance,No significant dominance,No positive supply gap,Tidak Ada Dominasi Signifikan
3471030003,DIS,-1.543423764186849,-0.4392342259208968,-1.104189538265952,-0.6649553123450553,-0.6024603283655072,-0.2925830521584639,-1.250840712028385,-0.9409634358213418,-0.9582576598699212,-0.3385031074558347,0.001,0.999,0.0,0.0,No significant dominance,No significant dominance,No positive supply gap,Tidak Ada Dominasi Signifikan
3471030003,FFAS,1.151945414658886,-0.35302317533771,1.504968589996596,-1.151945414658886,-0.5935763464768011,-0.1326272272949261,1.2845726419538122,1.7455217611356872,-1.1519454146588863,-1.151945414658886,0.0,1.0,0.003,1.0,Residual-constrained,Residual,Positive residual component dominates with bootstrap support,Dominan Residual / Non-Terrain
3471040001,DIS,-1.29103501782244,-0.4710487560808904,-0.8199862617415496,-0.3489375056606592,-0.6460976206252318,-0.3137753723099332,-0.977259645512507,-0.6449373971972084,-0.6634842732025739,0.0011602234280232,0.051,0.949,0.0,0.0,No significant dominance,No significant dominance,No positive supply gap,Tidak Ada Dominasi Signifikan
3471040001,FFAS,-0.1623819591099529,-0.3785932830300485,0.2162113239200956,0.1623819591099529,-0.636570155845031,-0.1422336574722744,-0.0201483016376785,0.474188196735078,0.1220853558345958,0.1623819591099529,0.984,0.016,0.003,0.933,No significant dominance,No significant dominance,No positive supply gap,Tidak Ada Dominasi Signifikan
3471040002,DIS,-3.814922481466528,-0.4638602184193208,-3.351062263047207,-2.887202044627886,-0.6362377133036266,-0.3089869378814265,-3.5059355435851014,-3.178684768162901,-3.196948605703675,-2.5424470548592746,0.0,1.0,0.0,0.0,No significant dominance,No significant dominance,No positive supply gap,Tidak Ada Dominasi Signifikan
3471040002,FFAS,-0.6006878783441855,-0.3728156813734348,-0.2278721969707506,0.1449434844026841,-0.6268556443842737,-0.1400630711151657,-0.4606248072290198,0.0261677660400881,-0.3205617361138542,0.6006878783441855,0.718,0.282,0.003,0.072,No significant dominance,No significant dominance,No positive supply gap,Tidak Ada Dominasi Signifikan
3471040003,DIS,-1.29103501782244,-0.4499736322675526,-0.8410613855548874,-0.3910877532873347,-0.6171906610496048,-0.2997367940616289,-0.9912982237608112,-0.6738443567728355,-0.6915614296991826,-0.0566536957232308,0.022,0.978,0.0,0.0,No significant dominance,No significant dominance,No positive supply gap,Tidak Ada Dominasi Signifikan
3471040003,FFAS,1.0027451680081974,-0.3616546960753976,1.364399864083595,-1.0027451680081974,-0.6080894631839809,-0.1358700021118571,1.1386151701200544,1.6108346311921782,-1.0027451680081976,-1.0027451680081971,0.0,1.0,0.003,1.0,Residual-constrained,Residual,Positive residual component dominates with bootstrap support,Dominan Residual / Non-Terrain
3471040004,DIS,-1.29103501782244,-0.4738024826556337,-0.8172325351668064,-0.3434300525111727,-0.649874673774882,-0.3156096868476016,-0.9754253309748384,-0.6411603440475583,-0.6598156441272368,0.0087143297273234,0.055,0.945,0.0,0.0,No significant dominance,No significant dominance,No positive supply gap,Tidak Ada Dominasi Signifikan
3471040004,FFAS,-1.2694974958193994,-0.3808065197089287,-0.8886909761104707,-0.5078844564015419,-0.6402915119301702,-0.1430651480501565,-1.1264323477692428,-0.6292059838892292,-0.9833671997190864,0.0110855280409409,0.055,0.945,0.003,0.0,No significant dominance,No significant dominance,No positive supply gap,Tidak Ada Dominasi Signifikan
3471040005,DIS,-1.29103501782244,-0.5255527146677182,-0.7654823031547219,-0.2399295884870036,-0.7208560771607978,-0.3500815925836796,-0.9409534252387604,-0.5701789406616425,-0.5908718326550807,0.1506771364991551,0.141,0.859,0.0,0.0,No significant dominance,No significant dominance,No positive supply gap,Tidak Ada Dominasi Signifikan
3471040005,FFAS,0.2748193550591429,-0.4223994333555521,0.697218788414695,-0.2748193550591429,-0.7102262115375546,-0.1586911839521674,0.4335105390113103,0.9850455665966976,-0.274819355059143,-0.2748193550591429,0.002,0.998,0.003,1.0,Residual-constrained,Residual,Positive residual component dominates with bootstrap support,Dominan Residual / Non-Terrain
3471040006,DIS,-1.29103501782244,-0.3677891204574404,-0.9232458973649996,-0.5554567769075593,-0.5044651377416919,-0.2449919816437403,-1.0460430361787,-0.7865698800807484,-0.8010510545349594,-0.2821047423390567,0.001,0.999,0.0,0.0,No significant dominance,No significant dominance,No positive supply gap,Tidak Ada Dominasi Signifikan
3471040006,FFAS,-1.386625281701943,-0.2956010153496829,-1.0910242663522605,-0.7954232510025776,-0.4970262095066333,-0.1110543040521042,-1.2755709776498392,-0.88959907219531,-1.1645166735977353,-0.3925728626886767,0.002,0.998,0.003,0.0,No significant dominance,No significant dominance,No positive supply gap,Tidak Ada Dominasi Signifikan
3471040007,DIS,0.8279571742113946,-0.4345781777058259,1.2625353519172204,-0.8279571742113945,-0.5960740219918268,-0.289481561615676,1.1174387358270708,1.4240311962032213,-0.8279571742113947,-0.8279571742113945,0.0,1.0,0.0,1.0,Residual-constrained,Residual,Positive residual component dominates with bootstrap support,Dominan Residual / Non-Terrain
3471040007,FFAS,0.448930289087835,-0.349280996726825,0.7982112858146602,-0.4489302890878351,-0.5872842136569436,-0.1312213287367669,0.580151617824602,1.0362145027447789,-0.4489302890878351,-0.448930289087835,0.0,1.0,0.003,1.0,Residual-constrained,Residual,Positive residual component dominates with bootstrap support,Dominan Residual / Non-Terrain
3471050001,DIS,-2.300590003280075,-0.4358438631209091,-1.8647461401591656,-1.428902277038257,-0.5978100553102226,-0.2903246609917346,-2.0102653422883403,-1.7027799479698529,-1.7199406812966056,-1.10496989265963,0.0,1.0,0.0,0.0,No significant dominance,No significant dominance,No positive supply gap,Tidak Ada Dominasi Signifikan
3471050001,FFAS,1.060242537285623,-0.3502982587201829,1.4105407960058058,-1.060242537285623,-0.5889946471344325,-0.1316035037525644,1.1918460410381877,1.6492371844200555,-1.0602425372856232,-1.0602425372856228,0.0,1.0,0.003,1.0,Residual-constrained,Residual,Positive residual component dominates with bootstrap support,Dominan Residual / Non-Terrain
3471050002,DIS,-1.7958125105512577,-0.5053255752024043,-1.2904869353488535,-0.7851613601464492,-0.693112225782598,-0.3366078743441946,-1.459204636207063,-1.1027002847686598,-1.1225967618628685,-0.409588058986062,0.001,0.999,0.0,0.0,No significant dominance,No significant dominance,No positive supply gap,Tidak Ada Dominasi Signifikan
3471050002,FFAS,-1.2358062088548396,-0.4061423919397271,-0.8296638169151125,-0.4235214249753853,-0.6828914756837506,-0.1525835783397681,-1.0832226305150716,-0.552914733171089,-0.9306390521753036,0.1299767425126615,0.101,0.899,0.003,0.0,No significant dominance,No significant dominance,No positive supply gap,Tidak Ada Dominasi Signifikan
3471050003,DIS,-1.543423764186849,-0.3740823580916841,-1.1693414060951648,-0.7952590480034807,-0.5130970379622622,-0.2491840381054723,-1.2942397260813765,-1.0303267262245868,-1.045055687975904,-0.5172296882623245,0.0,1.0,0.0,0.0,No significant dominance,No significant dominance,No positive supply gap,Tidak Ada Dominasi Signifikan
3471050003,FFAS,-0.6233893555919153,-0.3006590427111382,-0.3227303128807771,-0.0220712701696389,-0.5055308222667452,-0.1129545536430551,-0.5104348019488603,-0.1178585333251701,-0.3974802483058052,0.3876722889415749,0.491,0.509,0.003,0.002,No significant dominance,No significant dominance,No positive supply gap,Tidak Ada Dominasi Signifikan
3471060001,DIS,-2.552978749644484,-0.4923516060851876,-2.0606271435592967,-1.568275537474109,-0.6753169328994565,-0.3279656437098074,-2.2250131059346767,-1.877661816745028,-1.8970474622248688,-1.2023448838455717,0.0,1.0,0.0,0.0,No significant dominance,No significant dominance,No positive supply gap,Tidak Ada Dominasi Signifikan
3471060001,FFAS,1.2907462355266042,-0.3957148990345679,1.6864611345611722,-1.2907462355266042,-0.6653585951989607,-0.1486660749908001,1.4394123105174044,1.9561048307255648,-1.2907462355266044,-1.290746235526604,0.0,1.0,0.003,1.0,Residual-constrained,Residual,Positive residual component dominates with bootstrap support,Dominan Residual / Non-Terrain
3471060002,DIS,-1.543423764186849,-0.4399513362994166,-1.1034724278874322,-0.6635210915880155,-0.6034439278407339,-0.2930607342945541,-1.2503630298922948,-0.9399798363461151,-0.9573022955977408,-0.3365359085053814,0.001,0.999,0.0,0.0,No significant dominance,No significant dominance,No positive supply gap,Tidak Ada Dominasi Signifikan
3471060002,FFAS,-6.705543981866788,-0.3535995343005433,-6.351944447566245,-5.998344913265702,-0.5945454416278221,-0.1328437595129428,-6.572700222353846,-6.110998540238967,-6.439856462840902,-5.516453098611144,0.0,1.0,0.003,0.0,No significant dominance,No significant dominance,No positive supply gap,Tidak Ada Dominasi Signifikan
3471060003,DIS,-2.300590003280075,-0.424562236874575,-1.8760277664055,-1.4514655295309251,-0.582336005585128,-0.2828097351374413,-2.0177802681426336,-1.7182539976949471,-1.734970533005192,-1.1359179921098193,0.0,1.0,0.0,0.0,No significant dominance,No significant dominance,No positive supply gap,Tidak Ada Dominasi Signifikan
3471060003,FFAS,-1.6404208411245131,-0.3412309427292578,-1.2991898983952552,-0.9579589556659972,-0.573748780363518,-0.1281970050779861,-1.512223836046527,-1.0666720607609952,-1.384026830968541,-0.4929232803974772,0.001,0.999,0.003,0.0,No significant dominance,No significant dominance,No positive supply gap,Tidak Ada Dominasi Signifikan
3471060004,DIS,-2.300590003280075,-0.3004887437827555,-2.0001012594973195,-1.699612515714564,-0.4121549200086707,-0.2001618011685971,-2.1004282021114777,-1.8884350832714043,-1.9002664009428805,-1.4762801632627336,0.0,1.0,0.0,0.0,No significant dominance,No significant dominance,No positive supply gap,Tidak Ada Dominasi Signifikan
3471060004,FFAS,-9.258625939822648,-0.2415100741774438,-9.017115865645204,-8.77560579146776,-0.4060772138555832,-0.0907328859395842,-9.167893053883065,-8.852548725967065,-9.07716016794348,-8.446471512111483,0.0,1.0,0.003,0.0,No significant dominance,No significant dominance,No positive supply gap,Tidak Ada Dominasi Signifikan
3471060005,DIS,-1.543423764186849,-0.2608538765176506,-1.2825698876691982,-1.0217160111515478,-0.3577911347248737,-0.1737601918404378,-1.3696635723464112,-1.1856326294619752,-1.1959033805059731,-0.8278414947371014,0.0,1.0,0.0,0.0,No significant dominance,No significant dominance,No positive supply gap,Tidak Ada Dominasi Signifikan
3471060005,FFAS,-13.5854238418329,-0.2096545723283327,-13.375769269504568,-13.166114697176235,-0.3525150861434525,-0.0787650969118686,-13.506658744921031,-13.232908755689447,-13.427893648009162,-12.880393669545995,0.0,1.0,0.003,0.0,No significant dominance,No significant dominance,No positive supply gap,Tidak Ada Dominasi Signifikan
3471070001,DIS,-1.4435415430682847,-0.2084302114243319,-1.2351113316439528,-1.0266811202196209,-0.2858860403073635,-0.1388396983243005,-1.3047018447439842,-1.1576555027609212,-1.1658621464196837,-0.8717694624535577,0.0,1.0,0.0,0.0,No significant dominance,No significant dominance,No positive supply gap,Tidak Ada Dominasi Signifikan
3471070001,FFAS,2.455873362644754,-0.1675204042195457,2.6233937668643,-2.455873362644754,-0.281670316408638,-0.0629357171967805,2.518809079841535,2.737543679053392,-2.455873362644754,-2.455873362644754,0.0,1.0,0.003,1.0,Residual-constrained,Residual,Positive residual component dominates with bootstrap support,Dominan Residual / Non-Terrain
3471070002,DIS,1.0803459205758037,-0.2978925122558785,1.378238432831682,-1.0803459205758037,-0.4085938894561999,-0.1984323973575642,1.2787783179333678,1.4889398100320033,-1.0803459205758037,-1.0803459205758037,0.0,1.0,0.0,1.0,Residual-constrained,Residual,Positive residual component dominates with bootstrap support,Dominan Residual / Non-Terrain
3471070002,FFAS,1.2332488662491787,-0.2394234200793748,1.4726722863285535,-1.2332488662491787,-0.4025686948618719,-0.0899489511537568,1.3231978174029355,1.6358175611110506,-1.2332488662491787,-1.2332488662491787,0.0,1.0,0.003,1.0,Residual-constrained,Residual,Positive residual component dominates with bootstrap support,Dominan Residual / Non-Terrain
3471070003,DIS,0.0707909351181681,-0.5301294269886527,0.6009203621068209,-0.0707909351181681,-0.727133565218391,-0.3531302358375217,0.4239211709556898,0.7979245003365589,-0.0707909351181682,-0.0707909351181681,0.0,1.0,0.0,1.0,Residual-constrained,Residual,Positive residual component dominates with bootstrap support,Dominan Residual / Non-Terrain
3471070003,FFAS,-1.6730075230239356,-0.4260778477886625,-1.2469296752352732,-0.8208518274466107,-0.7164111306946171,-0.1600731269553099,-1.512934396068626,-0.9565963923293186,-1.352861269113316,-0.2401852616347015,0.004,0.996,0.003,0.0,No significant dominance,No significant dominance,No positive supply gap,Tidak Ada Dominasi Signifikan
3471080001,DIS,-1.29103501782244,-0.4133419367922692,-0.8776930810301709,-0.4643511442379016,-0.5669460717570596,-0.2753356599163402,-1.0156993579060998,-0.7240889460653807,-0.7403636979897595,-0.1571428743083212,0.007,0.993,0.0,0.0,No significant dominance,No significant dominance,No positive supply gap,Tidak Ada Dominasi Signifikan
3471080001,FFAS,2.3983759933673285,-0.3322129160602457,2.730588909427574,-2.3983759933673285,-0.5585857891023865,-0.1248090239018533,2.523185017269182,2.956961782469715,-2.3983759933673285,-2.3983759933673285,0.0,1.0,0.003,1.0,Residual-constrained,Residual,Positive residual component dominates with bootstrap support,Dominan Residual / Non-Terrain
3471080002,DIS,-1.0386462714580311,-0.5094651623156649,-0.5291811091423665,-0.0197159468267016,-0.6987901462732516,-0.3393653394067915,-0.6992809320512399,-0.3398561251847798,-0.3599155926444484,0.3589340210884715,0.453,0.547,0.0,0.0,No significant dominance,No significant dominance,No positive supply gap,Tidak Ada Dominasi Signifikan
3471080002,FFAS,1.844561114446967,-0.409469478266496,2.2540305927134625,-1.8445611144469665,-0.6884856685986129,-0.1538335309358493,1.998394645382816,2.53304678304558,-1.844561114446967,-1.8445611144469665,0.0,1.0,0.003,1.0,Residual-constrained,Residual,Positive residual component dominates with bootstrap support,Dominan Residual / Non-Terrain
3471090001,DIS,-1.543423764186849,-0.3764046935398689,-1.16701907064698,-0.7906143771071112,-0.5162823884976284,-0.2507309940425719,-1.2926927701442772,-1.0271413756892207,-1.041961776101705,-0.5108589871915923,0.0,1.0,0.0,0.0,No significant dominance,No significant dominance,No positive supply gap,Tidak Ada Dominasi Signifikan
3471090001,FFAS,-3.99448117767368,-0.3025255599034144,-3.6919556177702657,-3.389430057866852,-0.508669201084418,-0.1136557852255796,-3.880825392448101,-3.4858119765892623,-3.767169607222521,-2.977142775504844,0.0,1.0,0.003,0.0,No significant dominance,No significant dominance,No positive supply gap,Tidak Ada Dominasi Signifikan
3471090002,DIS,-1.0386462714580311,-0.3199041987719848,-0.7187420726860465,-0.3988378739140617,-0.4387854526445391,-0.2130948394988502,-0.825551431959181,-0.5998608188134924,-0.6124565924603308,-0.1610753661689533,0.002,0.998,0.0,0.0,No significant dominance,No significant dominance,No positive supply gap,Tidak Ada Dominasi Signifikan
3471090002,FFAS,-5.517124993567048,-0.257114745139853,-5.260010248427195,-5.002895503287341,-0.432315048153512,-0.0965954025877169,-5.420529590979331,-5.084809945413536,-5.323934188391614,-4.652494897260024,0.0,1.0,0.003,0.0,No significant dominance,No significant dominance,No positive supply gap,Tidak Ada Dominasi Signifikan
3471100001,DIS,1.0803459205758037,-0.4106890160990765,1.49103493667488,-1.0803459205758037,-0.563307285483978,-0.2735684942727219,1.3539144148485254,1.6436532060597815,-1.0803459205758037,-1.0803459205758037,0.0,1.0,0.0,1.0,Residual-constrained,Residual,Positive residual component dominates with bootstrap support,Dominan Residual / Non-Terrain
3471100001,FFAS,-0.8903077720590072,-0.3300806995075249,-0.5602270725514823,-0.2301463730439573,-0.5550006609870703,-0.1240079717638197,-0.7662998002951876,-0.3353071110719369,-0.6422918285313679,0.2196935499151334,0.204,0.796,0.003,0.0,No significant dominance,No significant dominance,No positive supply gap,Tidak Ada Dominasi Signifikan
3471100002,DIS,1.0803459205758037,-0.4742806805359454,1.5546266011117489,-1.0803459205758037,-0.6505305772427692,-0.3159282244002342,1.3962741449760376,1.7308764978185724,-1.0803459205758037,-1.0803459205758037,0.0,1.0,0.0,1.0,Residual-constrained,Residual,Positive residual component dominates with bootstrap support,Dominan Residual / Non-Terrain
3471100002,FFAS,0.3914329198104094,-0.3811908589160874,0.7726237787264969,-0.3914329198104094,-0.6409377433345952,-0.1432095403930599,0.5346424602034693,1.0323706631450047,-0.3914329198104095,-0.3914329198104094,0.0,1.0,0.003,1.0,Residual-constrained,Residual,Positive residual component dominates with bootstrap support,Dominan Residual / Non-Terrain
3471110001,DIS,-1.0386462714580311,-0.5353681335491862,-0.5032781379088451,0.032089995640341,-0.7343190546188412,-0.3566198472211289,-0.6820264242369024,-0.3043272168391903,-0.3254065770157736,0.4299918377796506,0.538,0.462,0.0,0.001,No significant dominance,No significant dominance,No positive supply gap,Tidak Ada Dominasi Signifikan
3471110001,FFAS,-0.773694207307741,-0.4302883230101337,-0.3434058842976072,0.0868824387125264,-0.7234906616531757,-0.1616549598015062,-0.6120392475062348,-0.0502035456545654,-0.4503842877047287,0.6732871159986101,0.622,0.378,0.003,0.021,No significant dominance,No significant dominance,No positive supply gap,Tidak Ada Dominasi Signifikan
3471110002,DIS,-1.29103501782244,-0.4816594211791017,-0.8093755966433385,-0.3277161754642367,-0.6606513698596918,-0.3208433569902186,-0.9701916608322216,-0.6303836479627486,-0.6493483038420029,0.030267721896943,0.059,0.941,0.0,0.0,No significant dominance,No significant dominance,No positive supply gap,Tidak Ada Dominasi Signifikan
3471110002,FFAS,0.8286342339795051,-0.3871213313112636,1.2157555652907688,-0.8286342339795052,-0.6509092930319845,-0.1454375587365267,0.9740717927160316,1.4795435270114896,-0.8286342339795052,-0.828634233979505,0.0,1.0,0.003,1.0,Residual-constrained,Residual,Positive residual component dominates with bootstrap support,Dominan Residual / Non-Terrain
3471110003,DIS,-2.0482012569156662,-0.4392157316818873,-1.6089855252337788,-1.1697697935518914,-0.602434961386686,-0.2925707327612553,-1.755630524154411,-1.4457662955289805,-1.4630597913931556,-0.8433313341422946,0.0,1.0,0.0,0.0,No significant dominance,No significant dominance,No positive supply gap,Tidak Ada Dominasi Signifikan
3471110003,FFAS,-1.6995370365983542,-0.3530083110703207,-1.3465287255280334,-0.9935204144577126,-0.5935513535637396,-0.1326216429403927,-1.5669153936579616,-1.1059856830346146,-1.4342937507175688,-0.5124343294708751,0.001,0.999,0.003,0.0,No significant dominance,No significant dominance,No positive supply gap,Tidak Ada Dominasi Signifikan
3471120001,DIS,0.323179681482577,-0.3705103236077061,0.693690005090283,-0.3231796814825769,-0.5081975812688809,-0.2468046316520103,0.5699843131345873,0.8313772627514577,-0.323179681482577,-0.3231796814825769,0.0,1.0,0.0,1.0,Residual-constrained,Residual,Positive residual component dominates with bootstrap support,Dominan Residual / Non-Terrain
3471120001,FFAS,0.448930289087835,-0.297788112165355,0.74671840125319,-0.448930289087835,-0.5007036137903486,-0.111875974148439,0.5608062632362739,0.9496339028781836,-0.4489302890878351,-0.448930289087835,0.0,1.0,0.003,1.0,Residual-constrained,Residual,Positive residual component dominates with bootstrap support,Dominan Residual / Non-Terrain
3471120002,DIS,1.0803459205758037,-0.4334374248961169,1.5137833454719205,-1.0803459205758037,-0.5945093481304484,-0.2887216824461435,1.369067603021947,1.6748552687062517,-1.0803459205758037,-1.0803459205758037,0.0,1.0,0.0,1.0,Residual-constrained,Residual,Positive residual component dominates with bootstrap support,Dominan Residual / Non-Terrain
3471120002,FFAS,-0.1872926464879561,-0.3483641460913478,0.1610714996033917,0.1872926464879561,-0.585742612740939,-0.1308768772499471,-0.056415769238009,0.3984499662529828,0.074461108011938,0.1872926464879561,0.978,0.022,0.003,0.896,No significant dominance,No significant dominance,No positive supply gap,Tidak Ada Dominasi Signifikan
3471130001,DIS,-2.805367496008893,-0.4161505802148686,-2.389216915794024,-1.973066335579156,-0.5707984496884314,-0.2772065557084112,-2.5281609403004817,-2.2345690463204613,-2.2509543845920703,-1.6637705966320298,0.0,1.0,0.0,0.0,No significant dominance,No significant dominance,No positive supply gap,Tidak Ada Dominasi Signifikan
3471130001,FFAS,0.3323167243365688,-0.3344702907385478,0.6667870150751165,-0.3323167243365687,-0.5623813592172775,-0.1256570966785558,0.4579738210151245,0.8946980835538463,-0.3323167243365688,-0.3323167243365687,0.0,1.0,0.003,1.0,Residual-constrained,Residual,Positive residual component dominates with bootstrap support,Dominan Residual / Non-Terrain
3471130002,DIS,-1.0386462714580311,-0.2607228108085174,-0.7779234606495139,-0.5172006498409965,-0.3576113630096887,-0.1736728862459544,-0.8649733852120769,-0.6810349084483428,-0.6913004989661224,-0.3234235454386541,0.0,1.0,0.0,0.0,No significant dominance,No significant dominance,No positive supply gap,Tidak Ada Dominasi Signifikan
3471130002,FFAS,-8.0006913302661,-0.2095492316465608,-7.79114209861954,-7.581592866972979,-0.3523379653723821,-0.0787255214858887,-7.921965808780212,-7.648353364893719,-7.843240287294323,-7.296015399521337,0.0,1.0,0.003,0.0,No significant dominance,No significant dominance,No positive supply gap,Tidak Ada Dominasi Signifikan
3471130003,DIS,-2.552978749644484,-0.2912563132842526,-2.261722436360232,-1.9704661230759792,-0.3994915782618427,-0.1940118872168111,-2.358966862427673,-2.1534871713826416,-2.1649549752108617,-1.753995593120799,0.0,1.0,0.0,0.0,No significant dominance,No significant dominance,No positive supply gap,Tidak Ada Dominasi Signifikan
3471130003,FFAS,-1.352419773606106,-0.2340897463925749,-1.1183300272135313,-0.8842402808209563,-0.3936006078877476,-0.0879451440334467,-1.2644746295726592,-0.9588191657183583,-1.1765294855392123,-0.5652185578306108,0.0,1.0,0.003,0.0,No significant dominance,No significant dominance,No positive supply gap,Tidak Ada Dominasi Signifikan
3471140001,DIS,0.323179681482577,-0.4156475981337297,0.7388272796163067,-0.323179681482577,-0.5701085518346619,-0.2768715088841977,0.6000511903667747,0.8932882333172387,-0.323179681482577,-0.3231796814825769,0.0,1.0,0.0,1.0,Residual-constrained,Residual,Positive residual component dominates with bootstrap support,Dominan Residual / Non-Terrain
3471140001,FFAS,2.3983759933673285,-0.3340660318694913,2.73244202523682,-2.3983759933673285,-0.5617016347139335,-0.1255052207206642,2.5238812140879925,2.960077628081262,-2.3983759933673285,-2.3983759933673285,0.0,1.0,0.003,1.0,Residual-constrained,Residual,Positive residual component dominates with bootstrap support,Dominan Residual / Non-Terrain
3471140002,DIS,1.0803459205758037,-0.4138453937760334,1.4941913143518368,-1.0803459205758037,-0.5676366209944752,-0.2756710230830684,1.356016943658872,1.6479825415702785,-1.0803459205758037,-1.0803459205758037,0.0,1.0,0.0,1.0,Residual-constrained,Residual,Positive residual component dominates with bootstrap support,Dominan Residual / Non-Terrain
3471140002,FFAS,1.902058483724392,-0.332617556620033,2.234676040344425,-1.902058483724392,-0.5592661553839632,-0.1249610432570821,2.0270195269814746,2.461324639108355,-1.9020584837243923,-1.902058483724392,0.0,1.0,0.003,1.0,Residual-constrained,Residual,Positive residual component dominates with bootstrap support,Dominan Residual / Non-Terrain
3471140003,DIS,-0.1815978112462405,-0.4687269860994739,0.2871291748532333,0.1815978112462405,-0.6429130456926643,-0.3122287930420072,0.1306309817957667,0.4613152344464236,0.1815978112462405,0.1815978112462405,1.0,0.0,0.0,1.0,No significant dominance,No significant dominance,No positive supply gap,Tidak Ada Dominasi Signifikan
3471140003,FFAS,0.3665222324324063,-0.3767272203170962,0.7432494527495025,-0.3665222324324063,-0.6334325411929865,-0.1415325966330234,0.5080548290654298,0.9999547736253928,-0.3665222324324063,-0.3665222324324062,0.0,1.0,0.003,1.0,Residual-constrained,Residual,Positive residual component dominates with bootstrap support,Dominan Residual / Non-Terrain
3471140004,DIS,0.5755684278469858,-0.4552838841370596,1.0308523119840454,-0.5755684278469857,-0.6244742830813335,-0.3032740632633926,0.8788424911103784,1.2000427109283192,-0.5755684278469859,-0.5755684278469857,0.0,1.0,0.0,1.0,Residual-constrained,Residual,Positive residual component dominates with bootstrap support,Dominan Residual / Non-Terrain
3471140004,FFAS,3.0096882415651165,-0.3659226739928424,3.375610915557959,-3.0096882415651165,-0.6152656796934411,-0.1374734381378494,3.1471616797029656,3.6249539212585575,-3.009688241565117,-3.009688241565116,0.0,1.0,0.003,1.0,Residual-constrained,Residual,Positive residual component dominates with bootstrap support,Dominan Residual / Non-Terrain
